step,layer,ratio,lr,loss
1,token_emb.weight,4.84654774e-05,6.00000000e-05,5.654383
1,pos_emb.weight,6.06691464e-05,6.00000000e-05,5.654383
1,blocks.0.ln1.weight,6.01246500e-05,6.00000000e-05,5.654383
1,blocks.0.ln1.bias,9.99999998e-01,6.00000000e-05,5.654383
1,blocks.0.attn.in_proj_weight,6.82112640e-04,6.00000000e-05,5.654383
1,blocks.0.attn.in_proj_bias,9.99999999e-01,6.00000000e-05,5.654383
1,blocks.0.attn.out_proj.weight,8.25678529e-04,6.00000000e-05,5.654383
1,blocks.0.attn.out_proj.bias,9.99999998e-01,6.00000000e-05,5.654383
1,blocks.0.ln2.weight,6.05050476e-05,6.00000000e-05,5.654383
1,blocks.0.ln2.bias,9.99999998e-01,6.00000000e-05,5.654383
1,blocks.0.mlp.0.weight,8.32027709e-04,6.00000000e-05,5.654383
1,blocks.0.mlp.0.bias,8.15396593e-04,6.00000000e-05,5.654383
1,blocks.0.mlp.2.weight,1.66449126e-03,6.00000000e-05,5.654383
1,blocks.0.mlp.2.bias,1.78925026e-03,6.00000000e-05,5.654383
1,blocks.1.ln1.weight,5.99414609e-05,6.00000000e-05,5.654383
1,blocks.1.ln1.bias,9.99999998e-01,6.00000000e-05,5.654383
1,blocks.1.attn.in_proj_weight,6.81488606e-04,6.00000000e-05,5.654383
1,blocks.1.attn.in_proj_bias,9.99999999e-01,6.00000000e-05,5.654383
1,blocks.1.attn.out_proj.weight,8.41052354e-04,6.00000000e-05,5.654383
1,blocks.1.attn.out_proj.bias,9.99999998e-01,6.00000000e-05,5.654383
1,blocks.1.ln2.weight,5.93753667e-05,6.00000000e-05,5.654383
1,blocks.1.ln2.bias,9.99999998e-01,6.00000000e-05,5.654383
1,blocks.1.mlp.0.weight,8.35406387e-04,6.00000000e-05,5.654383
1,blocks.1.mlp.0.bias,8.86637077e-04,6.00000000e-05,5.654383
1,blocks.1.mlp.2.weight,1.67537680e-03,6.00000000e-05,5.654383
1,blocks.1.mlp.2.bias,1.66043769e-03,6.00000000e-05,5.654383
1,ln_f.weight,6.41365285e-05,6.00000000e-05,5.654383
1,ln_f.bias,9.99999998e-01,6.00000000e-05,5.654383
1,lm_head.weight,8.32248618e-04,6.00000000e-05,5.654383
2,token_emb.weight,7.98511393e-05,1.20000000e-04,5.682112
2,pos_emb.weight,8.53560161e-05,1.20000000e-04,5.682112
2,blocks.0.ln1.weight,8.70682846e-05,1.20000000e-04,5.682112
2,blocks.0.ln1.bias,5.96574239e-01,1.20000000e-04,5.682112
2,blocks.0.attn.in_proj_weight,9.52702442e-04,1.20000000e-04,5.682112
2,blocks.0.attn.in_proj_bias,6.50944560e-01,1.20000000e-04,5.682112
2,blocks.0.attn.out_proj.weight,1.15411274e-03,1.20000000e-04,5.682112
2,blocks.0.attn.out_proj.bias,6.45276662e-01,1.20000000e-04,5.682112
2,blocks.0.ln2.weight,8.00166175e-05,1.20000000e-04,5.682112
2,blocks.0.ln2.bias,6.37947510e-01,1.20000000e-04,5.682112
2,blocks.0.mlp.0.weight,1.17477442e-03,1.20000000e-04,5.682112
2,blocks.0.mlp.0.bias,1.15854336e-03,1.20000000e-04,5.682112
2,blocks.0.mlp.2.weight,2.35719320e-03,1.20000000e-04,5.682112
2,blocks.0.mlp.2.bias,2.40977527e-03,1.20000000e-04,5.682112
2,blocks.1.ln1.weight,8.81036287e-05,1.20000000e-04,5.682112
2,blocks.1.ln1.bias,6.50676725e-01,1.20000000e-04,5.682112
2,blocks.1.attn.in_proj_weight,9.59353408e-04,1.20000000e-04,5.682112
2,blocks.1.attn.in_proj_bias,6.49103184e-01,1.20000000e-04,5.682112
2,blocks.1.attn.out_proj.weight,1.19496833e-03,1.20000000e-04,5.682112
2,blocks.1.attn.out_proj.bias,6.35722292e-01,1.20000000e-04,5.682112
2,blocks.1.ln2.weight,8.45888993e-05,1.20000000e-04,5.682112
2,blocks.1.ln2.bias,6.55715137e-01,1.20000000e-04,5.682112
2,blocks.1.mlp.0.weight,1.17964928e-03,1.20000000e-04,5.682112
2,blocks.1.mlp.0.bias,1.24217016e-03,1.20000000e-04,5.682112
2,blocks.1.mlp.2.weight,2.36867154e-03,1.20000000e-04,5.682112
2,blocks.1.mlp.2.bias,2.26241973e-03,1.20000000e-04,5.682112
2,ln_f.weight,1.06742967e-04,1.20000000e-04,5.682112
2,ln_f.bias,6.32978573e-01,1.20000000e-04,5.682112
2,lm_head.weight,1.22566958e-03,1.20000000e-04,5.682112
3,token_emb.weight,1.03736007e-04,1.80000000e-04,5.750477
3,pos_emb.weight,1.04702517e-04,1.80000000e-04,5.750477
3,blocks.0.ln1.weight,1.02469741e-04,1.80000000e-04,5.750477
3,blocks.0.ln1.bias,4.47960074e-01,1.80000000e-04,5.750477
3,blocks.0.attn.in_proj_weight,1.18449171e-03,1.80000000e-04,5.750477
3,blocks.0.attn.in_proj_bias,4.76138651e-01,1.80000000e-04,5.750477
3,blocks.0.attn.out_proj.weight,1.44903588e-03,1.80000000e-04,5.750477
3,blocks.0.attn.out_proj.bias,4.75603886e-01,1.80000000e-04,5.750477
3,blocks.0.ln2.weight,1.05580084e-04,1.80000000e-04,5.750477
3,blocks.0.ln2.bias,4.77759726e-01,1.80000000e-04,5.750477
3,blocks.0.mlp.0.weight,1.44438553e-03,1.80000000e-04,5.750477
3,blocks.0.mlp.0.bias,1.48003695e-03,1.80000000e-04,5.750477
3,blocks.0.mlp.2.weight,2.90721702e-03,1.80000000e-04,5.750477
3,blocks.0.mlp.2.bias,3.07062477e-03,1.80000000e-04,5.750477
3,blocks.1.ln1.weight,1.11733951e-04,1.80000000e-04,5.750477
3,blocks.1.ln1.bias,4.87095848e-01,1.80000000e-04,5.750477
3,blocks.1.attn.in_proj_weight,1.18849788e-03,1.80000000e-04,5.750477
3,blocks.1.attn.in_proj_bias,4.71464832e-01,1.80000000e-04,5.750477
3,blocks.1.attn.out_proj.weight,1.47312713e-03,1.80000000e-04,5.750477
3,blocks.1.attn.out_proj.bias,4.84903572e-01,1.80000000e-04,5.750477
3,blocks.1.ln2.weight,1.01926684e-04,1.80000000e-04,5.750477
3,blocks.1.ln2.bias,4.60845420e-01,1.80000000e-04,5.750477
3,blocks.1.mlp.0.weight,1.45130644e-03,1.80000000e-04,5.750477
3,blocks.1.mlp.0.bias,1.55650030e-03,1.80000000e-04,5.750477
3,blocks.1.mlp.2.weight,2.94500322e-03,1.80000000e-04,5.750477
3,blocks.1.mlp.2.bias,2.97670793e-03,1.80000000e-04,5.750477
3,ln_f.weight,1.61260294e-04,1.80000000e-04,5.750477
3,ln_f.bias,4.88061874e-01,1.80000000e-04,5.750477
3,lm_head.weight,1.51093454e-03,1.80000000e-04,5.750477
4,token_emb.weight,1.21832476e-04,2.40000000e-04,5.686982
4,pos_emb.weight,1.21838701e-04,2.40000000e-04,5.686982
4,blocks.0.ln1.weight,1.24565529e-04,2.40000000e-04,5.686982
4,blocks.0.ln1.bias,3.85578020e-01,2.40000000e-04,5.686982
4,blocks.0.attn.in_proj_weight,1.35979630e-03,2.40000000e-04,5.686982
4,blocks.0.attn.in_proj_bias,3.74995597e-01,2.40000000e-04,5.686982
4,blocks.0.attn.out_proj.weight,1.65827587e-03,2.40000000e-04,5.686982
4,blocks.0.attn.out_proj.bias,3.78221576e-01,2.40000000e-04,5.686982
4,blocks.0.ln2.weight,1.24419300e-04,2.40000000e-04,5.686982
4,blocks.0.ln2.bias,3.90551838e-01,2.40000000e-04,5.686982
4,blocks.0.mlp.0.weight,1.66931923e-03,2.40000000e-04,5.686982
4,blocks.0.mlp.0.bias,1.56434029e-03,2.40000000e-04,5.686982
4,blocks.0.mlp.2.weight,3.30234280e-03,2.40000000e-04,5.686982
4,blocks.0.mlp.2.bias,3.40668108e-03,2.40000000e-04,5.686982
4,blocks.1.ln1.weight,1.25667130e-04,2.40000000e-04,5.686982
4,blocks.1.ln1.bias,3.52645091e-01,2.40000000e-04,5.686982
4,blocks.1.attn.in_proj_weight,1.35207482e-03,2.40000000e-04,5.686982
4,blocks.1.attn.in_proj_bias,3.77851739e-01,2.40000000e-04,5.686982
4,blocks.1.attn.out_proj.weight,1.67887205e-03,2.40000000e-04,5.686982
4,blocks.1.attn.out_proj.bias,3.85088416e-01,2.40000000e-04,5.686982
4,blocks.1.ln2.weight,1.15170932e-04,2.40000000e-04,5.686982
4,blocks.1.ln2.bias,3.41698746e-01,2.40000000e-04,5.686982
4,blocks.1.mlp.0.weight,1.66311040e-03,2.40000000e-04,5.686982
4,blocks.1.mlp.0.bias,1.71748166e-03,2.40000000e-04,5.686982
4,blocks.1.mlp.2.weight,3.36344770e-03,2.40000000e-04,5.686982
4,blocks.1.mlp.2.bias,3.32090350e-03,2.40000000e-04,5.686982
4,ln_f.weight,2.10824134e-04,2.40000000e-04,5.686982
4,ln_f.bias,3.71151502e-01,2.40000000e-04,5.686982
4,lm_head.weight,1.75839046e-03,2.40000000e-04,5.686982
5,token_emb.weight,1.37208269e-04,3.00000000e-04,5.699092
5,pos_emb.weight,1.37155544e-04,3.00000000e-04,5.699092
5,blocks.0.ln1.weight,1.35432562e-04,3.00000000e-04,5.699092
5,blocks.0.ln1.bias,3.14828835e-01,3.00000000e-04,5.699092
5,blocks.0.attn.in_proj_weight,1.53333449e-03,3.00000000e-04,5.699092
5,blocks.0.attn.in_proj_bias,3.10496330e-01,3.00000000e-04,5.699092
5,blocks.0.attn.out_proj.weight,1.87968192e-03,3.00000000e-04,5.699092
5,blocks.0.attn.out_proj.bias,3.25521150e-01,3.00000000e-04,5.699092
5,blocks.0.ln2.weight,1.50175625e-04,3.00000000e-04,5.699092
5,blocks.0.ln2.bias,3.23777230e-01,3.00000000e-04,5.699092
5,blocks.0.mlp.0.weight,1.87335853e-03,3.00000000e-04,5.699092
5,blocks.0.mlp.0.bias,1.87918362e-03,3.00000000e-04,5.699092
5,blocks.0.mlp.2.weight,3.71903285e-03,3.00000000e-04,5.699092
5,blocks.0.mlp.2.bias,4.03268692e-03,3.00000000e-04,5.699092
5,blocks.1.ln1.weight,1.37807289e-04,3.00000000e-04,5.699092
5,blocks.1.ln1.bias,3.11857126e-01,3.00000000e-04,5.699092
5,blocks.1.attn.in_proj_weight,1.52594946e-03,3.00000000e-04,5.699092
5,blocks.1.attn.in_proj_bias,3.29695987e-01,3.00000000e-04,5.699092
5,blocks.1.attn.out_proj.weight,1.85887221e-03,3.00000000e-04,5.699092
5,blocks.1.attn.out_proj.bias,3.26894413e-01,3.00000000e-04,5.699092
5,blocks.1.ln2.weight,1.23382018e-04,3.00000000e-04,5.699092
5,blocks.1.ln2.bias,2.97129295e-01,3.00000000e-04,5.699092
5,blocks.1.mlp.0.weight,1.86739746e-03,3.00000000e-04,5.699092
5,blocks.1.mlp.0.bias,1.93974620e-03,3.00000000e-04,5.699092
5,blocks.1.mlp.2.weight,3.77657686e-03,3.00000000e-04,5.699092
5,blocks.1.mlp.2.bias,3.91491772e-03,3.00000000e-04,5.699092
5,ln_f.weight,2.66033486e-04,3.00000000e-04,5.699092
5,ln_f.bias,3.13600154e-01,3.00000000e-04,5.699092
5,lm_head.weight,1.98096210e-03,3.00000000e-04,5.699092
6,token_emb.weight,1.52880123e-04,3.60000000e-04,5.708424
6,pos_emb.weight,1.52977706e-04,3.60000000e-04,5.708424
6,blocks.0.ln1.weight,1.45407714e-04,3.60000000e-04,5.708424
6,blocks.0.ln1.bias,2.57313650e-01,3.60000000e-04,5.708424
6,blocks.0.attn.in_proj_weight,1.68285917e-03,3.60000000e-04,5.708424
6,blocks.0.attn.in_proj_bias,2.71060531e-01,3.60000000e-04,5.708424
6,blocks.0.attn.out_proj.weight,2.03268863e-03,3.60000000e-04,5.708424
6,blocks.0.attn.out_proj.bias,2.61698108e-01,3.60000000e-04,5.708424
6,blocks.0.ln2.weight,1.67372749e-04,3.60000000e-04,5.708424
6,blocks.0.ln2.bias,2.77277140e-01,3.60000000e-04,5.708424
6,blocks.0.mlp.0.weight,2.04997920e-03,3.60000000e-04,5.708424
6,blocks.0.mlp.0.bias,2.12741367e-03,3.60000000e-04,5.708424
6,blocks.0.mlp.2.weight,4.11228600e-03,3.60000000e-04,5.708424
6,blocks.0.mlp.2.bias,4.14115699e-03,3.60000000e-04,5.708424
6,blocks.1.ln1.weight,1.65505375e-04,3.60000000e-04,5.708424
6,blocks.1.ln1.bias,2.71232516e-01,3.60000000e-04,5.708424
6,blocks.1.attn.in_proj_weight,1.69785924e-03,3.60000000e-04,5.708424
6,blocks.1.attn.in_proj_bias,2.82026998e-01,3.60000000e-04,5.708424
6,blocks.1.attn.out_proj.weight,2.02873385e-03,3.60000000e-04,5.708424
6,blocks.1.attn.out_proj.bias,2.55668236e-01,3.60000000e-04,5.708424
6,blocks.1.ln2.weight,1.43600365e-04,3.60000000e-04,5.708424
6,blocks.1.ln2.bias,2.85276273e-01,3.60000000e-04,5.708424
6,blocks.1.mlp.0.weight,2.05841898e-03,3.60000000e-04,5.708424
6,blocks.1.mlp.0.bias,2.15341826e-03,3.60000000e-04,5.708424
6,blocks.1.mlp.2.weight,4.15594804e-03,3.60000000e-04,5.708424
6,blocks.1.mlp.2.bias,3.78431744e-03,3.60000000e-04,5.708424
6,ln_f.weight,3.17793390e-04,3.60000000e-04,5.708424
6,ln_f.bias,2.57821572e-01,3.60000000e-04,5.708424
6,lm_head.weight,2.16163233e-03,3.60000000e-04,5.708424
7,token_emb.weight,1.66776762e-04,4.20000000e-04,5.762003
7,pos_emb.weight,1.67993622e-04,4.20000000e-04,5.762003
7,blocks.0.ln1.weight,1.63761972e-04,4.20000000e-04,5.762003
7,blocks.0.ln1.bias,2.52031868e-01,4.20000000e-04,5.762003
7,blocks.0.attn.in_proj_weight,1.86357612e-03,4.20000000e-04,5.762003
7,blocks.0.attn.in_proj_bias,2.45394214e-01,4.20000000e-04,5.762003
7,blocks.0.attn.out_proj.weight,2.23344526e-03,4.20000000e-04,5.762003
7,blocks.0.attn.out_proj.bias,2.29965607e-01,4.20000000e-04,5.762003
7,blocks.0.ln2.weight,1.83285656e-04,4.20000000e-04,5.762003
7,blocks.0.ln2.bias,2.50186945e-01,4.20000000e-04,5.762003
7,blocks.0.mlp.0.weight,2.22845515e-03,4.20000000e-04,5.762003
7,blocks.0.mlp.0.bias,2.26356899e-03,4.20000000e-04,5.762003
7,blocks.0.mlp.2.weight,4.51078324e-03,4.20000000e-04,5.762003
7,blocks.0.mlp.2.bias,4.57540961e-03,4.20000000e-04,5.762003
7,blocks.1.ln1.weight,1.83066329e-04,4.20000000e-04,5.762003
7,blocks.1.ln1.bias,2.44940874e-01,4.20000000e-04,5.762003
7,blocks.1.attn.in_proj_weight,1.84718390e-03,4.20000000e-04,5.762003
7,blocks.1.attn.in_proj_bias,2.62624273e-01,4.20000000e-04,5.762003
7,blocks.1.attn.out_proj.weight,2.24186534e-03,4.20000000e-04,5.762003
7,blocks.1.attn.out_proj.bias,2.27518151e-01,4.20000000e-04,5.762003
7,blocks.1.ln2.weight,1.58528532e-04,4.20000000e-04,5.762003
7,blocks.1.ln2.bias,2.72390886e-01,4.20000000e-04,5.762003
7,blocks.1.mlp.0.weight,2.24789417e-03,4.20000000e-04,5.762003
7,blocks.1.mlp.0.bias,2.32240628e-03,4.20000000e-04,5.762003
7,blocks.1.mlp.2.weight,4.50759837e-03,4.20000000e-04,5.762003
7,blocks.1.mlp.2.bias,4.12252290e-03,4.20000000e-04,5.762003
7,ln_f.weight,3.72796395e-04,4.20000000e-04,5.762003
7,ln_f.bias,2.37720010e-01,4.20000000e-04,5.762003
7,lm_head.weight,2.34499908e-03,4.20000000e-04,5.762003
8,token_emb.weight,1.79641425e-04,4.80000000e-04,5.696046
8,pos_emb.weight,1.84315599e-04,4.80000000e-04,5.696046
8,blocks.0.ln1.weight,1.81652292e-04,4.80000000e-04,5.696046
8,blocks.0.ln1.bias,2.27909007e-01,4.80000000e-04,5.696046
8,blocks.0.attn.in_proj_weight,2.00674785e-03,4.80000000e-04,5.696046
8,blocks.0.attn.in_proj_bias,2.16771295e-01,4.80000000e-04,5.696046
8,blocks.0.attn.out_proj.weight,2.50637846e-03,4.80000000e-04,5.696046
8,blocks.0.attn.out_proj.bias,2.18479588e-01,4.80000000e-04,5.696046
8,blocks.0.ln2.weight,1.85110147e-04,4.80000000e-04,5.696046
8,blocks.0.ln2.bias,2.35083794e-01,4.80000000e-04,5.696046
8,blocks.0.mlp.0.weight,2.39896436e-03,4.80000000e-04,5.696046
8,blocks.0.mlp.0.bias,2.50873210e-03,4.80000000e-04,5.696046
8,blocks.0.mlp.2.weight,4.88390261e-03,4.80000000e-04,5.696046
8,blocks.0.mlp.2.bias,5.21437783e-03,4.80000000e-04,5.696046
8,blocks.1.ln1.weight,1.97630394e-04,4.80000000e-04,5.696046
8,blocks.1.ln1.bias,2.29603185e-01,4.80000000e-04,5.696046
8,blocks.1.attn.in_proj_weight,1.99017691e-03,4.80000000e-04,5.696046
8,blocks.1.attn.in_proj_bias,2.32542776e-01,4.80000000e-04,5.696046
8,blocks.1.attn.out_proj.weight,2.46361646e-03,4.80000000e-04,5.696046
8,blocks.1.attn.out_proj.bias,2.10551887e-01,4.80000000e-04,5.696046
8,blocks.1.ln2.weight,1.78462427e-04,4.80000000e-04,5.696046
8,blocks.1.ln2.bias,2.53784768e-01,4.80000000e-04,5.696046
8,blocks.1.mlp.0.weight,2.42011544e-03,4.80000000e-04,5.696046
8,blocks.1.mlp.0.bias,2.54838444e-03,4.80000000e-04,5.696046
8,blocks.1.mlp.2.weight,4.91044064e-03,4.80000000e-04,5.696046
8,blocks.1.mlp.2.bias,4.63228042e-03,4.80000000e-04,5.696046
8,ln_f.weight,4.21814465e-04,4.80000000e-04,5.696046
8,ln_f.bias,2.21589855e-01,4.80000000e-04,5.696046
8,lm_head.weight,2.52969329e-03,4.80000000e-04,5.696046
9,token_emb.weight,1.93559667e-04,5.40000000e-04,5.737478
9,pos_emb.weight,1.96360055e-04,5.40000000e-04,5.737478
9,blocks.0.ln1.weight,1.78509507e-04,5.40000000e-04,5.737478
9,blocks.0.ln1.bias,2.00808060e-01,5.40000000e-04,5.737478
9,blocks.0.attn.in_proj_weight,2.15512485e-03,5.40000000e-04,5.737478
9,blocks.0.attn.in_proj_bias,1.95015113e-01,5.40000000e-04,5.737478
9,blocks.0.attn.out_proj.weight,2.65942480e-03,5.40000000e-04,5.737478
9,blocks.0.attn.out_proj.bias,1.98203910e-01,5.40000000e-04,5.737478
9,blocks.0.ln2.weight,1.94858766e-04,5.40000000e-04,5.737478
9,blocks.0.ln2.bias,2.06261621e-01,5.40000000e-04,5.737478
9,blocks.0.mlp.0.weight,2.55749155e-03,5.40000000e-04,5.737478
9,blocks.0.mlp.0.bias,2.62142636e-03,5.40000000e-04,5.737478
9,blocks.0.mlp.2.weight,5.19298807e-03,5.40000000e-04,5.737478
9,blocks.0.mlp.2.bias,5.70984673e-03,5.40000000e-04,5.737478
9,blocks.1.ln1.weight,2.09352208e-04,5.40000000e-04,5.737478
9,blocks.1.ln1.bias,2.03905758e-01,5.40000000e-04,5.737478
9,blocks.1.attn.in_proj_weight,2.12320573e-03,5.40000000e-04,5.737478
9,blocks.1.attn.in_proj_bias,2.00109153e-01,5.40000000e-04,5.737478
9,blocks.1.attn.out_proj.weight,2.65301104e-03,5.40000000e-04,5.737478
9,blocks.1.attn.out_proj.bias,1.93000756e-01,5.40000000e-04,5.737478
9,blocks.1.ln2.weight,1.78253680e-04,5.40000000e-04,5.737478
9,blocks.1.ln2.bias,2.25822257e-01,5.40000000e-04,5.737478
9,blocks.1.mlp.0.weight,2.56719271e-03,5.40000000e-04,5.737478
9,blocks.1.mlp.0.bias,2.69384114e-03,5.40000000e-04,5.737478
9,blocks.1.mlp.2.weight,5.18414556e-03,5.40000000e-04,5.737478
9,blocks.1.mlp.2.bias,4.93021658e-03,5.40000000e-04,5.737478
9,ln_f.weight,4.75517934e-04,5.40000000e-04,5.737478
9,ln_f.bias,1.96129509e-01,5.40000000e-04,5.737478
9,lm_head.weight,2.68661814e-03,5.40000000e-04,5.737478
10,token_emb.weight,2.05975216e-04,6.00000000e-04,5.697300
10,pos_emb.weight,2.11259165e-04,6.00000000e-04,5.697300
10,blocks.0.ln1.weight,1.97795604e-04,6.00000000e-04,5.697300
10,blocks.0.ln1.bias,1.73188009e-01,6.00000000e-04,5.697300
10,blocks.0.attn.in_proj_weight,2.31662904e-03,6.00000000e-04,5.697300
10,blocks.0.attn.in_proj_bias,1.76932797e-01,6.00000000e-04,5.697300
10,blocks.0.attn.out_proj.weight,2.82840011e-03,6.00000000e-04,5.697300
10,blocks.0.attn.out_proj.bias,1.77837724e-01,6.00000000e-04,5.697300
10,blocks.0.ln2.weight,1.95055665e-04,6.00000000e-04,5.697300
10,blocks.0.ln2.bias,1.85669857e-01,6.00000000e-04,5.697300
10,blocks.0.mlp.0.weight,2.75070823e-03,6.00000000e-04,5.697300
10,blocks.0.mlp.0.bias,2.72803967e-03,6.00000000e-04,5.697300
10,blocks.0.mlp.2.weight,5.57911026e-03,6.00000000e-04,5.697300
10,blocks.0.mlp.2.bias,5.82176550e-03,6.00000000e-04,5.697300
10,blocks.1.ln1.weight,2.30575417e-04,6.00000000e-04,5.697300
10,blocks.1.ln1.bias,1.63207452e-01,6.00000000e-04,5.697300
10,blocks.1.attn.in_proj_weight,2.25683309e-03,6.00000000e-04,5.697300
10,blocks.1.attn.in_proj_bias,1.75160333e-01,6.00000000e-04,5.697300
10,blocks.1.attn.out_proj.weight,2.82407275e-03,6.00000000e-04,5.697300
10,blocks.1.attn.out_proj.bias,1.75620361e-01,6.00000000e-04,5.697300
10,blocks.1.ln2.weight,1.92801547e-04,6.00000000e-04,5.697300
10,blocks.1.ln2.bias,2.01269155e-01,6.00000000e-04,5.697300
10,blocks.1.mlp.0.weight,2.76044733e-03,6.00000000e-04,5.697300
10,blocks.1.mlp.0.bias,2.75988662e-03,6.00000000e-04,5.697300
10,blocks.1.mlp.2.weight,5.55789335e-03,6.00000000e-04,5.697300
10,blocks.1.mlp.2.bias,5.12897358e-03,6.00000000e-04,5.697300
10,ln_f.weight,5.25925050e-04,6.00000000e-04,5.697300
10,ln_f.bias,1.77803607e-01,6.00000000e-04,5.697300
10,lm_head.weight,2.84481063e-03,6.00000000e-04,5.697300
11,token_emb.weight,2.19518772e-04,6.60000000e-04,5.669858
11,pos_emb.weight,2.24381154e-04,6.60000000e-04,5.669858
11,blocks.0.ln1.weight,1.98291694e-04,6.60000000e-04,5.669858
11,blocks.0.ln1.bias,1.63347625e-01,6.60000000e-04,5.669858
11,blocks.0.attn.in_proj_weight,2.44575579e-03,6.60000000e-04,5.669858
11,blocks.0.attn.in_proj_bias,1.54766150e-01,6.60000000e-04,5.669858
11,blocks.0.attn.out_proj.weight,3.01334184e-03,6.60000000e-04,5.669858
11,blocks.0.attn.out_proj.bias,1.67804257e-01,6.60000000e-04,5.669858
11,blocks.0.ln2.weight,2.06123947e-04,6.60000000e-04,5.669858
11,blocks.0.ln2.bias,1.77680134e-01,6.60000000e-04,5.669858
11,blocks.0.mlp.0.weight,2.93050147e-03,6.60000000e-04,5.669858
11,blocks.0.mlp.0.bias,2.84355182e-03,6.60000000e-04,5.669858
11,blocks.0.mlp.2.weight,5.91675921e-03,6.60000000e-04,5.669858
11,blocks.0.mlp.2.bias,6.23807740e-03,6.60000000e-04,5.669858
11,blocks.1.ln1.weight,2.40651786e-04,6.60000000e-04,5.669858
11,blocks.1.ln1.bias,1.51640618e-01,6.60000000e-04,5.669858
11,blocks.1.attn.in_proj_weight,2.39742772e-03,6.60000000e-04,5.669858
11,blocks.1.attn.in_proj_bias,1.59842652e-01,6.60000000e-04,5.669858
11,blocks.1.attn.out_proj.weight,3.03324084e-03,6.60000000e-04,5.669858
11,blocks.1.attn.out_proj.bias,1.67914229e-01,6.60000000e-04,5.669858
11,blocks.1.ln2.weight,2.04457798e-04,6.60000000e-04,5.669858
11,blocks.1.ln2.bias,1.94845572e-01,6.60000000e-04,5.669858
11,blocks.1.mlp.0.weight,2.94634403e-03,6.60000000e-04,5.669858
11,blocks.1.mlp.0.bias,2.99908513e-03,6.60000000e-04,5.669858
11,blocks.1.mlp.2.weight,5.94823835e-03,6.60000000e-04,5.669858
11,blocks.1.mlp.2.bias,5.52625492e-03,6.60000000e-04,5.669858
11,ln_f.weight,5.74804496e-04,6.60000000e-04,5.669858
11,ln_f.bias,1.66136383e-01,6.60000000e-04,5.669858
11,lm_head.weight,3.01236514e-03,6.60000000e-04,5.669858
12,token_emb.weight,2.32304526e-04,7.20000000e-04,5.735443
12,pos_emb.weight,2.37112731e-04,7.20000000e-04,5.735443
12,blocks.0.ln1.weight,2.06704458e-04,7.20000000e-04,5.735443
12,blocks.0.ln1.bias,1.44672660e-01,7.20000000e-04,5.735443
12,blocks.0.attn.in_proj_weight,2.57391292e-03,7.20000000e-04,5.735443
12,blocks.0.attn.in_proj_bias,1.37966171e-01,7.20000000e-04,5.735443
12,blocks.0.attn.out_proj.weight,3.11816977e-03,7.20000000e-04,5.735443
12,blocks.0.attn.out_proj.bias,1.49561060e-01,7.20000000e-04,5.735443
12,blocks.0.ln2.weight,2.38474064e-04,7.20000000e-04,5.735443
12,blocks.0.ln2.bias,1.57040581e-01,7.20000000e-04,5.735443
12,blocks.0.mlp.0.weight,3.10654420e-03,7.20000000e-04,5.735443
12,blocks.0.mlp.0.bias,2.92354087e-03,7.20000000e-04,5.735443
12,blocks.0.mlp.2.weight,6.25080417e-03,7.20000000e-04,5.735443
12,blocks.0.mlp.2.bias,6.33431404e-03,7.20000000e-04,5.735443
12,blocks.1.ln1.weight,2.53530942e-04,7.20000000e-04,5.735443
12,blocks.1.ln1.bias,1.43944973e-01,7.20000000e-04,5.735443
12,blocks.1.attn.in_proj_weight,2.56735597e-03,7.20000000e-04,5.735443
12,blocks.1.attn.in_proj_bias,1.45498351e-01,7.20000000e-04,5.735443
12,blocks.1.attn.out_proj.weight,3.17476960e-03,7.20000000e-04,5.735443
12,blocks.1.attn.out_proj.bias,1.53841812e-01,7.20000000e-04,5.735443
12,blocks.1.ln2.weight,2.21559892e-04,7.20000000e-04,5.735443
12,blocks.1.ln2.bias,1.68273406e-01,7.20000000e-04,5.735443
12,blocks.1.mlp.0.weight,3.11934354e-03,7.20000000e-04,5.735443
12,blocks.1.mlp.0.bias,3.13714053e-03,7.20000000e-04,5.735443
12,blocks.1.mlp.2.weight,6.23376865e-03,7.20000000e-04,5.735443
12,blocks.1.mlp.2.bias,5.82660963e-03,7.20000000e-04,5.735443
12,ln_f.weight,6.37007828e-04,7.20000000e-04,5.735443
12,ln_f.bias,1.58688850e-01,7.20000000e-04,5.735443
12,lm_head.weight,3.17575499e-03,7.20000000e-04,5.735443
13,token_emb.weight,2.44424832e-04,7.80000000e-04,5.762244
13,pos_emb.weight,2.48721909e-04,7.80000000e-04,5.762244
13,blocks.0.ln1.weight,2.15804540e-04,7.80000000e-04,5.762244
13,blocks.0.ln1.bias,1.20953731e-01,7.80000000e-04,5.762244
13,blocks.0.attn.in_proj_weight,2.67846033e-03,7.80000000e-04,5.762244
13,blocks.0.attn.in_proj_bias,1.24028050e-01,7.80000000e-04,5.762244
13,blocks.0.attn.out_proj.weight,3.26358595e-03,7.80000000e-04,5.762244
13,blocks.0.attn.out_proj.bias,1.34411433e-01,7.80000000e-04,5.762244
13,blocks.0.ln2.weight,2.36616907e-04,7.80000000e-04,5.762244
13,blocks.0.ln2.bias,1.36088327e-01,7.80000000e-04,5.762244
13,blocks.0.mlp.0.weight,3.25604093e-03,7.80000000e-04,5.762244
13,blocks.0.mlp.0.bias,3.01241629e-03,7.80000000e-04,5.762244
13,blocks.0.mlp.2.weight,6.49879174e-03,7.80000000e-04,5.762244
13,blocks.0.mlp.2.bias,6.18319601e-03,7.80000000e-04,5.762244
13,blocks.1.ln1.weight,2.78226599e-04,7.80000000e-04,5.762244
13,blocks.1.ln1.bias,1.37932962e-01,7.80000000e-04,5.762244
13,blocks.1.attn.in_proj_weight,2.68114794e-03,7.80000000e-04,5.762244
13,blocks.1.attn.in_proj_bias,1.37496242e-01,7.80000000e-04,5.762244
13,blocks.1.attn.out_proj.weight,3.31440980e-03,7.80000000e-04,5.762244
13,blocks.1.attn.out_proj.bias,1.37051363e-01,7.80000000e-04,5.762244
13,blocks.1.ln2.weight,2.20386527e-04,7.80000000e-04,5.762244
13,blocks.1.ln2.bias,1.50474790e-01,7.80000000e-04,5.762244
13,blocks.1.mlp.0.weight,3.27270594e-03,7.80000000e-04,5.762244
13,blocks.1.mlp.0.bias,3.16677085e-03,7.80000000e-04,5.762244
13,blocks.1.mlp.2.weight,6.56243843e-03,7.80000000e-04,5.762244
13,blocks.1.mlp.2.bias,5.85599002e-03,7.80000000e-04,5.762244
13,ln_f.weight,6.94843063e-04,7.80000000e-04,5.762244
13,ln_f.bias,1.46101455e-01,7.80000000e-04,5.762244
13,lm_head.weight,3.34563113e-03,7.80000000e-04,5.762244
14,token_emb.weight,2.55362284e-04,8.40000000e-04,5.733827
14,pos_emb.weight,2.60536321e-04,8.40000000e-04,5.733827
14,blocks.0.ln1.weight,2.35652476e-04,8.40000000e-04,5.733827
14,blocks.0.ln1.bias,1.13755084e-01,8.40000000e-04,5.733827
14,blocks.0.attn.in_proj_weight,2.80200696e-03,8.40000000e-04,5.733827
14,blocks.0.attn.in_proj_bias,1.24796333e-01,8.40000000e-04,5.733827
14,blocks.0.attn.out_proj.weight,3.48393848e-03,8.40000000e-04,5.733827
14,blocks.0.attn.out_proj.bias,1.33553228e-01,8.40000000e-04,5.733827
14,blocks.0.ln2.weight,2.48883349e-04,8.40000000e-04,5.733827
14,blocks.0.ln2.bias,1.38289318e-01,8.40000000e-04,5.733827
14,blocks.0.mlp.0.weight,3.41797147e-03,8.40000000e-04,5.733827
14,blocks.0.mlp.0.bias,3.27275057e-03,8.40000000e-04,5.733827
14,blocks.0.mlp.2.weight,6.84938141e-03,8.40000000e-04,5.733827
14,blocks.0.mlp.2.bias,6.91528379e-03,8.40000000e-04,5.733827
14,blocks.1.ln1.weight,3.00825383e-04,8.40000000e-04,5.733827
14,blocks.1.ln1.bias,1.31242965e-01,8.40000000e-04,5.733827
14,blocks.1.attn.in_proj_weight,2.81783338e-03,8.40000000e-04,5.733827
14,blocks.1.attn.in_proj_bias,1.34168842e-01,8.40000000e-04,5.733827
14,blocks.1.attn.out_proj.weight,3.56729140e-03,8.40000000e-04,5.733827
14,blocks.1.attn.out_proj.bias,1.37987747e-01,8.40000000e-04,5.733827
14,blocks.1.ln2.weight,2.23635387e-04,8.40000000e-04,5.733827
14,blocks.1.ln2.bias,1.53839883e-01,8.40000000e-04,5.733827
14,blocks.1.mlp.0.weight,3.42501095e-03,8.40000000e-04,5.733827
14,blocks.1.mlp.0.bias,3.53940348e-03,8.40000000e-04,5.733827
14,blocks.1.mlp.2.weight,6.89518740e-03,8.40000000e-04,5.733827
14,blocks.1.mlp.2.bias,6.65788968e-03,8.40000000e-04,5.733827
14,ln_f.weight,7.44104087e-04,8.40000000e-04,5.733827
14,ln_f.bias,1.40456834e-01,8.40000000e-04,5.733827
14,lm_head.weight,3.49548029e-03,8.40000000e-04,5.733827
15,token_emb.weight,2.67366576e-04,9.00000000e-04,5.709465
15,pos_emb.weight,2.71144759e-04,9.00000000e-04,5.709465
15,blocks.0.ln1.weight,2.57807415e-04,9.00000000e-04,5.709465
15,blocks.0.ln1.bias,1.05744703e-01,9.00000000e-04,5.709465
15,blocks.0.attn.in_proj_weight,2.92329228e-03,9.00000000e-04,5.709465
15,blocks.0.attn.in_proj_bias,1.17588914e-01,9.00000000e-04,5.709465
15,blocks.0.attn.out_proj.weight,3.69899373e-03,9.00000000e-04,5.709465
15,blocks.0.attn.out_proj.bias,1.31348129e-01,9.00000000e-04,5.709465
15,blocks.0.ln2.weight,2.50010891e-04,9.00000000e-04,5.709465
15,blocks.0.ln2.bias,1.25246365e-01,9.00000000e-04,5.709465
15,blocks.0.mlp.0.weight,3.58365633e-03,9.00000000e-04,5.709465
15,blocks.0.mlp.0.bias,3.44405860e-03,9.00000000e-04,5.709465
15,blocks.0.mlp.2.weight,7.21129499e-03,9.00000000e-04,5.709465
15,blocks.0.mlp.2.bias,7.61906189e-03,9.00000000e-04,5.709465
15,blocks.1.ln1.weight,2.95134851e-04,9.00000000e-04,5.709465
15,blocks.1.ln1.bias,1.15614324e-01,9.00000000e-04,5.709465
15,blocks.1.attn.in_proj_weight,2.94615022e-03,9.00000000e-04,5.709465
15,blocks.1.attn.in_proj_bias,1.27612162e-01,9.00000000e-04,5.709465
15,blocks.1.attn.out_proj.weight,3.72011689e-03,9.00000000e-04,5.709465
15,blocks.1.attn.out_proj.bias,1.33711335e-01,9.00000000e-04,5.709465
15,blocks.1.ln2.weight,2.41065043e-04,9.00000000e-04,5.709465
15,blocks.1.ln2.bias,1.40414810e-01,9.00000000e-04,5.709465
15,blocks.1.mlp.0.weight,3.58166837e-03,9.00000000e-04,5.709465
15,blocks.1.mlp.0.bias,3.78879935e-03,9.00000000e-04,5.709465
15,blocks.1.mlp.2.weight,7.18271931e-03,9.00000000e-04,5.709465
15,blocks.1.mlp.2.bias,7.17559706e-03,9.00000000e-04,5.709465
15,ln_f.weight,7.90608204e-04,9.00000000e-04,5.709465
15,ln_f.bias,1.35007278e-01,9.00000000e-04,5.709465
15,lm_head.weight,3.66762687e-03,9.00000000e-04,5.709465
16,token_emb.weight,2.79632880e-04,9.60000000e-04,5.673611
16,pos_emb.weight,2.86162209e-04,9.60000000e-04,5.673611
16,blocks.0.ln1.weight,2.67326811e-04,9.60000000e-04,5.673611
16,blocks.0.ln1.bias,1.03587267e-01,9.60000000e-04,5.673611
16,blocks.0.attn.in_proj_weight,3.09072136e-03,9.60000000e-04,5.673611
16,blocks.0.attn.in_proj_bias,1.10198276e-01,9.60000000e-04,5.673611
16,blocks.0.attn.out_proj.weight,3.83697133e-03,9.60000000e-04,5.673611
16,blocks.0.attn.out_proj.bias,1.20515546e-01,9.60000000e-04,5.673611
16,blocks.0.ln2.weight,2.75280212e-04,9.60000000e-04,5.673611
16,blocks.0.ln2.bias,1.22995446e-01,9.60000000e-04,5.673611
16,blocks.0.mlp.0.weight,3.77062390e-03,9.60000000e-04,5.673611
16,blocks.0.mlp.0.bias,3.41394021e-03,9.60000000e-04,5.673611
16,blocks.0.mlp.2.weight,7.54561416e-03,9.60000000e-04,5.673611
16,blocks.0.mlp.2.bias,7.62402184e-03,9.60000000e-04,5.673611
16,blocks.1.ln1.weight,3.18821012e-04,9.60000000e-04,5.673611
16,blocks.1.ln1.bias,1.00959010e-01,9.60000000e-04,5.673611
16,blocks.1.attn.in_proj_weight,3.08712957e-03,9.60000000e-04,5.673611
16,blocks.1.attn.in_proj_bias,1.18072576e-01,9.60000000e-04,5.673611
16,blocks.1.attn.out_proj.weight,3.85643982e-03,9.60000000e-04,5.673611
16,blocks.1.attn.out_proj.bias,1.19172472e-01,9.60000000e-04,5.673611
16,blocks.1.ln2.weight,2.67063027e-04,9.60000000e-04,5.673611
16,blocks.1.ln2.bias,1.27919694e-01,9.60000000e-04,5.673611
16,blocks.1.mlp.0.weight,3.75248871e-03,9.60000000e-04,5.673611
16,blocks.1.mlp.0.bias,3.84070433e-03,9.60000000e-04,5.673611
16,blocks.1.mlp.2.weight,7.54644465e-03,9.60000000e-04,5.673611
16,blocks.1.mlp.2.bias,7.05210727e-03,9.60000000e-04,5.673611
16,ln_f.weight,8.37331682e-04,9.60000000e-04,5.673611
16,ln_f.bias,1.22081780e-01,9.60000000e-04,5.673611
16,lm_head.weight,3.83728345e-03,9.60000000e-04,5.673611
17,token_emb.weight,2.90728599e-04,1.02000000e-03,5.716177
17,pos_emb.weight,2.98293279e-04,1.02000000e-03,5.716177
17,blocks.0.ln1.weight,2.71747305e-04,1.02000000e-03,5.716177
17,blocks.0.ln1.bias,9.65504112e-02,1.02000000e-03,5.716177
17,blocks.0.attn.in_proj_weight,3.21526902e-03,1.02000000e-03,5.716177
17,blocks.0.attn.in_proj_bias,1.03700539e-01,1.02000000e-03,5.716177
17,blocks.0.attn.out_proj.weight,4.03755506e-03,1.02000000e-03,5.716177
17,blocks.0.attn.out_proj.bias,1.12299292e-01,1.02000000e-03,5.716177
17,blocks.0.ln2.weight,2.90083703e-04,1.02000000e-03,5.716177
17,blocks.0.ln2.bias,1.13904820e-01,1.02000000e-03,5.716177
17,blocks.0.mlp.0.weight,3.94259359e-03,1.02000000e-03,5.716177
17,blocks.0.mlp.0.bias,3.79207936e-03,1.02000000e-03,5.716177
17,blocks.0.mlp.2.weight,7.89003145e-03,1.02000000e-03,5.716177
17,blocks.0.mlp.2.bias,7.78056713e-03,1.02000000e-03,5.716177
17,blocks.1.ln1.weight,3.31984332e-04,1.02000000e-03,5.716177
17,blocks.1.ln1.bias,1.09588104e-01,1.02000000e-03,5.716177
17,blocks.1.attn.in_proj_weight,3.19979903e-03,1.02000000e-03,5.716177
17,blocks.1.attn.in_proj_bias,1.17092670e-01,1.02000000e-03,5.716177
17,blocks.1.attn.out_proj.weight,3.99597420e-03,1.02000000e-03,5.716177
17,blocks.1.attn.out_proj.bias,1.11785915e-01,1.02000000e-03,5.716177
17,blocks.1.ln2.weight,2.83418458e-04,1.02000000e-03,5.716177
17,blocks.1.ln2.bias,1.22578984e-01,1.02000000e-03,5.716177
17,blocks.1.mlp.0.weight,3.91259526e-03,1.02000000e-03,5.716177
17,blocks.1.mlp.0.bias,3.88207798e-03,1.02000000e-03,5.716177
17,blocks.1.mlp.2.weight,7.85023936e-03,1.02000000e-03,5.716177
17,blocks.1.mlp.2.bias,7.08159588e-03,1.02000000e-03,5.716177
17,ln_f.weight,8.90613850e-04,1.02000000e-03,5.716177
17,ln_f.bias,1.11352402e-01,1.02000000e-03,5.716177
17,lm_head.weight,4.00038903e-03,1.02000000e-03,5.716177
18,token_emb.weight,3.02292430e-04,1.08000000e-03,5.723472
18,pos_emb.weight,3.08910853e-04,1.08000000e-03,5.723472
18,blocks.0.ln1.weight,2.78143978e-04,1.08000000e-03,5.723472
18,blocks.0.ln1.bias,9.08889686e-02,1.08000000e-03,5.723472
18,blocks.0.attn.in_proj_weight,3.35386504e-03,1.08000000e-03,5.723472
18,blocks.0.attn.in_proj_bias,9.69151000e-02,1.08000000e-03,5.723472
18,blocks.0.attn.out_proj.weight,4.22194665e-03,1.08000000e-03,5.723472
18,blocks.0.attn.out_proj.bias,1.12337601e-01,1.08000000e-03,5.723472
18,blocks.0.ln2.weight,3.10411466e-04,1.08000000e-03,5.723472
18,blocks.0.ln2.bias,1.05882115e-01,1.08000000e-03,5.723472
18,blocks.0.mlp.0.weight,4.12431169e-03,1.08000000e-03,5.723472
18,blocks.0.mlp.0.bias,3.93439096e-03,1.08000000e-03,5.723472
18,blocks.0.mlp.2.weight,8.26046119e-03,1.08000000e-03,5.723472
18,blocks.0.mlp.2.bias,8.39174440e-03,1.08000000e-03,5.723472
18,blocks.1.ln1.weight,3.65956429e-04,1.08000000e-03,5.723472
18,blocks.1.ln1.bias,1.14520686e-01,1.08000000e-03,5.723472
18,blocks.1.attn.in_proj_weight,3.36063948e-03,1.08000000e-03,5.723472
18,blocks.1.attn.in_proj_bias,1.20307278e-01,1.08000000e-03,5.723472
18,blocks.1.attn.out_proj.weight,4.23292458e-03,1.08000000e-03,5.723472
18,blocks.1.attn.out_proj.bias,1.11920165e-01,1.08000000e-03,5.723472
18,blocks.1.ln2.weight,3.03739039e-04,1.08000000e-03,5.723472
18,blocks.1.ln2.bias,1.19886638e-01,1.08000000e-03,5.723472
18,blocks.1.mlp.0.weight,4.12196121e-03,1.08000000e-03,5.723472
18,blocks.1.mlp.0.bias,4.23230051e-03,1.08000000e-03,5.723472
18,blocks.1.mlp.2.weight,8.29615668e-03,1.08000000e-03,5.723472
18,blocks.1.mlp.2.bias,7.66182513e-03,1.08000000e-03,5.723472
18,ln_f.weight,9.44499096e-04,1.08000000e-03,5.723472
18,ln_f.bias,1.11732886e-01,1.08000000e-03,5.723472
18,lm_head.weight,4.19230165e-03,1.08000000e-03,5.723472
19,token_emb.weight,3.15593043e-04,1.14000000e-03,5.667372
19,pos_emb.weight,3.22838071e-04,1.14000000e-03,5.667372
19,blocks.0.ln1.weight,2.91232222e-04,1.14000000e-03,5.667372
19,blocks.0.ln1.bias,1.00706230e-01,1.14000000e-03,5.667372
19,blocks.0.attn.in_proj_weight,3.54908782e-03,1.14000000e-03,5.667372
19,blocks.0.attn.in_proj_bias,9.84569540e-02,1.14000000e-03,5.667372
19,blocks.0.attn.out_proj.weight,4.36462519e-03,1.14000000e-03,5.667372
19,blocks.0.attn.out_proj.bias,1.09421037e-01,1.14000000e-03,5.667372
19,blocks.0.ln2.weight,3.06926557e-04,1.14000000e-03,5.667372
19,blocks.0.ln2.bias,1.05237106e-01,1.14000000e-03,5.667372
19,blocks.0.mlp.0.weight,4.28070318e-03,1.14000000e-03,5.667372
19,blocks.0.mlp.0.bias,4.20518028e-03,1.14000000e-03,5.667372
19,blocks.0.mlp.2.weight,8.58389737e-03,1.14000000e-03,5.667372
19,blocks.0.mlp.2.bias,8.87631706e-03,1.14000000e-03,5.667372
19,blocks.1.ln1.weight,3.72018163e-04,1.14000000e-03,5.667372
19,blocks.1.ln1.bias,1.13153555e-01,1.14000000e-03,5.667372
19,blocks.1.attn.in_proj_weight,3.49421065e-03,1.14000000e-03,5.667372
19,blocks.1.attn.in_proj_bias,1.13364102e-01,1.14000000e-03,5.667372
19,blocks.1.attn.out_proj.weight,4.42554801e-03,1.14000000e-03,5.667372
19,blocks.1.attn.out_proj.bias,1.09999786e-01,1.14000000e-03,5.667372
19,blocks.1.ln2.weight,3.02420311e-04,1.14000000e-03,5.667372
19,blocks.1.ln2.bias,1.13605975e-01,1.14000000e-03,5.667372
19,blocks.1.mlp.0.weight,4.31649335e-03,1.14000000e-03,5.667372
19,blocks.1.mlp.0.bias,4.41348994e-03,1.14000000e-03,5.667372
19,blocks.1.mlp.2.weight,8.65031683e-03,1.14000000e-03,5.667372
19,blocks.1.mlp.2.bias,8.12019231e-03,1.14000000e-03,5.667372
19,ln_f.weight,9.85400862e-04,1.14000000e-03,5.667372
19,ln_f.bias,1.09751045e-01,1.14000000e-03,5.667372
19,lm_head.weight,4.36202513e-03,1.14000000e-03,5.667372
20,token_emb.weight,3.27612358e-04,1.20000000e-03,5.705509
20,pos_emb.weight,3.33286791e-04,1.20000000e-03,5.705509
20,blocks.0.ln1.weight,3.22883615e-04,1.20000000e-03,5.705509
20,blocks.0.ln1.bias,9.97788776e-02,1.20000000e-03,5.705509
20,blocks.0.attn.in_proj_weight,3.66292886e-03,1.20000000e-03,5.705509
20,blocks.0.attn.in_proj_bias,9.12569070e-02,1.20000000e-03,5.705509
20,blocks.0.attn.out_proj.weight,4.47746964e-03,1.20000000e-03,5.705509
20,blocks.0.attn.out_proj.bias,1.09325007e-01,1.20000000e-03,5.705509
20,blocks.0.ln2.weight,3.31584151e-04,1.20000000e-03,5.705509
20,blocks.0.ln2.bias,1.02642980e-01,1.20000000e-03,5.705509
20,blocks.0.mlp.0.weight,4.46063007e-03,1.20000000e-03,5.705509
20,blocks.0.mlp.0.bias,4.42045171e-03,1.20000000e-03,5.705509
20,blocks.0.mlp.2.weight,8.89708860e-03,1.20000000e-03,5.705509
20,blocks.0.mlp.2.bias,9.53822863e-03,1.20000000e-03,5.705509
20,blocks.1.ln1.weight,3.80611348e-04,1.20000000e-03,5.705509
20,blocks.1.ln1.bias,1.12467275e-01,1.20000000e-03,5.705509
20,blocks.1.attn.in_proj_weight,3.66872523e-03,1.20000000e-03,5.705509
20,blocks.1.attn.in_proj_bias,1.12244017e-01,1.20000000e-03,5.705509
20,blocks.1.attn.out_proj.weight,4.58316888e-03,1.20000000e-03,5.705509
20,blocks.1.attn.out_proj.bias,1.08372405e-01,1.20000000e-03,5.705509
20,blocks.1.ln2.weight,3.28069022e-04,1.20000000e-03,5.705509
20,blocks.1.ln2.bias,1.02997701e-01,1.20000000e-03,5.705509
20,blocks.1.mlp.0.weight,4.44632590e-03,1.20000000e-03,5.705509
20,blocks.1.mlp.0.bias,4.53186622e-03,1.20000000e-03,5.705509
20,blocks.1.mlp.2.weight,8.88623959e-03,1.20000000e-03,5.705509
20,blocks.1.mlp.2.bias,8.66365610e-03,1.20000000e-03,5.705509
20,ln_f.weight,1.03861251e-03,1.20000000e-03,5.705509
20,ln_f.bias,1.10522683e-01,1.20000000e-03,5.705509
20,lm_head.weight,4.52185636e-03,1.20000000e-03,5.705509
21,token_emb.weight,3.40884369e-04,1.26000000e-03,5.769009
21,pos_emb.weight,3.46545940e-04,1.26000000e-03,5.769009
21,blocks.0.ln1.weight,3.45641167e-04,1.26000000e-03,5.769009
21,blocks.0.ln1.bias,9.44820660e-02,1.26000000e-03,5.769009
21,blocks.0.attn.in_proj_weight,3.77173191e-03,1.26000000e-03,5.769009
21,blocks.0.attn.in_proj_bias,8.66153693e-02,1.26000000e-03,5.769009
21,blocks.0.attn.out_proj.weight,4.65127689e-03,1.26000000e-03,5.769009
21,blocks.0.attn.out_proj.bias,1.04926452e-01,1.26000000e-03,5.769009
21,blocks.0.ln2.weight,3.33357730e-04,1.26000000e-03,5.769009
21,blocks.0.ln2.bias,1.00866079e-01,1.26000000e-03,5.769009
21,blocks.0.mlp.0.weight,4.64939174e-03,1.26000000e-03,5.769009
21,blocks.0.mlp.0.bias,4.52678552e-03,1.26000000e-03,5.769009
21,blocks.0.mlp.2.weight,9.27183495e-03,1.26000000e-03,5.769009
21,blocks.0.mlp.2.bias,9.80973411e-03,1.26000000e-03,5.769009
21,blocks.1.ln1.weight,3.89447434e-04,1.26000000e-03,5.769009
21,blocks.1.ln1.bias,1.05027913e-01,1.26000000e-03,5.769009
21,blocks.1.attn.in_proj_weight,3.76713636e-03,1.26000000e-03,5.769009
21,blocks.1.attn.in_proj_bias,1.02527898e-01,1.26000000e-03,5.769009
21,blocks.1.attn.out_proj.weight,4.73524942e-03,1.26000000e-03,5.769009
21,blocks.1.attn.out_proj.bias,1.02311984e-01,1.26000000e-03,5.769009
21,blocks.1.ln2.weight,3.42732996e-04,1.26000000e-03,5.769009
21,blocks.1.ln2.bias,1.01603784e-01,1.26000000e-03,5.769009
21,blocks.1.mlp.0.weight,4.61511487e-03,1.26000000e-03,5.769009
21,blocks.1.mlp.0.bias,4.64311126e-03,1.26000000e-03,5.769009
21,blocks.1.mlp.2.weight,9.24787029e-03,1.26000000e-03,5.769009
21,blocks.1.mlp.2.bias,8.87653004e-03,1.26000000e-03,5.769009
21,ln_f.weight,1.10949199e-03,1.26000000e-03,5.769009
21,ln_f.bias,1.04722479e-01,1.26000000e-03,5.769009
21,lm_head.weight,4.68286402e-03,1.26000000e-03,5.769009
22,token_emb.weight,3.53860915e-04,1.32000000e-03,5.760153
22,pos_emb.weight,3.62232400e-04,1.32000000e-03,5.760153
22,blocks.0.ln1.weight,3.70165264e-04,1.32000000e-03,5.760153
22,blocks.0.ln1.bias,9.26211913e-02,1.32000000e-03,5.760153
22,blocks.0.attn.in_proj_weight,3.86942901e-03,1.32000000e-03,5.760153
22,blocks.0.attn.in_proj_bias,8.32589278e-02,1.32000000e-03,5.760153
22,blocks.0.attn.out_proj.weight,4.69589950e-03,1.32000000e-03,5.760153
22,blocks.0.attn.out_proj.bias,9.11744180e-02,1.32000000e-03,5.760153
22,blocks.0.ln2.weight,3.50310685e-04,1.32000000e-03,5.760153
22,blocks.0.ln2.bias,9.13985737e-02,1.32000000e-03,5.760153
22,blocks.0.mlp.0.weight,4.82366455e-03,1.32000000e-03,5.760153
22,blocks.0.mlp.0.bias,4.44076621e-03,1.32000000e-03,5.760153
22,blocks.0.mlp.2.weight,9.54903127e-03,1.32000000e-03,5.760153
22,blocks.0.mlp.2.bias,9.08410941e-03,1.32000000e-03,5.760153
22,blocks.1.ln1.weight,3.87441760e-04,1.32000000e-03,5.760153
22,blocks.1.ln1.bias,9.29905300e-02,1.32000000e-03,5.760153
22,blocks.1.attn.in_proj_weight,3.86008772e-03,1.32000000e-03,5.760153
22,blocks.1.attn.in_proj_bias,9.32741566e-02,1.32000000e-03,5.760153
22,blocks.1.attn.out_proj.weight,4.84444585e-03,1.32000000e-03,5.760153
22,blocks.1.attn.out_proj.bias,9.20756897e-02,1.32000000e-03,5.760153
22,blocks.1.ln2.weight,3.81577342e-04,1.32000000e-03,5.760153
22,blocks.1.ln2.bias,9.44239888e-02,1.32000000e-03,5.760153
22,blocks.1.mlp.0.weight,4.75622488e-03,1.32000000e-03,5.760153
22,blocks.1.mlp.0.bias,4.58469945e-03,1.32000000e-03,5.760153
22,blocks.1.mlp.2.weight,9.55257973e-03,1.32000000e-03,5.760153
22,blocks.1.mlp.2.bias,8.60573747e-03,1.32000000e-03,5.760153
22,ln_f.weight,1.17216172e-03,1.32000000e-03,5.760153
22,ln_f.bias,9.64204986e-02,1.32000000e-03,5.760153
22,lm_head.weight,4.88568399e-03,1.32000000e-03,5.760153
23,token_emb.weight,3.68182821e-04,1.38000000e-03,5.718950
23,pos_emb.weight,3.73677828e-04,1.38000000e-03,5.718950
23,blocks.0.ln1.weight,4.26336416e-04,1.38000000e-03,5.718950
23,blocks.0.ln1.bias,9.80289170e-02,1.38000000e-03,5.718950
23,blocks.0.attn.in_proj_weight,4.03312410e-03,1.38000000e-03,5.718950
23,blocks.0.attn.in_proj_bias,8.81878897e-02,1.38000000e-03,5.718950
23,blocks.0.attn.out_proj.weight,4.88029574e-03,1.38000000e-03,5.718950
23,blocks.0.attn.out_proj.bias,8.95913075e-02,1.38000000e-03,5.718950
23,blocks.0.ln2.weight,3.57740612e-04,1.38000000e-03,5.718950
23,blocks.0.ln2.bias,8.54860000e-02,1.38000000e-03,5.718950
23,blocks.0.mlp.0.weight,4.97276562e-03,1.38000000e-03,5.718950
23,blocks.0.mlp.0.bias,4.61693786e-03,1.38000000e-03,5.718950
23,blocks.0.mlp.2.weight,9.73290410e-03,1.38000000e-03,5.718950
23,blocks.0.mlp.2.bias,9.51029035e-03,1.38000000e-03,5.718950
23,blocks.1.ln1.weight,3.84554456e-04,1.38000000e-03,5.718950
23,blocks.1.ln1.bias,8.17297097e-02,1.38000000e-03,5.718950
23,blocks.1.attn.in_proj_weight,3.91368579e-03,1.38000000e-03,5.718950
23,blocks.1.attn.in_proj_bias,9.25431095e-02,1.38000000e-03,5.718950
23,blocks.1.attn.out_proj.weight,4.90418874e-03,1.38000000e-03,5.718950
23,blocks.1.attn.out_proj.bias,8.52334874e-02,1.38000000e-03,5.718950
23,blocks.1.ln2.weight,4.18352940e-04,1.38000000e-03,5.718950
23,blocks.1.ln2.bias,8.54194751e-02,1.38000000e-03,5.718950
23,blocks.1.mlp.0.weight,4.88535597e-03,1.38000000e-03,5.718950
23,blocks.1.mlp.0.bias,4.66246832e-03,1.38000000e-03,5.718950
23,blocks.1.mlp.2.weight,9.70719808e-03,1.38000000e-03,5.718950
23,blocks.1.mlp.2.bias,8.56141172e-03,1.38000000e-03,5.718950
23,ln_f.weight,1.22256241e-03,1.38000000e-03,5.718950
23,ln_f.bias,9.32574568e-02,1.38000000e-03,5.718950
23,lm_head.weight,5.05916828e-03,1.38000000e-03,5.718950
24,token_emb.weight,3.79804318e-04,1.44000000e-03,5.696049
24,pos_emb.weight,3.83999781e-04,1.44000000e-03,5.696049
24,blocks.0.ln1.weight,4.21796357e-04,1.44000000e-03,5.696049
24,blocks.0.ln1.bias,9.26116254e-02,1.44000000e-03,5.696049
24,blocks.0.attn.in_proj_weight,4.11524990e-03,1.44000000e-03,5.696049
24,blocks.0.attn.in_proj_bias,8.27827602e-02,1.44000000e-03,5.696049
24,blocks.0.attn.out_proj.weight,4.96008684e-03,1.44000000e-03,5.696049
24,blocks.0.attn.out_proj.bias,8.39550155e-02,1.44000000e-03,5.696049
24,blocks.0.ln2.weight,3.69601407e-04,1.44000000e-03,5.696049
24,blocks.0.ln2.bias,7.98361575e-02,1.44000000e-03,5.696049
24,blocks.0.mlp.0.weight,5.09501333e-03,1.44000000e-03,5.696049
24,blocks.0.mlp.0.bias,4.41287545e-03,1.44000000e-03,5.696049
24,blocks.0.mlp.2.weight,9.84910951e-03,1.44000000e-03,5.696049
24,blocks.0.mlp.2.bias,9.46518193e-03,1.44000000e-03,5.696049
24,blocks.1.ln1.weight,3.95112527e-04,1.44000000e-03,5.696049
24,blocks.1.ln1.bias,8.22725225e-02,1.44000000e-03,5.696049
24,blocks.1.attn.in_proj_weight,4.01012570e-03,1.44000000e-03,5.696049
24,blocks.1.attn.in_proj_bias,8.86203807e-02,1.44000000e-03,5.696049
24,blocks.1.attn.out_proj.weight,5.04572616e-03,1.44000000e-03,5.696049
24,blocks.1.attn.out_proj.bias,8.43743705e-02,1.44000000e-03,5.696049
24,blocks.1.ln2.weight,3.76173264e-04,1.44000000e-03,5.696049
24,blocks.1.ln2.bias,8.62340218e-02,1.44000000e-03,5.696049
24,blocks.1.mlp.0.weight,4.96385274e-03,1.44000000e-03,5.696049
24,blocks.1.mlp.0.bias,5.02468692e-03,1.44000000e-03,5.696049
24,blocks.1.mlp.2.weight,9.89479851e-03,1.44000000e-03,5.696049
24,blocks.1.mlp.2.bias,9.05057334e-03,1.44000000e-03,5.696049
24,ln_f.weight,1.27327329e-03,1.44000000e-03,5.696049
24,ln_f.bias,9.44053037e-02,1.44000000e-03,5.696049
24,lm_head.weight,5.20504756e-03,1.44000000e-03,5.696049
25,token_emb.weight,3.92290137e-04,1.50000000e-03,5.701310
25,pos_emb.weight,3.96711756e-04,1.50000000e-03,5.701310
25,blocks.0.ln1.weight,4.49133295e-04,1.50000000e-03,5.701310
25,blocks.0.ln1.bias,7.49725375e-02,1.50000000e-03,5.701310
25,blocks.0.attn.in_proj_weight,4.23164545e-03,1.50000000e-03,5.701310
25,blocks.0.attn.in_proj_bias,7.39196330e-02,1.50000000e-03,5.701310
25,blocks.0.attn.out_proj.weight,5.16017900e-03,1.50000000e-03,5.701310
25,blocks.0.attn.out_proj.bias,8.43746462e-02,1.50000000e-03,5.701310
25,blocks.0.ln2.weight,3.64596340e-04,1.50000000e-03,5.701310
25,blocks.0.ln2.bias,8.17178347e-02,1.50000000e-03,5.701310
25,blocks.0.mlp.0.weight,5.23158705e-03,1.50000000e-03,5.701310
25,blocks.0.mlp.0.bias,4.81363352e-03,1.50000000e-03,5.701310
25,blocks.0.mlp.2.weight,1.01771974e-02,1.50000000e-03,5.701310
25,blocks.0.mlp.2.bias,1.00181687e-02,1.50000000e-03,5.701310
25,blocks.1.ln1.weight,3.77767609e-04,1.50000000e-03,5.701310
25,blocks.1.ln1.bias,7.26906330e-02,1.50000000e-03,5.701310
25,blocks.1.attn.in_proj_weight,4.13745612e-03,1.50000000e-03,5.701310
25,blocks.1.attn.in_proj_bias,8.20073216e-02,1.50000000e-03,5.701310
25,blocks.1.attn.out_proj.weight,5.17287730e-03,1.50000000e-03,5.701310
25,blocks.1.attn.out_proj.bias,8.39297985e-02,1.50000000e-03,5.701310
25,blocks.1.ln2.weight,3.73148336e-04,1.50000000e-03,5.701310
25,blocks.1.ln2.bias,8.64462610e-02,1.50000000e-03,5.701310
25,blocks.1.mlp.0.weight,5.13342417e-03,1.50000000e-03,5.701310
25,blocks.1.mlp.0.bias,5.06654815e-03,1.50000000e-03,5.701310
25,blocks.1.mlp.2.weight,1.02642027e-02,1.50000000e-03,5.701310
25,blocks.1.mlp.2.bias,9.39123569e-03,1.50000000e-03,5.701310
25,ln_f.weight,1.31545068e-03,1.50000000e-03,5.701310
25,ln_f.bias,8.96768076e-02,1.50000000e-03,5.701310
25,lm_head.weight,5.37451478e-03,1.50000000e-03,5.701310
26,token_emb.weight,4.02970040e-04,1.56000000e-03,5.713049
26,pos_emb.weight,4.10723929e-04,1.56000000e-03,5.713049
26,blocks.0.ln1.weight,5.04142857e-04,1.56000000e-03,5.713049
26,blocks.0.ln1.bias,7.68952357e-02,1.56000000e-03,5.713049
26,blocks.0.attn.in_proj_weight,4.36914334e-03,1.56000000e-03,5.713049
26,blocks.0.attn.in_proj_bias,7.51448010e-02,1.56000000e-03,5.713049
26,blocks.0.attn.out_proj.weight,5.35800509e-03,1.56000000e-03,5.713049
26,blocks.0.attn.out_proj.bias,8.59027831e-02,1.56000000e-03,5.713049
26,blocks.0.ln2.weight,3.93909442e-04,1.56000000e-03,5.713049
26,blocks.0.ln2.bias,7.91736728e-02,1.56000000e-03,5.713049
26,blocks.0.mlp.0.weight,5.35640930e-03,1.56000000e-03,5.713049
26,blocks.0.mlp.0.bias,5.20594730e-03,1.56000000e-03,5.713049
26,blocks.0.mlp.2.weight,1.04680646e-02,1.56000000e-03,5.713049
26,blocks.0.mlp.2.bias,1.06543515e-02,1.56000000e-03,5.713049
26,blocks.1.ln1.weight,4.11974542e-04,1.56000000e-03,5.713049
26,blocks.1.ln1.bias,7.69247564e-02,1.56000000e-03,5.713049
26,blocks.1.attn.in_proj_weight,4.24335357e-03,1.56000000e-03,5.713049
26,blocks.1.attn.in_proj_bias,8.05333241e-02,1.56000000e-03,5.713049
26,blocks.1.attn.out_proj.weight,5.40840123e-03,1.56000000e-03,5.713049
26,blocks.1.attn.out_proj.bias,8.66091813e-02,1.56000000e-03,5.713049
26,blocks.1.ln2.weight,4.18677428e-04,1.56000000e-03,5.713049
26,blocks.1.ln2.bias,8.90700550e-02,1.56000000e-03,5.713049
26,blocks.1.mlp.0.weight,5.27342085e-03,1.56000000e-03,5.713049
26,blocks.1.mlp.0.bias,5.43331235e-03,1.56000000e-03,5.713049
26,blocks.1.mlp.2.weight,1.05808619e-02,1.56000000e-03,5.713049
26,blocks.1.mlp.2.bias,1.02477813e-02,1.56000000e-03,5.713049
26,ln_f.weight,1.36352553e-03,1.56000000e-03,5.713049
26,ln_f.bias,9.36482748e-02,1.56000000e-03,5.713049
26,lm_head.weight,5.54535277e-03,1.56000000e-03,5.713049
27,token_emb.weight,4.14962056e-04,1.62000000e-03,5.691326
27,pos_emb.weight,4.24777310e-04,1.62000000e-03,5.691326
27,blocks.0.ln1.weight,5.14769215e-04,1.62000000e-03,5.691326
27,blocks.0.ln1.bias,6.66588727e-02,1.62000000e-03,5.691326
27,blocks.0.attn.in_proj_weight,4.48586978e-03,1.62000000e-03,5.691326
27,blocks.0.attn.in_proj_bias,7.36849922e-02,1.62000000e-03,5.691326
27,blocks.0.attn.out_proj.weight,5.45873777e-03,1.62000000e-03,5.691326
27,blocks.0.attn.out_proj.bias,8.16892849e-02,1.62000000e-03,5.691326
27,blocks.0.ln2.weight,4.15410324e-04,1.62000000e-03,5.691326
27,blocks.0.ln2.bias,7.62990068e-02,1.62000000e-03,5.691326
27,blocks.0.mlp.0.weight,5.50831180e-03,1.62000000e-03,5.691326
27,blocks.0.mlp.0.bias,5.10589139e-03,1.62000000e-03,5.691326
27,blocks.0.mlp.2.weight,1.07214901e-02,1.62000000e-03,5.691326
27,blocks.0.mlp.2.bias,1.04163487e-02,1.62000000e-03,5.691326
27,blocks.1.ln1.weight,4.76039669e-04,1.62000000e-03,5.691326
27,blocks.1.ln1.bias,7.39622103e-02,1.62000000e-03,5.691326
27,blocks.1.attn.in_proj_weight,4.39445331e-03,1.62000000e-03,5.691326
27,blocks.1.attn.in_proj_bias,7.87407583e-02,1.62000000e-03,5.691326
27,blocks.1.attn.out_proj.weight,5.56373324e-03,1.62000000e-03,5.691326
27,blocks.1.attn.out_proj.bias,8.00575363e-02,1.62000000e-03,5.691326
27,blocks.1.ln2.weight,4.48497032e-04,1.62000000e-03,5.691326
27,blocks.1.ln2.bias,7.87031901e-02,1.62000000e-03,5.691326
27,blocks.1.mlp.0.weight,5.45400895e-03,1.62000000e-03,5.691326
27,blocks.1.mlp.0.bias,5.39066067e-03,1.62000000e-03,5.691326
27,blocks.1.mlp.2.weight,1.08152080e-02,1.62000000e-03,5.691326
27,blocks.1.mlp.2.bias,9.86672106e-03,1.62000000e-03,5.691326
27,ln_f.weight,1.41189803e-03,1.62000000e-03,5.691326
27,ln_f.bias,8.69297454e-02,1.62000000e-03,5.691326
27,lm_head.weight,5.71946608e-03,1.62000000e-03,5.691326
28,token_emb.weight,4.26585064e-04,1.68000000e-03,5.647691
28,pos_emb.weight,4.36266091e-04,1.68000000e-03,5.647691
28,blocks.0.ln1.weight,5.55720152e-04,1.68000000e-03,5.647691
28,blocks.0.ln1.bias,7.58078932e-02,1.68000000e-03,5.647691
28,blocks.0.attn.in_proj_weight,4.67690918e-03,1.68000000e-03,5.647691
28,blocks.0.attn.in_proj_bias,7.80490004e-02,1.68000000e-03,5.647691
28,blocks.0.attn.out_proj.weight,5.66616952e-03,1.68000000e-03,5.647691
28,blocks.0.attn.out_proj.bias,8.09796484e-02,1.68000000e-03,5.647691
28,blocks.0.ln2.weight,4.79949961e-04,1.68000000e-03,5.647691
28,blocks.0.ln2.bias,7.23620628e-02,1.68000000e-03,5.647691
28,blocks.0.mlp.0.weight,5.65410060e-03,1.68000000e-03,5.647691
28,blocks.0.mlp.0.bias,5.06000634e-03,1.68000000e-03,5.647691
28,blocks.0.mlp.2.weight,1.09556049e-02,1.68000000e-03,5.647691
28,blocks.0.mlp.2.bias,1.07553465e-02,1.68000000e-03,5.647691
28,blocks.1.ln1.weight,4.86724666e-04,1.68000000e-03,5.647691
28,blocks.1.ln1.bias,7.33210870e-02,1.68000000e-03,5.647691
28,blocks.1.attn.in_proj_weight,4.62683477e-03,1.68000000e-03,5.647691
28,blocks.1.attn.in_proj_bias,7.77529649e-02,1.68000000e-03,5.647691
28,blocks.1.attn.out_proj.weight,5.80302133e-03,1.68000000e-03,5.647691
28,blocks.1.attn.out_proj.bias,7.93363795e-02,1.68000000e-03,5.647691
28,blocks.1.ln2.weight,4.64533756e-04,1.68000000e-03,5.647691
28,blocks.1.ln2.bias,7.54536959e-02,1.68000000e-03,5.647691
28,blocks.1.mlp.0.weight,5.65184588e-03,1.68000000e-03,5.647691
28,blocks.1.mlp.0.bias,5.56347762e-03,1.68000000e-03,5.647691
28,blocks.1.mlp.2.weight,1.11230639e-02,1.68000000e-03,5.647691
28,blocks.1.mlp.2.bias,1.01692342e-02,1.68000000e-03,5.647691
28,ln_f.weight,1.44559395e-03,1.68000000e-03,5.647691
28,ln_f.bias,8.21313677e-02,1.68000000e-03,5.647691
28,lm_head.weight,5.90037292e-03,1.68000000e-03,5.647691
29,token_emb.weight,4.39161191e-04,1.74000000e-03,5.655198
29,pos_emb.weight,4.52325395e-04,1.74000000e-03,5.655198
29,blocks.0.ln1.weight,5.43677884e-04,1.74000000e-03,5.655198
29,blocks.0.ln1.bias,6.57806824e-02,1.74000000e-03,5.655198
29,blocks.0.attn.in_proj_weight,4.82770039e-03,1.74000000e-03,5.655198
29,blocks.0.attn.in_proj_bias,7.89385255e-02,1.74000000e-03,5.655198
29,blocks.0.attn.out_proj.weight,5.96409848e-03,1.74000000e-03,5.655198
29,blocks.0.attn.out_proj.bias,8.42322584e-02,1.74000000e-03,5.655198
29,blocks.0.ln2.weight,4.61901837e-04,1.74000000e-03,5.655198
29,blocks.0.ln2.bias,7.62405099e-02,1.74000000e-03,5.655198
29,blocks.0.mlp.0.weight,5.83802216e-03,1.74000000e-03,5.655198
29,blocks.0.mlp.0.bias,5.44918189e-03,1.74000000e-03,5.655198
29,blocks.0.mlp.2.weight,1.13927705e-02,1.74000000e-03,5.655198
29,blocks.0.mlp.2.bias,1.15700470e-02,1.74000000e-03,5.655198
29,blocks.1.ln1.weight,4.73785275e-04,1.74000000e-03,5.655198
29,blocks.1.ln1.bias,7.68083963e-02,1.74000000e-03,5.655198
29,blocks.1.attn.in_proj_weight,4.82412472e-03,1.74000000e-03,5.655198
29,blocks.1.attn.in_proj_bias,7.97130813e-02,1.74000000e-03,5.655198
29,blocks.1.attn.out_proj.weight,6.03459680e-03,1.74000000e-03,5.655198
29,blocks.1.attn.out_proj.bias,8.03430998e-02,1.74000000e-03,5.655198
29,blocks.1.ln2.weight,4.93341883e-04,1.74000000e-03,5.655198
29,blocks.1.ln2.bias,7.07523695e-02,1.74000000e-03,5.655198
29,blocks.1.mlp.0.weight,5.86833801e-03,1.74000000e-03,5.655198
29,blocks.1.mlp.0.bias,5.73015090e-03,1.74000000e-03,5.655198
29,blocks.1.mlp.2.weight,1.15132337e-02,1.74000000e-03,5.655198
29,blocks.1.mlp.2.bias,1.05414559e-02,1.74000000e-03,5.655198
29,ln_f.weight,1.48385145e-03,1.74000000e-03,5.655198
29,ln_f.bias,8.14827854e-02,1.74000000e-03,5.655198
29,lm_head.weight,6.10943264e-03,1.74000000e-03,5.655198
30,token_emb.weight,4.53405284e-04,1.80000000e-03,5.645750
30,pos_emb.weight,4.62831802e-04,1.80000000e-03,5.645750
30,blocks.0.ln1.weight,5.55171256e-04,1.80000000e-03,5.645750
30,blocks.0.ln1.bias,6.33467450e-02,1.80000000e-03,5.645750
30,blocks.0.attn.in_proj_weight,4.89178723e-03,1.80000000e-03,5.645750
30,blocks.0.attn.in_proj_bias,7.24772913e-02,1.80000000e-03,5.645750
30,blocks.0.attn.out_proj.weight,6.03986012e-03,1.80000000e-03,5.645750
30,blocks.0.attn.out_proj.bias,8.22879403e-02,1.80000000e-03,5.645750
30,blocks.0.ln2.weight,4.31875309e-04,1.80000000e-03,5.645750
30,blocks.0.ln2.bias,7.22042627e-02,1.80000000e-03,5.645750
30,blocks.0.mlp.0.weight,5.93711719e-03,1.80000000e-03,5.645750
30,blocks.0.mlp.0.bias,5.54268013e-03,1.80000000e-03,5.645750
30,blocks.0.mlp.2.weight,1.16921887e-02,1.80000000e-03,5.645750
30,blocks.0.mlp.2.bias,1.18812659e-02,1.80000000e-03,5.645750
30,blocks.1.ln1.weight,4.84851974e-04,1.80000000e-03,5.645750
30,blocks.1.ln1.bias,8.07100249e-02,1.80000000e-03,5.645750
30,blocks.1.attn.in_proj_weight,4.91672005e-03,1.80000000e-03,5.645750
30,blocks.1.attn.in_proj_bias,7.96131538e-02,1.80000000e-03,5.645750
30,blocks.1.attn.out_proj.weight,6.10263837e-03,1.80000000e-03,5.645750
30,blocks.1.attn.out_proj.bias,8.06755244e-02,1.80000000e-03,5.645750
30,blocks.1.ln2.weight,4.77475516e-04,1.80000000e-03,5.645750
30,blocks.1.ln2.bias,7.72388217e-02,1.80000000e-03,5.645750
30,blocks.1.mlp.0.weight,6.05875952e-03,1.80000000e-03,5.645750
30,blocks.1.mlp.0.bias,5.95765492e-03,1.80000000e-03,5.645750
30,blocks.1.mlp.2.weight,1.17732780e-02,1.80000000e-03,5.645750
30,blocks.1.mlp.2.bias,1.10499501e-02,1.80000000e-03,5.645750
30,ln_f.weight,1.52013791e-03,1.80000000e-03,5.645750
30,ln_f.bias,8.24164699e-02,1.80000000e-03,5.645750
30,lm_head.weight,6.27201104e-03,1.80000000e-03,5.645750
31,token_emb.weight,4.67806153e-04,1.86000000e-03,5.687464
31,pos_emb.weight,4.75719721e-04,1.86000000e-03,5.687464
31,blocks.0.ln1.weight,5.92876892e-04,1.86000000e-03,5.687464
31,blocks.0.ln1.bias,6.89397187e-02,1.86000000e-03,5.687464
31,blocks.0.attn.in_proj_weight,5.07210955e-03,1.86000000e-03,5.687464
31,blocks.0.attn.in_proj_bias,7.60366104e-02,1.86000000e-03,5.687464
31,blocks.0.attn.out_proj.weight,6.34371978e-03,1.86000000e-03,5.687464
31,blocks.0.attn.out_proj.bias,8.65795155e-02,1.86000000e-03,5.687464
31,blocks.0.ln2.weight,4.59238397e-04,1.86000000e-03,5.687464
31,blocks.0.ln2.bias,7.56597210e-02,1.86000000e-03,5.687464
31,blocks.0.mlp.0.weight,6.09091831e-03,1.86000000e-03,5.687464
31,blocks.0.mlp.0.bias,6.00881986e-03,1.86000000e-03,5.687464
31,blocks.0.mlp.2.weight,1.20847506e-02,1.86000000e-03,5.687464
31,blocks.0.mlp.2.bias,1.29874168e-02,1.86000000e-03,5.687464
31,blocks.1.ln1.weight,4.89141755e-04,1.86000000e-03,5.687464
31,blocks.1.ln1.bias,8.44196777e-02,1.86000000e-03,5.687464
31,blocks.1.attn.in_proj_weight,5.11090548e-03,1.86000000e-03,5.687464
31,blocks.1.attn.in_proj_bias,8.03531942e-02,1.86000000e-03,5.687464
31,blocks.1.attn.out_proj.weight,6.47497932e-03,1.86000000e-03,5.687464
31,blocks.1.attn.out_proj.bias,8.57977834e-02,1.86000000e-03,5.687464
31,blocks.1.ln2.weight,5.04672163e-04,1.86000000e-03,5.687464
31,blocks.1.ln2.bias,7.58578099e-02,1.86000000e-03,5.687464
31,blocks.1.mlp.0.weight,6.24450212e-03,1.86000000e-03,5.687464
31,blocks.1.mlp.0.bias,6.20252100e-03,1.86000000e-03,5.687464
31,blocks.1.mlp.2.weight,1.21999766e-02,1.86000000e-03,5.687464
31,blocks.1.mlp.2.bias,1.20975421e-02,1.86000000e-03,5.687464
31,ln_f.weight,1.57312327e-03,1.86000000e-03,5.687464
31,ln_f.bias,8.58086269e-02,1.86000000e-03,5.687464
31,lm_head.weight,6.47267867e-03,1.86000000e-03,5.687464
32,token_emb.weight,4.80326452e-04,1.92000000e-03,5.681883
32,pos_emb.weight,4.83514924e-04,1.92000000e-03,5.681883
32,blocks.0.ln1.weight,5.83738608e-04,1.92000000e-03,5.681883
32,blocks.0.ln1.bias,6.17597733e-02,1.92000000e-03,5.681883
32,blocks.0.attn.in_proj_weight,5.16022707e-03,1.92000000e-03,5.681883
32,blocks.0.attn.in_proj_bias,7.08776017e-02,1.92000000e-03,5.681883
32,blocks.0.attn.out_proj.weight,6.36675603e-03,1.92000000e-03,5.681883
32,blocks.0.attn.out_proj.bias,8.31545258e-02,1.92000000e-03,5.681883
32,blocks.0.ln2.weight,4.78869705e-04,1.92000000e-03,5.681883
32,blocks.0.ln2.bias,7.36957872e-02,1.92000000e-03,5.681883
32,blocks.0.mlp.0.weight,6.19540691e-03,1.92000000e-03,5.681883
32,blocks.0.mlp.0.bias,6.03655394e-03,1.92000000e-03,5.681883
32,blocks.0.mlp.2.weight,1.22012755e-02,1.92000000e-03,5.681883
32,blocks.0.mlp.2.bias,1.32413096e-02,1.92000000e-03,5.681883
32,blocks.1.ln1.weight,4.97252508e-04,1.92000000e-03,5.681883
32,blocks.1.ln1.bias,7.28165047e-02,1.92000000e-03,5.681883
32,blocks.1.attn.in_proj_weight,5.14694833e-03,1.92000000e-03,5.681883
32,blocks.1.attn.in_proj_bias,7.39482082e-02,1.92000000e-03,5.681883
32,blocks.1.attn.out_proj.weight,6.54340482e-03,1.92000000e-03,5.681883
32,blocks.1.attn.out_proj.bias,8.27623272e-02,1.92000000e-03,5.681883
32,blocks.1.ln2.weight,4.80093931e-04,1.92000000e-03,5.681883
32,blocks.1.ln2.bias,7.78744033e-02,1.92000000e-03,5.681883
32,blocks.1.mlp.0.weight,6.35345791e-03,1.92000000e-03,5.681883
32,blocks.1.mlp.0.bias,6.28181112e-03,1.92000000e-03,5.681883
32,blocks.1.mlp.2.weight,1.23490258e-02,1.92000000e-03,5.681883
32,blocks.1.mlp.2.bias,1.19926288e-02,1.92000000e-03,5.681883
32,ln_f.weight,1.62036900e-03,1.92000000e-03,5.681883
32,ln_f.bias,7.97793790e-02,1.92000000e-03,5.681883
32,lm_head.weight,6.64497610e-03,1.92000000e-03,5.681883
33,token_emb.weight,4.92328177e-04,1.98000000e-03,5.694381
33,pos_emb.weight,5.00115386e-04,1.98000000e-03,5.694381
33,blocks.0.ln1.weight,6.22364124e-04,1.98000000e-03,5.694381
33,blocks.0.ln1.bias,7.52789411e-02,1.98000000e-03,5.694381
33,blocks.0.attn.in_proj_weight,5.32114080e-03,1.98000000e-03,5.694381
33,blocks.0.attn.in_proj_bias,7.71136524e-02,1.98000000e-03,5.694381
33,blocks.0.attn.out_proj.weight,6.68484790e-03,1.98000000e-03,5.694381
33,blocks.0.attn.out_proj.bias,8.66665056e-02,1.98000000e-03,5.694381
33,blocks.0.ln2.weight,4.65683241e-04,1.98000000e-03,5.694381
33,blocks.0.ln2.bias,7.27421026e-02,1.98000000e-03,5.694381
33,blocks.0.mlp.0.weight,6.36803668e-03,1.98000000e-03,5.694381
33,blocks.0.mlp.0.bias,6.61493804e-03,1.98000000e-03,5.694381
33,blocks.0.mlp.2.weight,1.25368405e-02,1.98000000e-03,5.694381
33,blocks.0.mlp.2.bias,1.44541207e-02,1.98000000e-03,5.694381
33,blocks.1.ln1.weight,4.18705315e-04,1.98000000e-03,5.694381
33,blocks.1.ln1.bias,6.93855694e-02,1.98000000e-03,5.694381
33,blocks.1.attn.in_proj_weight,5.23646979e-03,1.98000000e-03,5.694381
33,blocks.1.attn.in_proj_bias,7.65554789e-02,1.98000000e-03,5.694381
33,blocks.1.attn.out_proj.weight,6.92684142e-03,1.98000000e-03,5.694381
33,blocks.1.attn.out_proj.bias,8.65270016e-02,1.98000000e-03,5.694381
33,blocks.1.ln2.weight,4.97255435e-04,1.98000000e-03,5.694381
33,blocks.1.ln2.bias,8.15848544e-02,1.98000000e-03,5.694381
33,blocks.1.mlp.0.weight,6.51650271e-03,1.98000000e-03,5.694381
33,blocks.1.mlp.0.bias,6.92663201e-03,1.98000000e-03,5.694381
33,blocks.1.mlp.2.weight,1.27365661e-02,1.98000000e-03,5.694381
33,blocks.1.mlp.2.bias,1.32471953e-02,1.98000000e-03,5.694381
33,ln_f.weight,1.66996017e-03,1.98000000e-03,5.694381
33,ln_f.bias,8.15363402e-02,1.98000000e-03,5.694381
33,lm_head.weight,6.78857375e-03,1.98000000e-03,5.694381
34,token_emb.weight,5.08264643e-04,2.04000000e-03,5.706491
34,pos_emb.weight,5.12514927e-04,2.04000000e-03,5.706491
34,blocks.0.ln1.weight,5.81371081e-04,2.04000000e-03,5.706491
34,blocks.0.ln1.bias,7.56620849e-02,2.04000000e-03,5.706491
34,blocks.0.attn.in_proj_weight,5.45598233e-03,2.04000000e-03,5.706491
34,blocks.0.attn.in_proj_bias,7.85745363e-02,2.04000000e-03,5.706491
34,blocks.0.attn.out_proj.weight,6.83213070e-03,2.04000000e-03,5.706491
34,blocks.0.attn.out_proj.bias,8.39171695e-02,2.04000000e-03,5.706491
34,blocks.0.ln2.weight,4.51528615e-04,2.04000000e-03,5.706491
34,blocks.0.ln2.bias,7.35096468e-02,2.04000000e-03,5.706491
34,blocks.0.mlp.0.weight,6.54552490e-03,2.04000000e-03,5.706491
34,blocks.0.mlp.0.bias,7.00448684e-03,2.04000000e-03,5.706491
34,blocks.0.mlp.2.weight,1.28147360e-02,2.04000000e-03,5.706491
34,blocks.0.mlp.2.bias,1.46296532e-02,2.04000000e-03,5.706491
34,blocks.1.ln1.weight,4.53352263e-04,2.04000000e-03,5.706491
34,blocks.1.ln1.bias,6.59508623e-02,2.04000000e-03,5.706491
34,blocks.1.attn.in_proj_weight,5.34232336e-03,2.04000000e-03,5.706491
34,blocks.1.attn.in_proj_bias,7.62354338e-02,2.04000000e-03,5.706491
34,blocks.1.attn.out_proj.weight,7.03608785e-03,2.04000000e-03,5.706491
34,blocks.1.attn.out_proj.bias,8.33687951e-02,2.04000000e-03,5.706491
34,blocks.1.ln2.weight,4.83385883e-04,2.04000000e-03,5.706491
34,blocks.1.ln2.bias,7.69524192e-02,2.04000000e-03,5.706491
34,blocks.1.mlp.0.weight,6.68132181e-03,2.04000000e-03,5.706491
34,blocks.1.mlp.0.bias,7.33844943e-03,2.04000000e-03,5.706491
34,blocks.1.mlp.2.weight,1.30336124e-02,2.04000000e-03,5.706491
34,blocks.1.mlp.2.bias,1.34646846e-02,2.04000000e-03,5.706491
34,ln_f.weight,1.72831405e-03,2.04000000e-03,5.706491
34,ln_f.bias,7.59665279e-02,2.04000000e-03,5.706491
34,lm_head.weight,6.97539930e-03,2.04000000e-03,5.706491
35,token_emb.weight,5.19437161e-04,2.10000000e-03,5.700015
35,pos_emb.weight,5.27536125e-04,2.10000000e-03,5.700015
35,blocks.0.ln1.weight,5.77721583e-04,2.10000000e-03,5.700015
35,blocks.0.ln1.bias,8.43108888e-02,2.10000000e-03,5.700015
35,blocks.0.attn.in_proj_weight,5.72247119e-03,2.10000000e-03,5.700015
35,blocks.0.attn.in_proj_bias,8.79536550e-02,2.10000000e-03,5.700015
35,blocks.0.attn.out_proj.weight,7.13270334e-03,2.10000000e-03,5.700015
35,blocks.0.attn.out_proj.bias,8.56385760e-02,2.10000000e-03,5.700015
35,blocks.0.ln2.weight,4.90959416e-04,2.10000000e-03,5.700015
35,blocks.0.ln2.bias,7.80137449e-02,2.10000000e-03,5.700015
35,blocks.0.mlp.0.weight,6.79733477e-03,2.10000000e-03,5.700015
35,blocks.0.mlp.0.bias,7.51343782e-03,2.10000000e-03,5.700015
35,blocks.0.mlp.2.weight,1.33490623e-02,2.10000000e-03,5.700015
35,blocks.0.mlp.2.bias,1.58071164e-02,2.10000000e-03,5.700015
35,blocks.1.ln1.weight,4.67193394e-04,2.10000000e-03,5.700015
35,blocks.1.ln1.bias,7.34653167e-02,2.10000000e-03,5.700015
35,blocks.1.attn.in_proj_weight,5.56503686e-03,2.10000000e-03,5.700015
35,blocks.1.attn.in_proj_bias,7.51863781e-02,2.10000000e-03,5.700015
35,blocks.1.attn.out_proj.weight,7.35630800e-03,2.10000000e-03,5.700015
35,blocks.1.attn.out_proj.bias,8.52112336e-02,2.10000000e-03,5.700015
35,blocks.1.ln2.weight,4.81294400e-04,2.10000000e-03,5.700015
35,blocks.1.ln2.bias,8.33621259e-02,2.10000000e-03,5.700015
35,blocks.1.mlp.0.weight,6.89635110e-03,2.10000000e-03,5.700015
35,blocks.1.mlp.0.bias,7.97050984e-03,2.10000000e-03,5.700015
35,blocks.1.mlp.2.weight,1.36146192e-02,2.10000000e-03,5.700015
35,blocks.1.mlp.2.bias,1.47220673e-02,2.10000000e-03,5.700015
35,ln_f.weight,1.77819871e-03,2.10000000e-03,5.700015
35,ln_f.bias,8.08523315e-02,2.10000000e-03,5.700015
35,lm_head.weight,7.19720877e-03,2.10000000e-03,5.700015
36,token_emb.weight,5.32765903e-04,2.16000000e-03,5.647657
36,pos_emb.weight,5.43083968e-04,2.16000000e-03,5.647657
36,blocks.0.ln1.weight,5.79156428e-04,2.16000000e-03,5.647657
36,blocks.0.ln1.bias,7.53708104e-02,2.16000000e-03,5.647657
36,blocks.0.attn.in_proj_weight,5.83086016e-03,2.16000000e-03,5.647657
36,blocks.0.attn.in_proj_bias,8.49097854e-02,2.16000000e-03,5.647657
36,blocks.0.attn.out_proj.weight,7.13826570e-03,2.16000000e-03,5.647657
36,blocks.0.attn.out_proj.bias,7.84004975e-02,2.16000000e-03,5.647657
36,blocks.0.ln2.weight,5.33100963e-04,2.16000000e-03,5.647657
36,blocks.0.ln2.bias,7.78626481e-02,2.16000000e-03,5.647657
36,blocks.0.mlp.0.weight,6.98343058e-03,2.16000000e-03,5.647657
36,blocks.0.mlp.0.bias,7.59228679e-03,2.16000000e-03,5.647657
36,blocks.0.mlp.2.weight,1.36132583e-02,2.16000000e-03,5.647657
36,blocks.0.mlp.2.bias,1.50781356e-02,2.16000000e-03,5.647657
36,blocks.1.ln1.weight,4.64275134e-04,2.16000000e-03,5.647657
36,blocks.1.ln1.bias,6.47467011e-02,2.16000000e-03,5.647657
36,blocks.1.attn.in_proj_weight,5.62180767e-03,2.16000000e-03,5.647657
36,blocks.1.attn.in_proj_bias,7.20467645e-02,2.16000000e-03,5.647657
36,blocks.1.attn.out_proj.weight,7.35918984e-03,2.16000000e-03,5.647657
36,blocks.1.attn.out_proj.bias,7.83781555e-02,2.16000000e-03,5.647657
36,blocks.1.ln2.weight,5.01295920e-04,2.16000000e-03,5.647657
36,blocks.1.ln2.bias,8.55764191e-02,2.16000000e-03,5.647657
36,blocks.1.mlp.0.weight,7.04381894e-03,2.16000000e-03,5.647657
36,blocks.1.mlp.0.bias,8.03667170e-03,2.16000000e-03,5.647657
36,blocks.1.mlp.2.weight,1.37823692e-02,2.16000000e-03,5.647657
36,blocks.1.mlp.2.bias,1.39440593e-02,2.16000000e-03,5.647657
36,ln_f.weight,1.80994673e-03,2.16000000e-03,5.647657
36,ln_f.bias,7.44708159e-02,2.16000000e-03,5.647657
36,lm_head.weight,7.36986153e-03,2.16000000e-03,5.647657
37,token_emb.weight,5.44526986e-04,2.22000000e-03,5.709912
37,pos_emb.weight,5.58163798e-04,2.22000000e-03,5.709912
37,blocks.0.ln1.weight,5.83585590e-04,2.22000000e-03,5.709912
37,blocks.0.ln1.bias,6.12841015e-02,2.22000000e-03,5.709912
37,blocks.0.attn.in_proj_weight,5.93663958e-03,2.22000000e-03,5.709912
37,blocks.0.attn.in_proj_bias,7.63249153e-02,2.22000000e-03,5.709912
37,blocks.0.attn.out_proj.weight,7.06040649e-03,2.22000000e-03,5.709912
37,blocks.0.attn.out_proj.bias,7.12246126e-02,2.22000000e-03,5.709912
37,blocks.0.ln2.weight,5.43954552e-04,2.22000000e-03,5.709912
37,blocks.0.ln2.bias,7.34986668e-02,2.22000000e-03,5.709912
37,blocks.0.mlp.0.weight,7.13901277e-03,2.22000000e-03,5.709912
37,blocks.0.mlp.0.bias,7.42695043e-03,2.22000000e-03,5.709912
37,blocks.0.mlp.2.weight,1.38559161e-02,2.22000000e-03,5.709912
37,blocks.0.mlp.2.bias,1.44138901e-02,2.22000000e-03,5.709912
37,blocks.1.ln1.weight,4.64746057e-04,2.22000000e-03,5.709912
37,blocks.1.ln1.bias,5.59805703e-02,2.22000000e-03,5.709912
37,blocks.1.attn.in_proj_weight,5.65335116e-03,2.22000000e-03,5.709912
37,blocks.1.attn.in_proj_bias,6.60261509e-02,2.22000000e-03,5.709912
37,blocks.1.attn.out_proj.weight,7.45467348e-03,2.22000000e-03,5.709912
37,blocks.1.attn.out_proj.bias,7.18297696e-02,2.22000000e-03,5.709912
37,blocks.1.ln2.weight,5.47554984e-04,2.22000000e-03,5.709912
37,blocks.1.ln2.bias,7.87903711e-02,2.22000000e-03,5.709912
37,blocks.1.mlp.0.weight,7.20085997e-03,2.22000000e-03,5.709912
37,blocks.1.mlp.0.bias,7.73821573e-03,2.22000000e-03,5.709912
37,blocks.1.mlp.2.weight,1.39431966e-02,2.22000000e-03,5.709912
37,blocks.1.mlp.2.bias,1.32555933e-02,2.22000000e-03,5.709912
37,ln_f.weight,1.87358714e-03,2.22000000e-03,5.709912
37,ln_f.bias,7.05808144e-02,2.22000000e-03,5.709912
37,lm_head.weight,7.56777011e-03,2.22000000e-03,5.709912
38,token_emb.weight,5.55634174e-04,2.28000000e-03,5.658828
38,pos_emb.weight,5.71698836e-04,2.28000000e-03,5.658828
38,blocks.0.ln1.weight,5.92582148e-04,2.28000000e-03,5.658828
38,blocks.0.ln1.bias,6.52871740e-02,2.28000000e-03,5.658828
38,blocks.0.attn.in_proj_weight,6.03725425e-03,2.28000000e-03,5.658828
38,blocks.0.attn.in_proj_bias,7.45651710e-02,2.28000000e-03,5.658828
38,blocks.0.attn.out_proj.weight,7.35846472e-03,2.28000000e-03,5.658828
38,blocks.0.attn.out_proj.bias,7.27674467e-02,2.28000000e-03,5.658828
38,blocks.0.ln2.weight,5.56903055e-04,2.28000000e-03,5.658828
38,blocks.0.ln2.bias,6.93613681e-02,2.28000000e-03,5.658828
38,blocks.0.mlp.0.weight,7.22850745e-03,2.28000000e-03,5.658828
38,blocks.0.mlp.0.bias,7.42679429e-03,2.28000000e-03,5.658828
38,blocks.0.mlp.2.weight,1.41437204e-02,2.28000000e-03,5.658828
38,blocks.0.mlp.2.bias,1.56672354e-02,2.28000000e-03,5.658828
38,blocks.1.ln1.weight,4.76216353e-04,2.28000000e-03,5.658828
38,blocks.1.ln1.bias,6.30824394e-02,2.28000000e-03,5.658828
38,blocks.1.attn.in_proj_weight,5.90563435e-03,2.28000000e-03,5.658828
38,blocks.1.attn.in_proj_bias,6.65609497e-02,2.28000000e-03,5.658828
38,blocks.1.attn.out_proj.weight,7.75002477e-03,2.28000000e-03,5.658828
38,blocks.1.attn.out_proj.bias,7.48198255e-02,2.28000000e-03,5.658828
38,blocks.1.ln2.weight,5.45368075e-04,2.28000000e-03,5.658828
38,blocks.1.ln2.bias,8.84211207e-02,2.28000000e-03,5.658828
38,blocks.1.mlp.0.weight,7.28331022e-03,2.28000000e-03,5.658828
38,blocks.1.mlp.0.bias,8.11258999e-03,2.28000000e-03,5.658828
38,blocks.1.mlp.2.weight,1.42030537e-02,2.28000000e-03,5.658828
38,blocks.1.mlp.2.bias,1.43741124e-02,2.28000000e-03,5.658828
38,ln_f.weight,1.91359373e-03,2.28000000e-03,5.658828
38,ln_f.bias,6.88113450e-02,2.28000000e-03,5.658828
38,lm_head.weight,7.75818818e-03,2.28000000e-03,5.658828
39,token_emb.weight,5.70479400e-04,2.34000000e-03,5.689583
39,pos_emb.weight,5.86641720e-04,2.34000000e-03,5.689583
39,blocks.0.ln1.weight,6.32922669e-04,2.34000000e-03,5.689583
39,blocks.0.ln1.bias,6.92097001e-02,2.34000000e-03,5.689583
39,blocks.0.attn.in_proj_weight,6.27364841e-03,2.34000000e-03,5.689583
39,blocks.0.attn.in_proj_bias,7.84755136e-02,2.34000000e-03,5.689583
39,blocks.0.attn.out_proj.weight,7.81518962e-03,2.34000000e-03,5.689583
39,blocks.0.attn.out_proj.bias,7.51893402e-02,2.34000000e-03,5.689583
39,blocks.0.ln2.weight,5.75621416e-04,2.34000000e-03,5.689583
39,blocks.0.ln2.bias,7.44198036e-02,2.34000000e-03,5.689583
39,blocks.0.mlp.0.weight,7.45200964e-03,2.34000000e-03,5.689583
39,blocks.0.mlp.0.bias,8.26597569e-03,2.34000000e-03,5.689583
39,blocks.0.mlp.2.weight,1.46948352e-02,2.34000000e-03,5.689583
39,blocks.0.mlp.2.bias,1.70512040e-02,2.34000000e-03,5.689583
39,blocks.1.ln1.weight,5.06058872e-04,2.34000000e-03,5.689583
39,blocks.1.ln1.bias,5.95309467e-02,2.34000000e-03,5.689583
39,blocks.1.attn.in_proj_weight,6.06231548e-03,2.34000000e-03,5.689583
39,blocks.1.attn.in_proj_bias,6.45935423e-02,2.34000000e-03,5.689583
39,blocks.1.attn.out_proj.weight,8.27509976e-03,2.34000000e-03,5.689583
39,blocks.1.attn.out_proj.bias,7.69663299e-02,2.34000000e-03,5.689583
39,blocks.1.ln2.weight,5.47809237e-04,2.34000000e-03,5.689583
39,blocks.1.ln2.bias,8.83215358e-02,2.34000000e-03,5.689583
39,blocks.1.mlp.0.weight,7.56408039e-03,2.34000000e-03,5.689583
39,blocks.1.mlp.0.bias,8.57789763e-03,2.34000000e-03,5.689583
39,blocks.1.mlp.2.weight,1.47515965e-02,2.34000000e-03,5.689583
39,blocks.1.mlp.2.bias,1.55842292e-02,2.34000000e-03,5.689583
39,ln_f.weight,1.97480943e-03,2.34000000e-03,5.689583
39,ln_f.bias,7.37633311e-02,2.34000000e-03,5.689583
39,lm_head.weight,8.01114350e-03,2.34000000e-03,5.689583
40,token_emb.weight,5.81920103e-04,2.40000000e-03,5.638682
40,pos_emb.weight,5.97679633e-04,2.40000000e-03,5.638682
40,blocks.0.ln1.weight,6.42811958e-04,2.40000000e-03,5.638682
40,blocks.0.ln1.bias,5.77143422e-02,2.40000000e-03,5.638682
40,blocks.0.attn.in_proj_weight,6.35129020e-03,2.40000000e-03,5.638682
40,blocks.0.attn.in_proj_bias,6.99556826e-02,2.40000000e-03,5.638682
40,blocks.0.attn.out_proj.weight,7.85510085e-03,2.40000000e-03,5.638682
40,blocks.0.attn.out_proj.bias,6.75808036e-02,2.40000000e-03,5.638682
40,blocks.0.ln2.weight,5.62121675e-04,2.40000000e-03,5.638682
40,blocks.0.ln2.bias,6.17008232e-02,2.40000000e-03,5.638682
40,blocks.0.mlp.0.weight,7.66176851e-03,2.40000000e-03,5.638682
40,blocks.0.mlp.0.bias,7.64979669e-03,2.40000000e-03,5.638682
40,blocks.0.mlp.2.weight,1.49940780e-02,2.40000000e-03,5.638682
40,blocks.0.mlp.2.bias,1.65085971e-02,2.40000000e-03,5.638682
40,blocks.1.ln1.weight,5.21765172e-04,2.40000000e-03,5.638682
40,blocks.1.ln1.bias,5.83325922e-02,2.40000000e-03,5.638682
40,blocks.1.attn.in_proj_weight,6.22278462e-03,2.40000000e-03,5.638682
40,blocks.1.attn.in_proj_bias,5.97168344e-02,2.40000000e-03,5.638682
40,blocks.1.attn.out_proj.weight,8.34853509e-03,2.40000000e-03,5.638682
40,blocks.1.attn.out_proj.bias,7.13817045e-02,2.40000000e-03,5.638682
40,blocks.1.ln2.weight,5.68179929e-04,2.40000000e-03,5.638682
40,blocks.1.ln2.bias,8.17535069e-02,2.40000000e-03,5.638682
40,blocks.1.mlp.0.weight,7.71018521e-03,2.40000000e-03,5.638682
40,blocks.1.mlp.0.bias,8.66638813e-03,2.40000000e-03,5.638682
40,blocks.1.mlp.2.weight,1.49987337e-02,2.40000000e-03,5.638682
40,blocks.1.mlp.2.bias,1.53245007e-02,2.40000000e-03,5.638682
40,ln_f.weight,2.00848358e-03,2.40000000e-03,5.638682
40,ln_f.bias,7.11770741e-02,2.40000000e-03,5.638682
40,lm_head.weight,8.23064510e-03,2.40000000e-03,5.638682
41,token_emb.weight,5.91399832e-04,2.46000000e-03,5.659061
41,pos_emb.weight,6.08649636e-04,2.46000000e-03,5.659061
41,blocks.0.ln1.weight,6.48231467e-04,2.46000000e-03,5.659061
41,blocks.0.ln1.bias,5.25201673e-02,2.46000000e-03,5.659061
41,blocks.0.attn.in_proj_weight,6.44329758e-03,2.46000000e-03,5.659061
41,blocks.0.attn.in_proj_bias,6.58347792e-02,2.46000000e-03,5.659061
41,blocks.0.attn.out_proj.weight,7.84779923e-03,2.46000000e-03,5.659061
41,blocks.0.attn.out_proj.bias,6.25431401e-02,2.46000000e-03,5.659061
41,blocks.0.ln2.weight,5.56243526e-04,2.46000000e-03,5.659061
41,blocks.0.ln2.bias,6.28005567e-02,2.46000000e-03,5.659061
41,blocks.0.mlp.0.weight,7.84382085e-03,2.46000000e-03,5.659061
41,blocks.0.mlp.0.bias,7.47819884e-03,2.46000000e-03,5.659061
41,blocks.0.mlp.2.weight,1.51762638e-02,2.46000000e-03,5.659061
41,blocks.0.mlp.2.bias,1.60631349e-02,2.46000000e-03,5.659061
41,blocks.1.ln1.weight,5.21436795e-04,2.46000000e-03,5.659061
41,blocks.1.ln1.bias,5.06497776e-02,2.46000000e-03,5.659061
41,blocks.1.attn.in_proj_weight,6.30494249e-03,2.46000000e-03,5.659061
41,blocks.1.attn.in_proj_bias,5.24925861e-02,2.46000000e-03,5.659061
41,blocks.1.attn.out_proj.weight,8.46511573e-03,2.46000000e-03,5.659061
41,blocks.1.attn.out_proj.bias,6.63743931e-02,2.46000000e-03,5.659061
41,blocks.1.ln2.weight,5.32286652e-04,2.46000000e-03,5.659061
41,blocks.1.ln2.bias,7.96037315e-02,2.46000000e-03,5.659061
41,blocks.1.mlp.0.weight,7.85925050e-03,2.46000000e-03,5.659061
41,blocks.1.mlp.0.bias,8.27755333e-03,2.46000000e-03,5.659061
41,blocks.1.mlp.2.weight,1.52302053e-02,2.46000000e-03,5.659061
41,blocks.1.mlp.2.bias,1.50030627e-02,2.46000000e-03,5.659061
41,ln_f.weight,2.04219828e-03,2.46000000e-03,5.659061
41,ln_f.bias,7.06293906e-02,2.46000000e-03,5.659061
41,lm_head.weight,8.40050046e-03,2.46000000e-03,5.659061
42,token_emb.weight,6.02419011e-04,2.52000000e-03,5.680824
42,pos_emb.weight,6.18500888e-04,2.52000000e-03,5.680824
42,blocks.0.ln1.weight,6.42836630e-04,2.52000000e-03,5.680824
42,blocks.0.ln1.bias,4.69855260e-02,2.52000000e-03,5.680824
42,blocks.0.attn.in_proj_weight,6.42294087e-03,2.52000000e-03,5.680824
42,blocks.0.attn.in_proj_bias,6.01831732e-02,2.52000000e-03,5.680824
42,blocks.0.attn.out_proj.weight,7.84437676e-03,2.52000000e-03,5.680824
42,blocks.0.attn.out_proj.bias,5.81838201e-02,2.52000000e-03,5.680824
42,blocks.0.ln2.weight,5.69804914e-04,2.52000000e-03,5.680824
42,blocks.0.ln2.bias,5.37388057e-02,2.52000000e-03,5.680824
42,blocks.0.mlp.0.weight,7.97064940e-03,2.52000000e-03,5.680824
42,blocks.0.mlp.0.bias,7.42954800e-03,2.52000000e-03,5.680824
42,blocks.0.mlp.2.weight,1.52412017e-02,2.52000000e-03,5.680824
42,blocks.0.mlp.2.bias,1.52080567e-02,2.52000000e-03,5.680824
42,blocks.1.ln1.weight,5.00812375e-04,2.52000000e-03,5.680824
42,blocks.1.ln1.bias,4.61731608e-02,2.52000000e-03,5.680824
42,blocks.1.attn.in_proj_weight,6.39541066e-03,2.52000000e-03,5.680824
42,blocks.1.attn.in_proj_bias,5.35449327e-02,2.52000000e-03,5.680824
42,blocks.1.attn.out_proj.weight,8.46076383e-03,2.52000000e-03,5.680824
42,blocks.1.attn.out_proj.bias,6.10216071e-02,2.52000000e-03,5.680824
42,blocks.1.ln2.weight,5.26872293e-04,2.52000000e-03,5.680824
42,blocks.1.ln2.bias,7.47477203e-02,2.52000000e-03,5.680824
42,blocks.1.mlp.0.weight,7.99658276e-03,2.52000000e-03,5.680824
42,blocks.1.mlp.0.bias,8.37447086e-03,2.52000000e-03,5.680824
42,blocks.1.mlp.2.weight,1.53790790e-02,2.52000000e-03,5.680824
42,blocks.1.mlp.2.bias,1.44014469e-02,2.52000000e-03,5.680824
42,ln_f.weight,2.09277278e-03,2.52000000e-03,5.680824
42,ln_f.bias,7.07710251e-02,2.52000000e-03,5.680824
42,lm_head.weight,8.62315434e-03,2.52000000e-03,5.680824
43,token_emb.weight,6.19513939e-04,2.58000000e-03,5.651404
43,pos_emb.weight,6.30655591e-04,2.58000000e-03,5.651404
43,blocks.0.ln1.weight,6.86911971e-04,2.58000000e-03,5.651404
43,blocks.0.ln1.bias,4.83037912e-02,2.58000000e-03,5.651404
43,blocks.0.attn.in_proj_weight,6.55831253e-03,2.58000000e-03,5.651404
43,blocks.0.attn.in_proj_bias,5.91968014e-02,2.58000000e-03,5.651404
43,blocks.0.attn.out_proj.weight,7.84131780e-03,2.58000000e-03,5.651404
43,blocks.0.attn.out_proj.bias,5.46096103e-02,2.58000000e-03,5.651404
43,blocks.0.ln2.weight,6.03265928e-04,2.58000000e-03,5.651404
43,blocks.0.ln2.bias,5.53122537e-02,2.58000000e-03,5.651404
43,blocks.0.mlp.0.weight,8.17771014e-03,2.58000000e-03,5.651404
43,blocks.0.mlp.0.bias,7.66415185e-03,2.58000000e-03,5.651404
43,blocks.0.mlp.2.weight,1.55177826e-02,2.58000000e-03,5.651404
43,blocks.0.mlp.2.bias,1.49592797e-02,2.58000000e-03,5.651404
43,blocks.1.ln1.weight,4.81274152e-04,2.58000000e-03,5.651404
43,blocks.1.ln1.bias,5.53251015e-02,2.58000000e-03,5.651404
43,blocks.1.attn.in_proj_weight,6.64897588e-03,2.58000000e-03,5.651404
43,blocks.1.attn.in_proj_bias,5.82233984e-02,2.58000000e-03,5.651404
43,blocks.1.attn.out_proj.weight,8.40642345e-03,2.58000000e-03,5.651404
43,blocks.1.attn.out_proj.bias,5.78209820e-02,2.58000000e-03,5.651404
43,blocks.1.ln2.weight,5.79969835e-04,2.58000000e-03,5.651404
43,blocks.1.ln2.bias,7.09359290e-02,2.58000000e-03,5.651404
43,blocks.1.mlp.0.weight,8.13537707e-03,2.58000000e-03,5.651404
43,blocks.1.mlp.0.bias,8.62002831e-03,2.58000000e-03,5.651404
43,blocks.1.mlp.2.weight,1.56553730e-02,2.58000000e-03,5.651404
43,blocks.1.mlp.2.bias,1.43475554e-02,2.58000000e-03,5.651404
43,ln_f.weight,2.13360860e-03,2.58000000e-03,5.651404
43,ln_f.bias,7.03178696e-02,2.58000000e-03,5.651404
43,lm_head.weight,8.82571425e-03,2.58000000e-03,5.651404
44,token_emb.weight,6.28430810e-04,2.64000000e-03,5.656845
44,pos_emb.weight,6.41939218e-04,2.64000000e-03,5.656845
44,blocks.0.ln1.weight,6.79926786e-04,2.64000000e-03,5.656845
44,blocks.0.ln1.bias,4.52432297e-02,2.64000000e-03,5.656845
44,blocks.0.attn.in_proj_weight,6.65204664e-03,2.64000000e-03,5.656845
44,blocks.0.attn.in_proj_bias,5.52043108e-02,2.64000000e-03,5.656845
44,blocks.0.attn.out_proj.weight,8.16805178e-03,2.64000000e-03,5.656845
44,blocks.0.attn.out_proj.bias,5.60572019e-02,2.64000000e-03,5.656845
44,blocks.0.ln2.weight,6.40286885e-04,2.64000000e-03,5.656845
44,blocks.0.ln2.bias,5.64730572e-02,2.64000000e-03,5.656845
44,blocks.0.mlp.0.weight,8.24265850e-03,2.64000000e-03,5.656845
44,blocks.0.mlp.0.bias,7.82106326e-03,2.64000000e-03,5.656845
44,blocks.0.mlp.2.weight,1.56855129e-02,2.64000000e-03,5.656845
44,blocks.0.mlp.2.bias,1.60473315e-02,2.64000000e-03,5.656845
44,blocks.1.ln1.weight,5.18499439e-04,2.64000000e-03,5.656845
44,blocks.1.ln1.bias,5.65484560e-02,2.64000000e-03,5.656845
44,blocks.1.attn.in_proj_weight,6.87849937e-03,2.64000000e-03,5.656845
44,blocks.1.attn.in_proj_bias,6.46763038e-02,2.64000000e-03,5.656845
44,blocks.1.attn.out_proj.weight,9.04641744e-03,2.64000000e-03,5.656845
44,blocks.1.attn.out_proj.bias,6.02676279e-02,2.64000000e-03,5.656845
44,blocks.1.ln2.weight,6.12237570e-04,2.64000000e-03,5.656845
44,blocks.1.ln2.bias,6.26856777e-02,2.64000000e-03,5.656845
44,blocks.1.mlp.0.weight,8.29095967e-03,2.64000000e-03,5.656845
44,blocks.1.mlp.0.bias,9.12712921e-03,2.64000000e-03,5.656845
44,blocks.1.mlp.2.weight,1.59077694e-02,2.64000000e-03,5.656845
44,blocks.1.mlp.2.bias,1.50605639e-02,2.64000000e-03,5.656845
44,ln_f.weight,2.17728181e-03,2.64000000e-03,5.656845
44,ln_f.bias,6.96348077e-02,2.64000000e-03,5.656845
44,lm_head.weight,9.01348056e-03,2.64000000e-03,5.656845
45,token_emb.weight,6.40334100e-04,2.70000000e-03,5.702031
45,pos_emb.weight,6.61579499e-04,2.70000000e-03,5.702031
45,blocks.0.ln1.weight,7.05580497e-04,2.70000000e-03,5.702031
45,blocks.0.ln1.bias,4.85745424e-02,2.70000000e-03,5.702031
45,blocks.0.attn.in_proj_weight,6.99133612e-03,2.70000000e-03,5.702031
45,blocks.0.attn.in_proj_bias,5.54854717e-02,2.70000000e-03,5.702031
45,blocks.0.attn.out_proj.weight,8.21210163e-03,2.70000000e-03,5.702031
45,blocks.0.attn.out_proj.bias,5.26631789e-02,2.70000000e-03,5.702031
45,blocks.0.ln2.weight,6.90172123e-04,2.70000000e-03,5.702031
45,blocks.0.ln2.bias,5.81907315e-02,2.70000000e-03,5.702031
45,blocks.0.mlp.0.weight,8.44463177e-03,2.70000000e-03,5.702031
45,blocks.0.mlp.0.bias,8.00511422e-03,2.70000000e-03,5.702031
45,blocks.0.mlp.2.weight,1.59443663e-02,2.70000000e-03,5.702031
45,blocks.0.mlp.2.bias,1.55099926e-02,2.70000000e-03,5.702031
45,blocks.1.ln1.weight,5.11523737e-04,2.70000000e-03,5.702031
45,blocks.1.ln1.bias,4.77367867e-02,2.70000000e-03,5.702031
45,blocks.1.attn.in_proj_weight,6.91178301e-03,2.70000000e-03,5.702031
45,blocks.1.attn.in_proj_bias,5.90165036e-02,2.70000000e-03,5.702031
45,blocks.1.attn.out_proj.weight,9.31478125e-03,2.70000000e-03,5.702031
45,blocks.1.attn.out_proj.bias,5.85927424e-02,2.70000000e-03,5.702031
45,blocks.1.ln2.weight,6.82413382e-04,2.70000000e-03,5.702031
45,blocks.1.ln2.bias,6.56802026e-02,2.70000000e-03,5.702031
45,blocks.1.mlp.0.weight,8.48305005e-03,2.70000000e-03,5.702031
45,blocks.1.mlp.0.bias,9.38478179e-03,2.70000000e-03,5.702031
45,blocks.1.mlp.2.weight,1.62467385e-02,2.70000000e-03,5.702031
45,blocks.1.mlp.2.bias,1.47806427e-02,2.70000000e-03,5.702031
45,ln_f.weight,2.25127687e-03,2.70000000e-03,5.702031
45,ln_f.bias,6.90546605e-02,2.70000000e-03,5.702031
45,lm_head.weight,9.24404054e-03,2.70000000e-03,5.702031
46,token_emb.weight,6.56606636e-04,2.76000000e-03,5.731277
46,pos_emb.weight,6.75657669e-04,2.76000000e-03,5.731277
46,blocks.0.ln1.weight,6.72983297e-04,2.76000000e-03,5.731277
46,blocks.0.ln1.bias,4.59125923e-02,2.76000000e-03,5.731277
46,blocks.0.attn.in_proj_weight,7.07742534e-03,2.76000000e-03,5.731277
46,blocks.0.attn.in_proj_bias,5.46046701e-02,2.76000000e-03,5.731277
46,blocks.0.attn.out_proj.weight,8.12312396e-03,2.76000000e-03,5.731277
46,blocks.0.attn.out_proj.bias,5.12282065e-02,2.76000000e-03,5.731277
46,blocks.0.ln2.weight,7.03851391e-04,2.76000000e-03,5.731277
46,blocks.0.ln2.bias,5.78857417e-02,2.76000000e-03,5.731277
46,blocks.0.mlp.0.weight,8.61425491e-03,2.76000000e-03,5.731277
46,blocks.0.mlp.0.bias,8.02686879e-03,2.76000000e-03,5.731277
46,blocks.0.mlp.2.weight,1.62390129e-02,2.76000000e-03,5.731277
46,blocks.0.mlp.2.bias,1.55979969e-02,2.76000000e-03,5.731277
46,blocks.1.ln1.weight,4.78729067e-04,2.76000000e-03,5.731277
46,blocks.1.ln1.bias,4.62841600e-02,2.76000000e-03,5.731277
46,blocks.1.attn.in_proj_weight,6.87312412e-03,2.76000000e-03,5.731277
46,blocks.1.attn.in_proj_bias,5.83768360e-02,2.76000000e-03,5.731277
46,blocks.1.attn.out_proj.weight,9.17193138e-03,2.76000000e-03,5.731277
46,blocks.1.attn.out_proj.bias,5.66561629e-02,2.76000000e-03,5.731277
46,blocks.1.ln2.weight,6.84065725e-04,2.76000000e-03,5.731277
46,blocks.1.ln2.bias,5.88175240e-02,2.76000000e-03,5.731277
46,blocks.1.mlp.0.weight,8.65531202e-03,2.76000000e-03,5.731277
46,blocks.1.mlp.0.bias,9.15666292e-03,2.76000000e-03,5.731277
46,blocks.1.mlp.2.weight,1.63800160e-02,2.76000000e-03,5.731277
46,blocks.1.mlp.2.bias,1.47460356e-02,2.76000000e-03,5.731277
46,ln_f.weight,2.32138596e-03,2.76000000e-03,5.731277
46,ln_f.bias,6.32009475e-02,2.76000000e-03,5.731277
46,lm_head.weight,9.47826161e-03,2.76000000e-03,5.731277
47,token_emb.weight,6.64962102e-04,2.82000000e-03,5.636869
47,pos_emb.weight,6.85936807e-04,2.82000000e-03,5.636869
47,blocks.0.ln1.weight,6.65024901e-04,2.82000000e-03,5.636869
47,blocks.0.ln1.bias,4.28590515e-02,2.82000000e-03,5.636869
47,blocks.0.attn.in_proj_weight,7.22985778e-03,2.82000000e-03,5.636869
47,blocks.0.attn.in_proj_bias,5.46110324e-02,2.82000000e-03,5.636869
47,blocks.0.attn.out_proj.weight,8.29286210e-03,2.82000000e-03,5.636869
47,blocks.0.attn.out_proj.bias,4.99119950e-02,2.82000000e-03,5.636869
47,blocks.0.ln2.weight,6.79762634e-04,2.82000000e-03,5.636869
47,blocks.0.ln2.bias,5.49723608e-02,2.82000000e-03,5.636869
47,blocks.0.mlp.0.weight,8.71661235e-03,2.82000000e-03,5.636869
47,blocks.0.mlp.0.bias,7.98635991e-03,2.82000000e-03,5.636869
47,blocks.0.mlp.2.weight,1.63395460e-02,2.82000000e-03,5.636869
47,blocks.0.mlp.2.bias,1.53464052e-02,2.82000000e-03,5.636869
47,blocks.1.ln1.weight,5.09421787e-04,2.82000000e-03,5.636869
47,blocks.1.ln1.bias,3.69479261e-02,2.82000000e-03,5.636869
47,blocks.1.attn.in_proj_weight,6.94525028e-03,2.82000000e-03,5.636869
47,blocks.1.attn.in_proj_bias,5.05295235e-02,2.82000000e-03,5.636869
47,blocks.1.attn.out_proj.weight,9.39721056e-03,2.82000000e-03,5.636869
47,blocks.1.attn.out_proj.bias,5.47713734e-02,2.82000000e-03,5.636869
47,blocks.1.ln2.weight,6.99103632e-04,2.82000000e-03,5.636869
47,blocks.1.ln2.bias,5.80583451e-02,2.82000000e-03,5.636869
47,blocks.1.mlp.0.weight,8.75866866e-03,2.82000000e-03,5.636869
47,blocks.1.mlp.0.bias,8.90861658e-03,2.82000000e-03,5.636869
47,blocks.1.mlp.2.weight,1.66041429e-02,2.82000000e-03,5.636869
47,blocks.1.mlp.2.bias,1.46823868e-02,2.82000000e-03,5.636869
47,ln_f.weight,2.34339491e-03,2.82000000e-03,5.636869
47,ln_f.bias,6.83512153e-02,2.82000000e-03,5.636869
47,lm_head.weight,9.66502115e-03,2.82000000e-03,5.636869
48,token_emb.weight,6.76228694e-04,2.88000000e-03,5.650381
48,pos_emb.weight,6.95516515e-04,2.88000000e-03,5.650381
48,blocks.0.ln1.weight,6.49835101e-04,2.88000000e-03,5.650381
48,blocks.0.ln1.bias,3.90899382e-02,2.88000000e-03,5.650381
48,blocks.0.attn.in_proj_weight,7.20671241e-03,2.88000000e-03,5.650381
48,blocks.0.attn.in_proj_bias,5.01144565e-02,2.88000000e-03,5.650381
48,blocks.0.attn.out_proj.weight,8.45017546e-03,2.88000000e-03,5.650381
48,blocks.0.attn.out_proj.bias,5.04059396e-02,2.88000000e-03,5.650381
48,blocks.0.ln2.weight,6.62938075e-04,2.88000000e-03,5.650381
48,blocks.0.ln2.bias,5.33303228e-02,2.88000000e-03,5.650381
48,blocks.0.mlp.0.weight,8.80064974e-03,2.88000000e-03,5.650381
48,blocks.0.mlp.0.bias,7.99840332e-03,2.88000000e-03,5.650381
48,blocks.0.mlp.2.weight,1.65214415e-02,2.88000000e-03,5.650381
48,blocks.0.mlp.2.bias,1.57230432e-02,2.88000000e-03,5.650381
48,blocks.1.ln1.weight,5.61391233e-04,2.88000000e-03,5.650381
48,blocks.1.ln1.bias,3.61662116e-02,2.88000000e-03,5.650381
48,blocks.1.attn.in_proj_weight,7.02552441e-03,2.88000000e-03,5.650381
48,blocks.1.attn.in_proj_bias,4.87723920e-02,2.88000000e-03,5.650381
48,blocks.1.attn.out_proj.weight,9.60458729e-03,2.88000000e-03,5.650381
48,blocks.1.attn.out_proj.bias,5.41486471e-02,2.88000000e-03,5.650381
48,blocks.1.ln2.weight,7.22487689e-04,2.88000000e-03,5.650381
48,blocks.1.ln2.bias,6.02744888e-02,2.88000000e-03,5.650381
48,blocks.1.mlp.0.weight,8.88706955e-03,2.88000000e-03,5.650381
48,blocks.1.mlp.0.bias,9.21933710e-03,2.88000000e-03,5.650381
48,blocks.1.mlp.2.weight,1.67995770e-02,2.88000000e-03,5.650381
48,blocks.1.mlp.2.bias,1.52017839e-02,2.88000000e-03,5.650381
48,ln_f.weight,2.37413320e-03,2.88000000e-03,5.650381
48,ln_f.bias,6.66607778e-02,2.88000000e-03,5.650381
48,lm_head.weight,9.82187825e-03,2.88000000e-03,5.650381
49,token_emb.weight,6.88757834e-04,2.94000000e-03,5.660713
49,pos_emb.weight,7.05173842e-04,2.94000000e-03,5.660713
49,blocks.0.ln1.weight,6.76845799e-04,2.94000000e-03,5.660713
49,blocks.0.ln1.bias,4.96236130e-02,2.94000000e-03,5.660713
49,blocks.0.attn.in_proj_weight,7.33379849e-03,2.94000000e-03,5.660713
49,blocks.0.attn.in_proj_bias,5.37322348e-02,2.94000000e-03,5.660713
49,blocks.0.attn.out_proj.weight,8.95635443e-03,2.94000000e-03,5.660713
49,blocks.0.attn.out_proj.bias,5.24085932e-02,2.94000000e-03,5.660713
49,blocks.0.ln2.weight,6.65781671e-04,2.94000000e-03,5.660713
49,blocks.0.ln2.bias,5.39228263e-02,2.94000000e-03,5.660713
49,blocks.0.mlp.0.weight,8.88982810e-03,2.94000000e-03,5.660713
49,blocks.0.mlp.0.bias,8.78649506e-03,2.94000000e-03,5.660713
49,blocks.0.mlp.2.weight,1.68048668e-02,2.94000000e-03,5.660713
49,blocks.0.mlp.2.bias,1.75595758e-02,2.94000000e-03,5.660713
49,blocks.1.ln1.weight,5.74693045e-04,2.94000000e-03,5.660713
49,blocks.1.ln1.bias,4.84867656e-02,2.94000000e-03,5.660713
49,blocks.1.attn.in_proj_weight,7.24577620e-03,2.94000000e-03,5.660713
49,blocks.1.attn.in_proj_bias,5.58237578e-02,2.94000000e-03,5.660713
49,blocks.1.attn.out_proj.weight,1.01223736e-02,2.94000000e-03,5.660713
49,blocks.1.attn.out_proj.bias,5.73808258e-02,2.94000000e-03,5.660713
49,blocks.1.ln2.weight,7.16012722e-04,2.94000000e-03,5.660713
49,blocks.1.ln2.bias,5.80185501e-02,2.94000000e-03,5.660713
49,blocks.1.mlp.0.weight,8.96720321e-03,2.94000000e-03,5.660713
49,blocks.1.mlp.0.bias,9.70853452e-03,2.94000000e-03,5.660713
49,blocks.1.mlp.2.weight,1.69733837e-02,2.94000000e-03,5.660713
49,blocks.1.mlp.2.bias,1.66661825e-02,2.94000000e-03,5.660713
49,ln_f.weight,2.40059101e-03,2.94000000e-03,5.660713
49,ln_f.bias,6.80051120e-02,2.94000000e-03,5.660713
49,lm_head.weight,1.00471541e-02,2.94000000e-03,5.660713
50,token_emb.weight,7.02483133e-04,3.00000000e-03,5.650764
50,pos_emb.weight,7.19421104e-04,3.00000000e-03,5.650764
50,blocks.0.ln1.weight,7.18902176e-04,3.00000000e-03,5.650764
50,blocks.0.ln1.bias,5.68281128e-02,3.00000000e-03,5.650764
50,blocks.0.attn.in_proj_weight,7.62081281e-03,3.00000000e-03,5.650764
50,blocks.0.attn.in_proj_bias,5.83630997e-02,3.00000000e-03,5.650764
50,blocks.0.attn.out_proj.weight,9.79147845e-03,3.00000000e-03,5.650764
50,blocks.0.attn.out_proj.bias,5.72132550e-02,3.00000000e-03,5.650764
50,blocks.0.ln2.weight,6.63121996e-04,3.00000000e-03,5.650764
50,blocks.0.ln2.bias,5.92717176e-02,3.00000000e-03,5.650764
50,blocks.0.mlp.0.weight,9.01501341e-03,3.00000000e-03,5.650764
50,blocks.0.mlp.0.bias,9.73743232e-03,3.00000000e-03,5.650764
50,blocks.0.mlp.2.weight,1.70451575e-02,3.00000000e-03,5.650764
50,blocks.0.mlp.2.bias,1.88837963e-02,3.00000000e-03,5.650764
50,blocks.1.ln1.weight,6.48426547e-04,3.00000000e-03,5.650764
50,blocks.1.ln1.bias,5.16967784e-02,3.00000000e-03,5.650764
50,blocks.1.attn.in_proj_weight,7.42985203e-03,3.00000000e-03,5.650764
50,blocks.1.attn.in_proj_bias,5.16946748e-02,3.00000000e-03,5.650764
50,blocks.1.attn.out_proj.weight,1.05679155e-02,3.00000000e-03,5.650764
50,blocks.1.attn.out_proj.bias,5.89559906e-02,3.00000000e-03,5.650764
50,blocks.1.ln2.weight,7.24648284e-04,3.00000000e-03,5.650764
50,blocks.1.ln2.bias,6.09623037e-02,3.00000000e-03,5.650764
50,blocks.1.mlp.0.weight,9.05812036e-03,3.00000000e-03,5.650764
50,blocks.1.mlp.0.bias,1.01992662e-02,3.00000000e-03,5.650764
50,blocks.1.mlp.2.weight,1.71461044e-02,3.00000000e-03,5.650764
50,blocks.1.mlp.2.bias,1.72642279e-02,3.00000000e-03,5.650764
50,ln_f.weight,2.43058918e-03,3.00000000e-03,5.650764
50,ln_f.bias,7.09369050e-02,3.00000000e-03,5.650764
50,lm_head.weight,1.02574306e-02,3.00000000e-03,5.650764
51,token_emb.weight,7.01218908e-04,3.00000000e-03,5.655779
51,pos_emb.weight,7.17511221e-04,3.00000000e-03,5.655779
51,blocks.0.ln1.weight,7.31319480e-04,3.00000000e-03,5.655779
51,blocks.0.ln1.bias,5.90779947e-02,3.00000000e-03,5.655779
51,blocks.0.attn.in_proj_weight,7.58676989e-03,3.00000000e-03,5.655779
51,blocks.0.attn.in_proj_bias,5.99417246e-02,3.00000000e-03,5.655779
51,blocks.0.attn.out_proj.weight,9.84749859e-03,3.00000000e-03,5.655779
51,blocks.0.attn.out_proj.bias,5.79020702e-02,3.00000000e-03,5.655779
51,blocks.0.ln2.weight,6.82478600e-04,3.00000000e-03,5.655779
51,blocks.0.ln2.bias,5.87838859e-02,3.00000000e-03,5.655779
51,blocks.0.mlp.0.weight,8.99495474e-03,3.00000000e-03,5.655779
51,blocks.0.mlp.0.bias,9.85672477e-03,3.00000000e-03,5.655779
51,blocks.0.mlp.2.weight,1.70834477e-02,3.00000000e-03,5.655779
51,blocks.0.mlp.2.bias,1.87805621e-02,3.00000000e-03,5.655779
51,blocks.1.ln1.weight,6.60525306e-04,3.00000000e-03,5.655779
51,blocks.1.ln1.bias,5.21284037e-02,3.00000000e-03,5.655779
51,blocks.1.attn.in_proj_weight,7.57903552e-03,3.00000000e-03,5.655779
51,blocks.1.attn.in_proj_bias,5.11453972e-02,3.00000000e-03,5.655779
51,blocks.1.attn.out_proj.weight,1.05344519e-02,3.00000000e-03,5.655779
51,blocks.1.attn.out_proj.bias,5.64427205e-02,3.00000000e-03,5.655779
51,blocks.1.ln2.weight,7.55664100e-04,3.00000000e-03,5.655779
51,blocks.1.ln2.bias,6.85050596e-02,3.00000000e-03,5.655779
51,blocks.1.mlp.0.weight,9.04351973e-03,3.00000000e-03,5.655779
51,blocks.1.mlp.0.bias,1.03061653e-02,3.00000000e-03,5.655779
51,blocks.1.mlp.2.weight,1.70812333e-02,3.00000000e-03,5.655779
51,blocks.1.mlp.2.bias,1.69494397e-02,3.00000000e-03,5.655779
51,ln_f.weight,2.43195581e-03,3.00000000e-03,5.655779
51,ln_f.bias,6.64140886e-02,3.00000000e-03,5.655779
51,lm_head.weight,1.01391712e-02,3.00000000e-03,5.655779
52,token_emb.weight,6.95542693e-04,3.00000000e-03,5.604357
52,pos_emb.weight,7.16447808e-04,3.00000000e-03,5.604357
52,blocks.0.ln1.weight,7.29514846e-04,3.00000000e-03,5.604357
52,blocks.0.ln1.bias,6.10708776e-02,3.00000000e-03,5.604357
52,blocks.0.attn.in_proj_weight,7.55279877e-03,3.00000000e-03,5.604357
52,blocks.0.attn.in_proj_bias,5.78933475e-02,3.00000000e-03,5.604357
52,blocks.0.attn.out_proj.weight,9.62275042e-03,3.00000000e-03,5.604357
52,blocks.0.attn.out_proj.bias,5.45048065e-02,3.00000000e-03,5.604357
52,blocks.0.ln2.weight,6.18122319e-04,3.00000000e-03,5.604357
52,blocks.0.ln2.bias,5.43036315e-02,3.00000000e-03,5.604357
52,blocks.0.mlp.0.weight,8.92528877e-03,3.00000000e-03,5.604357
52,blocks.0.mlp.0.bias,9.68374835e-03,3.00000000e-03,5.604357
52,blocks.0.mlp.2.weight,1.68473459e-02,3.00000000e-03,5.604357
52,blocks.0.mlp.2.bias,1.79596779e-02,3.00000000e-03,5.604357
52,blocks.1.ln1.weight,6.71852056e-04,3.00000000e-03,5.604357
52,blocks.1.ln1.bias,5.35947931e-02,3.00000000e-03,5.604357
52,blocks.1.attn.in_proj_weight,7.59629098e-03,3.00000000e-03,5.604357
52,blocks.1.attn.in_proj_bias,4.99800239e-02,3.00000000e-03,5.604357
52,blocks.1.attn.out_proj.weight,1.00606441e-02,3.00000000e-03,5.604357
52,blocks.1.attn.out_proj.bias,5.20514317e-02,3.00000000e-03,5.604357
52,blocks.1.ln2.weight,7.21334292e-04,3.00000000e-03,5.604357
52,blocks.1.ln2.bias,6.15117297e-02,3.00000000e-03,5.604357
52,blocks.1.mlp.0.weight,8.93130242e-03,3.00000000e-03,5.604357
52,blocks.1.mlp.0.bias,9.91829668e-03,3.00000000e-03,5.604357
52,blocks.1.mlp.2.weight,1.67576170e-02,3.00000000e-03,5.604357
52,blocks.1.mlp.2.bias,1.60051433e-02,3.00000000e-03,5.604357
52,ln_f.weight,2.39314932e-03,3.00000000e-03,5.604357
52,ln_f.bias,6.29569133e-02,3.00000000e-03,5.604357
52,lm_head.weight,1.01131590e-02,3.00000000e-03,5.604357
53,token_emb.weight,6.91775368e-04,3.00000000e-03,5.636590
53,pos_emb.weight,7.14178621e-04,3.00000000e-03,5.636590
53,blocks.0.ln1.weight,7.84381112e-04,3.00000000e-03,5.636590
53,blocks.0.ln1.bias,6.54034105e-02,3.00000000e-03,5.636590
53,blocks.0.attn.in_proj_weight,7.61122073e-03,3.00000000e-03,5.636590
53,blocks.0.attn.in_proj_bias,5.95955077e-02,3.00000000e-03,5.636590
53,blocks.0.attn.out_proj.weight,9.54469029e-03,3.00000000e-03,5.636590
53,blocks.0.attn.out_proj.bias,5.21055929e-02,3.00000000e-03,5.636590
53,blocks.0.ln2.weight,6.43314208e-04,3.00000000e-03,5.636590
53,blocks.0.ln2.bias,5.20636927e-02,3.00000000e-03,5.636590
53,blocks.0.mlp.0.weight,8.93286090e-03,3.00000000e-03,5.636590
53,blocks.0.mlp.0.bias,9.70381187e-03,3.00000000e-03,5.636590
53,blocks.0.mlp.2.weight,1.67494080e-02,3.00000000e-03,5.636590
53,blocks.0.mlp.2.bias,1.76954513e-02,3.00000000e-03,5.636590
53,blocks.1.ln1.weight,6.95998308e-04,3.00000000e-03,5.636590
53,blocks.1.ln1.bias,5.31763450e-02,3.00000000e-03,5.636590
53,blocks.1.attn.in_proj_weight,7.57389047e-03,3.00000000e-03,5.636590
53,blocks.1.attn.in_proj_bias,4.87809951e-02,3.00000000e-03,5.636590
53,blocks.1.attn.out_proj.weight,9.86652185e-03,3.00000000e-03,5.636590
53,blocks.1.attn.out_proj.bias,4.92781127e-02,3.00000000e-03,5.636590
53,blocks.1.ln2.weight,6.74299949e-04,3.00000000e-03,5.636590
53,blocks.1.ln2.bias,5.76496249e-02,3.00000000e-03,5.636590
53,blocks.1.mlp.0.weight,8.85287110e-03,3.00000000e-03,5.636590
53,blocks.1.mlp.0.bias,9.73069650e-03,3.00000000e-03,5.636590
53,blocks.1.mlp.2.weight,1.65815747e-02,3.00000000e-03,5.636590
53,blocks.1.mlp.2.bias,1.56618727e-02,3.00000000e-03,5.636590
53,ln_f.weight,2.38131124e-03,3.00000000e-03,5.636590
53,ln_f.bias,5.94744126e-02,3.00000000e-03,5.636590
53,lm_head.weight,1.01246606e-02,3.00000000e-03,5.636590
54,token_emb.weight,6.89445488e-04,3.00000000e-03,5.640753
54,pos_emb.weight,7.12078923e-04,3.00000000e-03,5.640753
54,blocks.0.ln1.weight,7.99301543e-04,3.00000000e-03,5.640753
54,blocks.0.ln1.bias,6.54085694e-02,3.00000000e-03,5.640753
54,blocks.0.attn.in_proj_weight,7.65461816e-03,3.00000000e-03,5.640753
54,blocks.0.attn.in_proj_bias,5.88872676e-02,3.00000000e-03,5.640753
54,blocks.0.attn.out_proj.weight,9.88281454e-03,3.00000000e-03,5.640753
54,blocks.0.attn.out_proj.bias,5.30789408e-02,3.00000000e-03,5.640753
54,blocks.0.ln2.weight,6.36036282e-04,3.00000000e-03,5.640753
54,blocks.0.ln2.bias,5.15336069e-02,3.00000000e-03,5.640753
54,blocks.0.mlp.0.weight,8.92227353e-03,3.00000000e-03,5.640753
54,blocks.0.mlp.0.bias,9.73723165e-03,3.00000000e-03,5.640753
54,blocks.0.mlp.2.weight,1.67940020e-02,3.00000000e-03,5.640753
54,blocks.0.mlp.2.bias,1.85916346e-02,3.00000000e-03,5.640753
54,blocks.1.ln1.weight,7.32361058e-04,3.00000000e-03,5.640753
54,blocks.1.ln1.bias,5.93151027e-02,3.00000000e-03,5.640753
54,blocks.1.attn.in_proj_weight,7.84301127e-03,3.00000000e-03,5.640753
54,blocks.1.attn.in_proj_bias,5.48730443e-02,3.00000000e-03,5.640753
54,blocks.1.attn.out_proj.weight,1.05212621e-02,3.00000000e-03,5.640753
54,blocks.1.attn.out_proj.bias,5.06211004e-02,3.00000000e-03,5.640753
54,blocks.1.ln2.weight,7.25462433e-04,3.00000000e-03,5.640753
54,blocks.1.ln2.bias,5.86227694e-02,3.00000000e-03,5.640753
54,blocks.1.mlp.0.weight,8.85270888e-03,3.00000000e-03,5.640753
54,blocks.1.mlp.0.bias,1.02108444e-02,3.00000000e-03,5.640753
54,blocks.1.mlp.2.weight,1.67520491e-02,3.00000000e-03,5.640753
54,blocks.1.mlp.2.bias,1.66827491e-02,3.00000000e-03,5.640753
54,ln_f.weight,2.35793895e-03,3.00000000e-03,5.640753
54,ln_f.bias,6.35378342e-02,3.00000000e-03,5.640753
54,lm_head.weight,1.01261993e-02,3.00000000e-03,5.640753
55,token_emb.weight,6.84693062e-04,3.00000000e-03,5.613667
55,pos_emb.weight,7.03522776e-04,3.00000000e-03,5.613667
55,blocks.0.ln1.weight,8.14850642e-04,3.00000000e-03,5.613667
55,blocks.0.ln1.bias,6.60504434e-02,3.00000000e-03,5.613667
55,blocks.0.attn.in_proj_weight,7.61303660e-03,3.00000000e-03,5.613667
55,blocks.0.attn.in_proj_bias,5.77388420e-02,3.00000000e-03,5.613667
55,blocks.0.attn.out_proj.weight,9.75208433e-03,3.00000000e-03,5.613667
55,blocks.0.attn.out_proj.bias,4.92587624e-02,3.00000000e-03,5.613667
55,blocks.0.ln2.weight,6.16556052e-04,3.00000000e-03,5.613667
55,blocks.0.ln2.bias,4.63200527e-02,3.00000000e-03,5.613667
55,blocks.0.mlp.0.weight,8.84208679e-03,3.00000000e-03,5.613667
55,blocks.0.mlp.0.bias,9.45616114e-03,3.00000000e-03,5.613667
55,blocks.0.mlp.2.weight,1.64492270e-02,3.00000000e-03,5.613667
55,blocks.0.mlp.2.bias,1.75223756e-02,3.00000000e-03,5.613667
55,blocks.1.ln1.weight,7.95274221e-04,3.00000000e-03,5.613667
55,blocks.1.ln1.bias,5.38969947e-02,3.00000000e-03,5.613667
55,blocks.1.attn.in_proj_weight,7.56351630e-03,3.00000000e-03,5.613667
55,blocks.1.attn.in_proj_bias,5.23423456e-02,3.00000000e-03,5.613667
55,blocks.1.attn.out_proj.weight,1.02237266e-02,3.00000000e-03,5.613667
55,blocks.1.attn.out_proj.bias,4.62972724e-02,3.00000000e-03,5.613667
55,blocks.1.ln2.weight,6.77208111e-04,3.00000000e-03,5.613667
55,blocks.1.ln2.bias,5.25793396e-02,3.00000000e-03,5.613667
55,blocks.1.mlp.0.weight,8.67858361e-03,3.00000000e-03,5.613667
55,blocks.1.mlp.0.bias,9.83864551e-03,3.00000000e-03,5.613667
55,blocks.1.mlp.2.weight,1.63574692e-02,3.00000000e-03,5.613667
55,blocks.1.mlp.2.bias,1.55055676e-02,3.00000000e-03,5.613667
55,ln_f.weight,2.33226699e-03,3.00000000e-03,5.613667
55,ln_f.bias,6.06763682e-02,3.00000000e-03,5.613667
55,lm_head.weight,1.01762073e-02,3.00000000e-03,5.613667
56,token_emb.weight,6.84599894e-04,3.00000000e-03,5.664926
56,pos_emb.weight,6.97740465e-04,3.00000000e-03,5.664926
56,blocks.0.ln1.weight,8.00893662e-04,3.00000000e-03,5.664926
56,blocks.0.ln1.bias,5.68471195e-02,3.00000000e-03,5.664926
56,blocks.0.attn.in_proj_weight,7.53787169e-03,3.00000000e-03,5.664926
56,blocks.0.attn.in_proj_bias,5.21303504e-02,3.00000000e-03,5.664926
56,blocks.0.attn.out_proj.weight,9.43723798e-03,3.00000000e-03,5.664926
56,blocks.0.attn.out_proj.bias,4.53465414e-02,3.00000000e-03,5.664926
56,blocks.0.ln2.weight,6.34819362e-04,3.00000000e-03,5.664926
56,blocks.0.ln2.bias,4.45978276e-02,3.00000000e-03,5.664926
56,blocks.0.mlp.0.weight,8.73336783e-03,3.00000000e-03,5.664926
56,blocks.0.mlp.0.bias,9.20329333e-03,3.00000000e-03,5.664926
56,blocks.0.mlp.2.weight,1.61757894e-02,3.00000000e-03,5.664926
56,blocks.0.mlp.2.bias,1.66139083e-02,3.00000000e-03,5.664926
56,blocks.1.ln1.weight,7.27447275e-04,3.00000000e-03,5.664926
56,blocks.1.ln1.bias,4.85752230e-02,3.00000000e-03,5.664926
56,blocks.1.attn.in_proj_weight,7.44828808e-03,3.00000000e-03,5.664926
56,blocks.1.attn.in_proj_bias,4.63953945e-02,3.00000000e-03,5.664926
56,blocks.1.attn.out_proj.weight,1.00359517e-02,3.00000000e-03,5.664926
56,blocks.1.attn.out_proj.bias,4.44812125e-02,3.00000000e-03,5.664926
56,blocks.1.ln2.weight,6.63445933e-04,3.00000000e-03,5.664926
56,blocks.1.ln2.bias,4.81037550e-02,3.00000000e-03,5.664926
56,blocks.1.mlp.0.weight,8.63925456e-03,3.00000000e-03,5.664926
56,blocks.1.mlp.0.bias,9.89131536e-03,3.00000000e-03,5.664926
56,blocks.1.mlp.2.weight,1.62155991e-02,3.00000000e-03,5.664926
56,blocks.1.mlp.2.bias,1.52029928e-02,3.00000000e-03,5.664926
56,ln_f.weight,2.34839307e-03,3.00000000e-03,5.664926
56,ln_f.bias,6.02036859e-02,3.00000000e-03,5.664926
56,lm_head.weight,1.02203385e-02,3.00000000e-03,5.664926
57,token_emb.weight,6.85069506e-04,3.00000000e-03,5.653219
57,pos_emb.weight,7.01016573e-04,3.00000000e-03,5.653219
57,blocks.0.ln1.weight,8.18372718e-04,3.00000000e-03,5.653219
57,blocks.0.ln1.bias,6.31751452e-02,3.00000000e-03,5.653219
57,blocks.0.attn.in_proj_weight,7.64489401e-03,3.00000000e-03,5.653219
57,blocks.0.attn.in_proj_bias,5.56121040e-02,3.00000000e-03,5.653219
57,blocks.0.attn.out_proj.weight,9.85812563e-03,3.00000000e-03,5.653219
57,blocks.0.attn.out_proj.bias,4.76598370e-02,3.00000000e-03,5.653219
57,blocks.0.ln2.weight,7.07412380e-04,3.00000000e-03,5.653219
57,blocks.0.ln2.bias,4.72643618e-02,3.00000000e-03,5.653219
57,blocks.0.mlp.0.weight,8.72146585e-03,3.00000000e-03,5.653219
57,blocks.0.mlp.0.bias,9.96520462e-03,3.00000000e-03,5.653219
57,blocks.0.mlp.2.weight,1.62366344e-02,3.00000000e-03,5.653219
57,blocks.0.mlp.2.bias,1.77952007e-02,3.00000000e-03,5.653219
57,blocks.1.ln1.weight,7.52038883e-04,3.00000000e-03,5.653219
57,blocks.1.ln1.bias,5.31206896e-02,3.00000000e-03,5.653219
57,blocks.1.attn.in_proj_weight,7.57139553e-03,3.00000000e-03,5.653219
57,blocks.1.attn.in_proj_bias,4.92414457e-02,3.00000000e-03,5.653219
57,blocks.1.attn.out_proj.weight,1.04851576e-02,3.00000000e-03,5.653219
57,blocks.1.attn.out_proj.bias,4.50382721e-02,3.00000000e-03,5.653219
57,blocks.1.ln2.weight,6.98852601e-04,3.00000000e-03,5.653219
57,blocks.1.ln2.bias,5.69061157e-02,3.00000000e-03,5.653219
57,blocks.1.mlp.0.weight,8.69570833e-03,3.00000000e-03,5.653219
57,blocks.1.mlp.0.bias,1.06342834e-02,3.00000000e-03,5.653219
57,blocks.1.mlp.2.weight,1.62977282e-02,3.00000000e-03,5.653219
57,blocks.1.mlp.2.bias,1.56609951e-02,3.00000000e-03,5.653219
57,ln_f.weight,2.35237468e-03,3.00000000e-03,5.653219
57,ln_f.bias,5.99842149e-02,3.00000000e-03,5.653219
57,lm_head.weight,1.02379655e-02,3.00000000e-03,5.653219
58,token_emb.weight,6.80748960e-04,3.00000000e-03,5.672712
58,pos_emb.weight,6.95969990e-04,3.00000000e-03,5.672712
58,blocks.0.ln1.weight,8.18634166e-04,3.00000000e-03,5.672712
58,blocks.0.ln1.bias,6.15403674e-02,3.00000000e-03,5.672712
58,blocks.0.attn.in_proj_weight,7.55251397e-03,3.00000000e-03,5.672712
58,blocks.0.attn.in_proj_bias,5.38674913e-02,3.00000000e-03,5.672712
58,blocks.0.attn.out_proj.weight,9.85829414e-03,3.00000000e-03,5.672712
58,blocks.0.attn.out_proj.bias,4.71204807e-02,3.00000000e-03,5.672712
58,blocks.0.ln2.weight,6.78711190e-04,3.00000000e-03,5.672712
58,blocks.0.ln2.bias,4.47801057e-02,3.00000000e-03,5.672712
58,blocks.0.mlp.0.weight,8.58314616e-03,3.00000000e-03,5.672712
58,blocks.0.mlp.0.bias,9.54124948e-03,3.00000000e-03,5.672712
58,blocks.0.mlp.2.weight,1.59877306e-02,3.00000000e-03,5.672712
58,blocks.0.mlp.2.bias,1.81108599e-02,3.00000000e-03,5.672712
58,blocks.1.ln1.weight,6.78125700e-04,3.00000000e-03,5.672712
58,blocks.1.ln1.bias,4.49875541e-02,3.00000000e-03,5.672712
58,blocks.1.attn.in_proj_weight,7.24667787e-03,3.00000000e-03,5.672712
58,blocks.1.attn.in_proj_bias,4.32965046e-02,3.00000000e-03,5.672712
58,blocks.1.attn.out_proj.weight,1.08989684e-02,3.00000000e-03,5.672712
58,blocks.1.attn.out_proj.bias,4.47278079e-02,3.00000000e-03,5.672712
58,blocks.1.ln2.weight,6.92478403e-04,3.00000000e-03,5.672712
58,blocks.1.ln2.bias,5.59022769e-02,3.00000000e-03,5.672712
58,blocks.1.mlp.0.weight,8.73034979e-03,3.00000000e-03,5.672712
58,blocks.1.mlp.0.bias,1.07905660e-02,3.00000000e-03,5.672712
58,blocks.1.mlp.2.weight,1.62940523e-02,3.00000000e-03,5.672712
58,blocks.1.mlp.2.bias,1.64360201e-02,3.00000000e-03,5.672712
58,ln_f.weight,2.36173484e-03,3.00000000e-03,5.672712
58,ln_f.bias,6.09915406e-02,3.00000000e-03,5.672712
58,lm_head.weight,1.01985617e-02,3.00000000e-03,5.672712
59,token_emb.weight,6.78936009e-04,3.00000000e-03,5.635764
59,pos_emb.weight,6.94018967e-04,3.00000000e-03,5.635764
59,blocks.0.ln1.weight,8.52854071e-04,3.00000000e-03,5.635764
59,blocks.0.ln1.bias,6.38472792e-02,3.00000000e-03,5.635764
59,blocks.0.attn.in_proj_weight,7.59301635e-03,3.00000000e-03,5.635764
59,blocks.0.attn.in_proj_bias,5.55988662e-02,3.00000000e-03,5.635764
59,blocks.0.attn.out_proj.weight,9.90123933e-03,3.00000000e-03,5.635764
59,blocks.0.attn.out_proj.bias,4.70856726e-02,3.00000000e-03,5.635764
59,blocks.0.ln2.weight,7.15933132e-04,3.00000000e-03,5.635764
59,blocks.0.ln2.bias,4.42382477e-02,3.00000000e-03,5.635764
59,blocks.0.mlp.0.weight,8.54914320e-03,3.00000000e-03,5.635764
59,blocks.0.mlp.0.bias,9.87169623e-03,3.00000000e-03,5.635764
59,blocks.0.mlp.2.weight,1.59531210e-02,3.00000000e-03,5.635764
59,blocks.0.mlp.2.bias,1.85422052e-02,3.00000000e-03,5.635764
59,blocks.1.ln1.weight,6.40548636e-04,3.00000000e-03,5.635764
59,blocks.1.ln1.bias,4.42409612e-02,3.00000000e-03,5.635764
59,blocks.1.attn.in_proj_weight,7.13034942e-03,3.00000000e-03,5.635764
59,blocks.1.attn.in_proj_bias,4.30074461e-02,3.00000000e-03,5.635764
59,blocks.1.attn.out_proj.weight,1.09397851e-02,3.00000000e-03,5.635764
59,blocks.1.attn.out_proj.bias,4.42569993e-02,3.00000000e-03,5.635764
59,blocks.1.ln2.weight,7.15417716e-04,3.00000000e-03,5.635764
59,blocks.1.ln2.bias,5.53237083e-02,3.00000000e-03,5.635764
59,blocks.1.mlp.0.weight,8.62000742e-03,3.00000000e-03,5.635764
59,blocks.1.mlp.0.bias,1.08466668e-02,3.00000000e-03,5.635764
59,blocks.1.mlp.2.weight,1.61342250e-02,3.00000000e-03,5.635764
59,blocks.1.mlp.2.bias,1.63128767e-02,3.00000000e-03,5.635764
59,ln_f.weight,2.34241862e-03,3.00000000e-03,5.635764
59,ln_f.bias,6.04218874e-02,3.00000000e-03,5.635764
59,lm_head.weight,1.01549880e-02,3.00000000e-03,5.635764
60,token_emb.weight,6.75283691e-04,3.00000000e-03,5.644778
60,pos_emb.weight,6.80776872e-04,3.00000000e-03,5.644778
60,blocks.0.ln1.weight,8.38962434e-04,3.00000000e-03,5.644778
60,blocks.0.ln1.bias,5.93815214e-02,3.00000000e-03,5.644778
60,blocks.0.attn.in_proj_weight,7.51035418e-03,3.00000000e-03,5.644778
60,blocks.0.attn.in_proj_bias,5.23840044e-02,3.00000000e-03,5.644778
60,blocks.0.attn.out_proj.weight,9.87562517e-03,3.00000000e-03,5.644778
60,blocks.0.attn.out_proj.bias,4.51113990e-02,3.00000000e-03,5.644778
60,blocks.0.ln2.weight,7.51840272e-04,3.00000000e-03,5.644778
60,blocks.0.ln2.bias,4.13096650e-02,3.00000000e-03,5.644778
60,blocks.0.mlp.0.weight,8.42925110e-03,3.00000000e-03,5.644778
60,blocks.0.mlp.0.bias,9.48657512e-03,3.00000000e-03,5.644778
60,blocks.0.mlp.2.weight,1.57875510e-02,3.00000000e-03,5.644778
60,blocks.0.mlp.2.bias,1.81821064e-02,3.00000000e-03,5.644778
60,blocks.1.ln1.weight,6.38863385e-04,3.00000000e-03,5.644778
60,blocks.1.ln1.bias,4.34853182e-02,3.00000000e-03,5.644778
60,blocks.1.attn.in_proj_weight,7.16084008e-03,3.00000000e-03,5.644778
60,blocks.1.attn.in_proj_bias,4.38470201e-02,3.00000000e-03,5.644778
60,blocks.1.attn.out_proj.weight,1.10350783e-02,3.00000000e-03,5.644778
60,blocks.1.attn.out_proj.bias,4.21381305e-02,3.00000000e-03,5.644778
60,blocks.1.ln2.weight,7.03708441e-04,3.00000000e-03,5.644778
60,blocks.1.ln2.bias,5.63173920e-02,3.00000000e-03,5.644778
60,blocks.1.mlp.0.weight,8.47488744e-03,3.00000000e-03,5.644778
60,blocks.1.mlp.0.bias,1.06121136e-02,3.00000000e-03,5.644778
60,blocks.1.mlp.2.weight,1.58272384e-02,3.00000000e-03,5.644778
60,blocks.1.mlp.2.bias,1.57696526e-02,3.00000000e-03,5.644778
60,ln_f.weight,2.32342738e-03,3.00000000e-03,5.644778
60,ln_f.bias,5.97700175e-02,3.00000000e-03,5.644778
60,lm_head.weight,1.01543409e-02,3.00000000e-03,5.644778
61,token_emb.weight,6.72609189e-04,3.00000000e-03,5.587042
61,pos_emb.weight,6.85269463e-04,3.00000000e-03,5.587042
61,blocks.0.ln1.weight,8.23480567e-04,3.00000000e-03,5.587042
61,blocks.0.ln1.bias,5.58210196e-02,3.00000000e-03,5.587042
61,blocks.0.attn.in_proj_weight,7.54629697e-03,3.00000000e-03,5.587042
61,blocks.0.attn.in_proj_bias,4.99292512e-02,3.00000000e-03,5.587042
61,blocks.0.attn.out_proj.weight,1.00363174e-02,3.00000000e-03,5.587042
61,blocks.0.attn.out_proj.bias,4.41224440e-02,3.00000000e-03,5.587042
61,blocks.0.ln2.weight,7.52562142e-04,3.00000000e-03,5.587042
61,blocks.0.ln2.bias,4.29024604e-02,3.00000000e-03,5.587042
61,blocks.0.mlp.0.weight,8.42687132e-03,3.00000000e-03,5.587042
61,blocks.0.mlp.0.bias,9.72556267e-03,3.00000000e-03,5.587042
61,blocks.0.mlp.2.weight,1.57443454e-02,3.00000000e-03,5.587042
61,blocks.0.mlp.2.bias,1.82134714e-02,3.00000000e-03,5.587042
61,blocks.1.ln1.weight,6.67491813e-04,3.00000000e-03,5.587042
61,blocks.1.ln1.bias,4.51567531e-02,3.00000000e-03,5.587042
61,blocks.1.attn.in_proj_weight,7.37331810e-03,3.00000000e-03,5.587042
61,blocks.1.attn.in_proj_bias,4.46989756e-02,3.00000000e-03,5.587042
61,blocks.1.attn.out_proj.weight,1.11496884e-02,3.00000000e-03,5.587042
61,blocks.1.attn.out_proj.bias,4.09132705e-02,3.00000000e-03,5.587042
61,blocks.1.ln2.weight,7.08612804e-04,3.00000000e-03,5.587042
61,blocks.1.ln2.bias,5.85881422e-02,3.00000000e-03,5.587042
61,blocks.1.mlp.0.weight,8.46483897e-03,3.00000000e-03,5.587042
61,blocks.1.mlp.0.bias,1.08353366e-02,3.00000000e-03,5.587042
61,blocks.1.mlp.2.weight,1.57751783e-02,3.00000000e-03,5.587042
61,blocks.1.mlp.2.bias,1.55565486e-02,3.00000000e-03,5.587042
61,ln_f.weight,2.26950680e-03,3.00000000e-03,5.587042
61,ln_f.bias,5.83034770e-02,3.00000000e-03,5.587042
61,lm_head.weight,1.01852961e-02,3.00000000e-03,5.587042
62,token_emb.weight,6.66409019e-04,3.00000000e-03,5.589535
62,pos_emb.weight,6.86363289e-04,3.00000000e-03,5.589535
62,blocks.0.ln1.weight,8.39118602e-04,3.00000000e-03,5.589535
62,blocks.0.ln1.bias,5.71838213e-02,3.00000000e-03,5.589535
62,blocks.0.attn.in_proj_weight,7.54992265e-03,3.00000000e-03,5.589535
62,blocks.0.attn.in_proj_bias,5.04575714e-02,3.00000000e-03,5.589535
62,blocks.0.attn.out_proj.weight,9.92912768e-03,3.00000000e-03,5.589535
62,blocks.0.attn.out_proj.bias,4.21262058e-02,3.00000000e-03,5.589535
62,blocks.0.ln2.weight,7.12083810e-04,3.00000000e-03,5.589535
62,blocks.0.ln2.bias,4.10992097e-02,3.00000000e-03,5.589535
62,blocks.0.mlp.0.weight,8.38381645e-03,3.00000000e-03,5.589535
62,blocks.0.mlp.0.bias,9.33429742e-03,3.00000000e-03,5.589535
62,blocks.0.mlp.2.weight,1.55227543e-02,3.00000000e-03,5.589535
62,blocks.0.mlp.2.bias,1.78646541e-02,3.00000000e-03,5.589535
62,blocks.1.ln1.weight,7.17536923e-04,3.00000000e-03,5.589535
62,blocks.1.ln1.bias,4.46514048e-02,3.00000000e-03,5.589535
62,blocks.1.attn.in_proj_weight,7.30598678e-03,3.00000000e-03,5.589535
62,blocks.1.attn.in_proj_bias,4.26892354e-02,3.00000000e-03,5.589535
62,blocks.1.attn.out_proj.weight,1.08582833e-02,3.00000000e-03,5.589535
62,blocks.1.attn.out_proj.bias,3.87672756e-02,3.00000000e-03,5.589535
62,blocks.1.ln2.weight,6.55351415e-04,3.00000000e-03,5.589535
62,blocks.1.ln2.bias,5.43647901e-02,3.00000000e-03,5.589535
62,blocks.1.mlp.0.weight,8.35019110e-03,3.00000000e-03,5.589535
62,blocks.1.mlp.0.bias,1.05586064e-02,3.00000000e-03,5.589535
62,blocks.1.mlp.2.weight,1.54048307e-02,3.00000000e-03,5.589535
62,blocks.1.mlp.2.bias,1.51933429e-02,3.00000000e-03,5.589535
62,ln_f.weight,2.22415788e-03,3.00000000e-03,5.589535
62,ln_f.bias,5.51659254e-02,3.00000000e-03,5.589535
62,lm_head.weight,1.01121480e-02,3.00000000e-03,5.589535
63,token_emb.weight,6.62630482e-04,3.00000000e-03,5.634264
63,pos_emb.weight,6.84107851e-04,3.00000000e-03,5.634264
63,blocks.0.ln1.weight,8.86055751e-04,3.00000000e-03,5.634264
63,blocks.0.ln1.bias,5.88580603e-02,3.00000000e-03,5.634264
63,blocks.0.attn.in_proj_weight,7.63910425e-03,3.00000000e-03,5.634264
63,blocks.0.attn.in_proj_bias,5.12035354e-02,3.00000000e-03,5.634264
63,blocks.0.attn.out_proj.weight,1.01055121e-02,3.00000000e-03,5.634264
63,blocks.0.attn.out_proj.bias,4.21596030e-02,3.00000000e-03,5.634264
63,blocks.0.ln2.weight,6.77620513e-04,3.00000000e-03,5.634264
63,blocks.0.ln2.bias,4.10209515e-02,3.00000000e-03,5.634264
63,blocks.0.mlp.0.weight,8.34208658e-03,3.00000000e-03,5.634264
63,blocks.0.mlp.0.bias,9.65994429e-03,3.00000000e-03,5.634264
63,blocks.0.mlp.2.weight,1.55009659e-02,3.00000000e-03,5.634264
63,blocks.0.mlp.2.bias,1.83109593e-02,3.00000000e-03,5.634264
63,blocks.1.ln1.weight,7.28182246e-04,3.00000000e-03,5.634264
63,blocks.1.ln1.bias,4.55554862e-02,3.00000000e-03,5.634264
63,blocks.1.attn.in_proj_weight,7.46453262e-03,3.00000000e-03,5.634264
63,blocks.1.attn.in_proj_bias,4.31646007e-02,3.00000000e-03,5.634264
63,blocks.1.attn.out_proj.weight,1.09701463e-02,3.00000000e-03,5.634264
63,blocks.1.attn.out_proj.bias,3.81529313e-02,3.00000000e-03,5.634264
63,blocks.1.ln2.weight,6.54036781e-04,3.00000000e-03,5.634264
63,blocks.1.ln2.bias,5.45519617e-02,3.00000000e-03,5.634264
63,blocks.1.mlp.0.weight,8.35330448e-03,3.00000000e-03,5.634264
63,blocks.1.mlp.0.bias,1.06003731e-02,3.00000000e-03,5.634264
63,blocks.1.mlp.2.weight,1.52176369e-02,3.00000000e-03,5.634264
63,blocks.1.mlp.2.bias,1.48690127e-02,3.00000000e-03,5.634264
63,ln_f.weight,2.23104433e-03,3.00000000e-03,5.634264
63,ln_f.bias,5.50472971e-02,3.00000000e-03,5.634264
63,lm_head.weight,1.00932652e-02,3.00000000e-03,5.634264
64,token_emb.weight,6.58915593e-04,3.00000000e-03,5.631730
64,pos_emb.weight,6.84668615e-04,3.00000000e-03,5.631730
64,blocks.0.ln1.weight,8.86008058e-04,3.00000000e-03,5.631730
64,blocks.0.ln1.bias,6.20421596e-02,3.00000000e-03,5.631730
64,blocks.0.attn.in_proj_weight,7.66481249e-03,3.00000000e-03,5.631730
64,blocks.0.attn.in_proj_bias,5.25242372e-02,3.00000000e-03,5.631730
64,blocks.0.attn.out_proj.weight,1.05396506e-02,3.00000000e-03,5.631730
64,blocks.0.attn.out_proj.bias,4.30625413e-02,3.00000000e-03,5.631730
64,blocks.0.ln2.weight,7.15788047e-04,3.00000000e-03,5.631730
64,blocks.0.ln2.bias,4.30126679e-02,3.00000000e-03,5.631730
64,blocks.0.mlp.0.weight,8.22640842e-03,3.00000000e-03,5.631730
64,blocks.0.mlp.0.bias,1.02535087e-02,3.00000000e-03,5.631730
64,blocks.0.mlp.2.weight,1.55464960e-02,3.00000000e-03,5.631730
64,blocks.0.mlp.2.bias,1.92335575e-02,3.00000000e-03,5.631730
64,blocks.1.ln1.weight,8.17235941e-04,3.00000000e-03,5.631730
64,blocks.1.ln1.bias,5.01988811e-02,3.00000000e-03,5.631730
64,blocks.1.attn.in_proj_weight,7.70014415e-03,3.00000000e-03,5.631730
64,blocks.1.attn.in_proj_bias,4.53499872e-02,3.00000000e-03,5.631730
64,blocks.1.attn.out_proj.weight,1.16620296e-02,3.00000000e-03,5.631730
64,blocks.1.attn.out_proj.bias,3.90861033e-02,3.00000000e-03,5.631730
64,blocks.1.ln2.weight,6.25583680e-04,3.00000000e-03,5.631730
64,blocks.1.ln2.bias,5.61148619e-02,3.00000000e-03,5.631730
64,blocks.1.mlp.0.weight,8.34479907e-03,3.00000000e-03,5.631730
64,blocks.1.mlp.0.bias,1.09611733e-02,3.00000000e-03,5.631730
64,blocks.1.mlp.2.weight,1.53404831e-02,3.00000000e-03,5.631730
64,blocks.1.mlp.2.bias,1.55254664e-02,3.00000000e-03,5.631730
64,ln_f.weight,2.22198306e-03,3.00000000e-03,5.631730
64,ln_f.bias,5.47258395e-02,3.00000000e-03,5.631730
64,lm_head.weight,1.01975191e-02,3.00000000e-03,5.631730
65,token_emb.weight,6.53032149e-04,3.00000000e-03,5.608796
65,pos_emb.weight,6.76833371e-04,3.00000000e-03,5.608796
65,blocks.0.ln1.weight,9.31177527e-04,3.00000000e-03,5.608796
65,blocks.0.ln1.bias,6.13423407e-02,3.00000000e-03,5.608796
65,blocks.0.attn.in_proj_weight,7.66114114e-03,3.00000000e-03,5.608796
65,blocks.0.attn.in_proj_bias,5.27893320e-02,3.00000000e-03,5.608796
65,blocks.0.attn.out_proj.weight,1.10122045e-02,3.00000000e-03,5.608796
65,blocks.0.attn.out_proj.bias,4.30438354e-02,3.00000000e-03,5.608796
65,blocks.0.ln2.weight,7.20060282e-04,3.00000000e-03,5.608796
65,blocks.0.ln2.bias,4.06873524e-02,3.00000000e-03,5.608796
65,blocks.0.mlp.0.weight,8.13138605e-03,3.00000000e-03,5.608796
65,blocks.0.mlp.0.bias,1.03797419e-02,3.00000000e-03,5.608796
65,blocks.0.mlp.2.weight,1.55326799e-02,3.00000000e-03,5.608796
65,blocks.0.mlp.2.bias,2.00479193e-02,3.00000000e-03,5.608796
65,blocks.1.ln1.weight,9.05821085e-04,3.00000000e-03,5.608796
65,blocks.1.ln1.bias,5.18082125e-02,3.00000000e-03,5.608796
65,blocks.1.attn.in_proj_weight,7.82507714e-03,3.00000000e-03,5.608796
65,blocks.1.attn.in_proj_bias,4.49766643e-02,3.00000000e-03,5.608796
65,blocks.1.attn.out_proj.weight,1.26653278e-02,3.00000000e-03,5.608796
65,blocks.1.attn.out_proj.bias,4.01417623e-02,3.00000000e-03,5.608796
65,blocks.1.ln2.weight,6.38185229e-04,3.00000000e-03,5.608796
65,blocks.1.ln2.bias,5.32445996e-02,3.00000000e-03,5.608796
65,blocks.1.mlp.0.weight,8.38666757e-03,3.00000000e-03,5.608796
65,blocks.1.mlp.0.bias,1.12210207e-02,3.00000000e-03,5.608796
65,blocks.1.mlp.2.weight,1.58454856e-02,3.00000000e-03,5.608796
65,blocks.1.mlp.2.bias,1.68677730e-02,3.00000000e-03,5.608796
65,ln_f.weight,2.20264132e-03,3.00000000e-03,5.608796
65,ln_f.bias,5.84399788e-02,3.00000000e-03,5.608796
65,lm_head.weight,1.03209187e-02,3.00000000e-03,5.608796
66,token_emb.weight,6.46335681e-04,3.00000000e-03,5.613277
66,pos_emb.weight,6.64322688e-04,3.00000000e-03,5.613277
66,blocks.0.ln1.weight,9.03372167e-04,3.00000000e-03,5.613277
66,blocks.0.ln1.bias,5.66204706e-02,3.00000000e-03,5.613277
66,blocks.0.attn.in_proj_weight,7.56837659e-03,3.00000000e-03,5.613277
66,blocks.0.attn.in_proj_bias,4.91828131e-02,3.00000000e-03,5.613277
66,blocks.0.attn.out_proj.weight,1.05916868e-02,3.00000000e-03,5.613277
66,blocks.0.attn.out_proj.bias,3.99748334e-02,3.00000000e-03,5.613277
66,blocks.0.ln2.weight,7.23091728e-04,3.00000000e-03,5.613277
66,blocks.0.ln2.bias,3.77900652e-02,3.00000000e-03,5.613277
66,blocks.0.mlp.0.weight,7.99048530e-03,3.00000000e-03,5.613277
66,blocks.0.mlp.0.bias,9.95215265e-03,3.00000000e-03,5.613277
66,blocks.0.mlp.2.weight,1.49900652e-02,3.00000000e-03,5.613277
66,blocks.0.mlp.2.bias,1.85749759e-02,3.00000000e-03,5.613277
66,blocks.1.ln1.weight,8.02811244e-04,3.00000000e-03,5.613277
66,blocks.1.ln1.bias,4.52489408e-02,3.00000000e-03,5.613277
66,blocks.1.attn.in_proj_weight,7.27182860e-03,3.00000000e-03,5.613277
66,blocks.1.attn.in_proj_bias,3.94814492e-02,3.00000000e-03,5.613277
66,blocks.1.attn.out_proj.weight,1.15205290e-02,3.00000000e-03,5.613277
66,blocks.1.attn.out_proj.bias,3.63440352e-02,3.00000000e-03,5.613277
66,blocks.1.ln2.weight,6.19311801e-04,3.00000000e-03,5.613277
66,blocks.1.ln2.bias,4.65542649e-02,3.00000000e-03,5.613277
66,blocks.1.mlp.0.weight,8.08221650e-03,3.00000000e-03,5.613277
66,blocks.1.mlp.0.bias,1.04872866e-02,3.00000000e-03,5.613277
66,blocks.1.mlp.2.weight,1.49529055e-02,3.00000000e-03,5.613277
66,blocks.1.mlp.2.bias,1.53791452e-02,3.00000000e-03,5.613277
66,ln_f.weight,2.16338616e-03,3.00000000e-03,5.613277
66,ln_f.bias,5.41811863e-02,3.00000000e-03,5.613277
66,lm_head.weight,1.02874382e-02,3.00000000e-03,5.613277
67,token_emb.weight,6.43216421e-04,3.00000000e-03,5.613380
67,pos_emb.weight,6.62700166e-04,3.00000000e-03,5.613380
67,blocks.0.ln1.weight,9.63174137e-04,3.00000000e-03,5.613380
67,blocks.0.ln1.bias,6.02222441e-02,3.00000000e-03,5.613380
67,blocks.0.attn.in_proj_weight,7.63471178e-03,3.00000000e-03,5.613380
67,blocks.0.attn.in_proj_bias,5.20282339e-02,3.00000000e-03,5.613380
67,blocks.0.attn.out_proj.weight,1.10631641e-02,3.00000000e-03,5.613380
67,blocks.0.attn.out_proj.bias,4.11561186e-02,3.00000000e-03,5.613380
67,blocks.0.ln2.weight,7.32645887e-04,3.00000000e-03,5.613380
67,blocks.0.ln2.bias,4.11185594e-02,3.00000000e-03,5.613380
67,blocks.0.mlp.0.weight,7.89356673e-03,3.00000000e-03,5.613380
67,blocks.0.mlp.0.bias,1.07513336e-02,3.00000000e-03,5.613380
67,blocks.0.mlp.2.weight,1.48467040e-02,3.00000000e-03,5.613380
67,blocks.0.mlp.2.bias,1.93765149e-02,3.00000000e-03,5.613380
67,blocks.1.ln1.weight,8.51554558e-04,3.00000000e-03,5.613380
67,blocks.1.ln1.bias,4.75542825e-02,3.00000000e-03,5.613380
67,blocks.1.attn.in_proj_weight,7.41859659e-03,3.00000000e-03,5.613380
67,blocks.1.attn.in_proj_bias,3.96483806e-02,3.00000000e-03,5.613380
67,blocks.1.attn.out_proj.weight,1.18986592e-02,3.00000000e-03,5.613380
67,blocks.1.attn.out_proj.bias,3.58501501e-02,3.00000000e-03,5.613380
67,blocks.1.ln2.weight,6.43154650e-04,3.00000000e-03,5.613380
67,blocks.1.ln2.bias,4.39956317e-02,3.00000000e-03,5.613380
67,blocks.1.mlp.0.weight,7.94688740e-03,3.00000000e-03,5.613380
67,blocks.1.mlp.0.bias,1.05103875e-02,3.00000000e-03,5.613380
67,blocks.1.mlp.2.weight,1.47247588e-02,3.00000000e-03,5.613380
67,blocks.1.mlp.2.bias,1.51649438e-02,3.00000000e-03,5.613380
67,ln_f.weight,2.13550034e-03,3.00000000e-03,5.613380
67,ln_f.bias,5.11071154e-02,3.00000000e-03,5.613380
67,lm_head.weight,1.01496324e-02,3.00000000e-03,5.613380
68,token_emb.weight,6.32777725e-04,3.00000000e-03,5.610492
68,pos_emb.weight,6.58920798e-04,3.00000000e-03,5.610492
68,blocks.0.ln1.weight,9.90501063e-04,3.00000000e-03,5.610492
68,blocks.0.ln1.bias,5.82220708e-02,3.00000000e-03,5.610492
68,blocks.0.attn.in_proj_weight,7.60663137e-03,3.00000000e-03,5.610492
68,blocks.0.attn.in_proj_bias,5.03038293e-02,3.00000000e-03,5.610492
68,blocks.0.attn.out_proj.weight,1.08363450e-02,3.00000000e-03,5.610492
68,blocks.0.attn.out_proj.bias,3.89341261e-02,3.00000000e-03,5.610492
68,blocks.0.ln2.weight,7.39312603e-04,3.00000000e-03,5.610492
68,blocks.0.ln2.bias,4.08833526e-02,3.00000000e-03,5.610492
68,blocks.0.mlp.0.weight,7.73497852e-03,3.00000000e-03,5.610492
68,blocks.0.mlp.0.bias,1.07922058e-02,3.00000000e-03,5.610492
68,blocks.0.mlp.2.weight,1.45073564e-02,3.00000000e-03,5.610492
68,blocks.0.mlp.2.bias,1.85788000e-02,3.00000000e-03,5.610492
68,blocks.1.ln1.weight,8.63494885e-04,3.00000000e-03,5.610492
68,blocks.1.ln1.bias,4.49097969e-02,3.00000000e-03,5.610492
68,blocks.1.attn.in_proj_weight,7.37846431e-03,3.00000000e-03,5.610492
68,blocks.1.attn.in_proj_bias,3.85480356e-02,3.00000000e-03,5.610492
68,blocks.1.attn.out_proj.weight,1.16370694e-02,3.00000000e-03,5.610492
68,blocks.1.attn.out_proj.bias,3.29049798e-02,3.00000000e-03,5.610492
68,blocks.1.ln2.weight,6.22811704e-04,3.00000000e-03,5.610492
68,blocks.1.ln2.bias,3.86381408e-02,3.00000000e-03,5.610492
68,blocks.1.mlp.0.weight,7.67211124e-03,3.00000000e-03,5.610492
68,blocks.1.mlp.0.bias,9.84252522e-03,3.00000000e-03,5.610492
68,blocks.1.mlp.2.weight,1.40420250e-02,3.00000000e-03,5.610492
68,blocks.1.mlp.2.bias,1.39239056e-02,3.00000000e-03,5.610492
68,ln_f.weight,2.10486585e-03,3.00000000e-03,5.610492
68,ln_f.bias,4.79702186e-02,3.00000000e-03,5.610492
68,lm_head.weight,1.01032276e-02,3.00000000e-03,5.610492
69,token_emb.weight,6.22584777e-04,3.00000000e-03,5.622957
69,pos_emb.weight,6.53865894e-04,3.00000000e-03,5.622957
69,blocks.0.ln1.weight,1.03362165e-03,3.00000000e-03,5.622957
69,blocks.0.ln1.bias,5.85613793e-02,3.00000000e-03,5.622957
69,blocks.0.attn.in_proj_weight,7.65415663e-03,3.00000000e-03,5.622957
69,blocks.0.attn.in_proj_bias,5.09433532e-02,3.00000000e-03,5.622957
69,blocks.0.attn.out_proj.weight,1.13849329e-02,3.00000000e-03,5.622957
69,blocks.0.attn.out_proj.bias,3.88915926e-02,3.00000000e-03,5.622957
69,blocks.0.ln2.weight,7.27251579e-04,3.00000000e-03,5.622957
69,blocks.0.ln2.bias,4.14853482e-02,3.00000000e-03,5.622957
69,blocks.0.mlp.0.weight,7.56473372e-03,3.00000000e-03,5.622957
69,blocks.0.mlp.0.bias,1.11174008e-02,3.00000000e-03,5.622957
69,blocks.0.mlp.2.weight,1.43783330e-02,3.00000000e-03,5.622957
69,blocks.0.mlp.2.bias,1.89765725e-02,3.00000000e-03,5.622957
69,blocks.1.ln1.weight,9.70843295e-04,3.00000000e-03,5.622957
69,blocks.1.ln1.bias,4.75224064e-02,3.00000000e-03,5.622957
69,blocks.1.attn.in_proj_weight,7.80517842e-03,3.00000000e-03,5.622957
69,blocks.1.attn.in_proj_bias,3.97241727e-02,3.00000000e-03,5.622957
69,blocks.1.attn.out_proj.weight,1.24616886e-02,3.00000000e-03,5.622957
69,blocks.1.attn.out_proj.bias,3.26363823e-02,3.00000000e-03,5.622957
69,blocks.1.ln2.weight,6.18677320e-04,3.00000000e-03,5.622957
69,blocks.1.ln2.bias,3.87164311e-02,3.00000000e-03,5.622957
69,blocks.1.mlp.0.weight,7.75330227e-03,3.00000000e-03,5.622957
69,blocks.1.mlp.0.bias,1.00224539e-02,3.00000000e-03,5.622957
69,blocks.1.mlp.2.weight,1.42364910e-02,3.00000000e-03,5.622957
69,blocks.1.mlp.2.bias,1.40473825e-02,3.00000000e-03,5.622957
69,ln_f.weight,2.08956238e-03,3.00000000e-03,5.622957
69,ln_f.bias,5.02990447e-02,3.00000000e-03,5.622957
69,lm_head.weight,1.00397465e-02,3.00000000e-03,5.622957
70,token_emb.weight,6.14649987e-04,3.00000000e-03,5.625263
70,pos_emb.weight,6.51973687e-04,3.00000000e-03,5.625263
70,blocks.0.ln1.weight,1.10681943e-03,3.00000000e-03,5.625263
70,blocks.0.ln1.bias,5.96694963e-02,3.00000000e-03,5.625263
70,blocks.0.attn.in_proj_weight,7.81200492e-03,3.00000000e-03,5.625263
70,blocks.0.attn.in_proj_bias,5.22900301e-02,3.00000000e-03,5.625263
70,blocks.0.attn.out_proj.weight,1.19184400e-02,3.00000000e-03,5.625263
70,blocks.0.attn.out_proj.bias,3.90991952e-02,3.00000000e-03,5.625263
70,blocks.0.ln2.weight,7.49441924e-04,3.00000000e-03,5.625263
70,blocks.0.ln2.bias,4.37303232e-02,3.00000000e-03,5.625263
70,blocks.0.mlp.0.weight,7.48589957e-03,3.00000000e-03,5.625263
70,blocks.0.mlp.0.bias,1.18248698e-02,3.00000000e-03,5.625263
70,blocks.0.mlp.2.weight,1.42426971e-02,3.00000000e-03,5.625263
70,blocks.0.mlp.2.bias,1.91016364e-02,3.00000000e-03,5.625263
70,blocks.1.ln1.weight,1.04674947e-03,3.00000000e-03,5.625263
70,blocks.1.ln1.bias,5.02169567e-02,3.00000000e-03,5.625263
70,blocks.1.attn.in_proj_weight,7.93278156e-03,3.00000000e-03,5.625263
70,blocks.1.attn.in_proj_bias,4.06005863e-02,3.00000000e-03,5.625263
70,blocks.1.attn.out_proj.weight,1.26940785e-02,3.00000000e-03,5.625263
70,blocks.1.attn.out_proj.bias,3.18668522e-02,3.00000000e-03,5.625263
70,blocks.1.ln2.weight,6.37584229e-04,3.00000000e-03,5.625263
70,blocks.1.ln2.bias,4.16756887e-02,3.00000000e-03,5.625263
70,blocks.1.mlp.0.weight,7.74514108e-03,3.00000000e-03,5.625263
70,blocks.1.mlp.0.bias,1.02563862e-02,3.00000000e-03,5.625263
70,blocks.1.mlp.2.weight,1.41494473e-02,3.00000000e-03,5.625263
70,blocks.1.mlp.2.bias,1.39158268e-02,3.00000000e-03,5.625263
70,ln_f.weight,2.07636243e-03,3.00000000e-03,5.625263
70,ln_f.bias,4.81447645e-02,3.00000000e-03,5.625263
70,lm_head.weight,9.91073316e-03,3.00000000e-03,5.625263
71,token_emb.weight,6.04585832e-04,3.00000000e-03,5.668998
71,pos_emb.weight,6.41695133e-04,3.00000000e-03,5.668998
71,blocks.0.ln1.weight,1.14518472e-03,3.00000000e-03,5.668998
71,blocks.0.ln1.bias,5.90732777e-02,3.00000000e-03,5.668998
71,blocks.0.attn.in_proj_weight,7.93308491e-03,3.00000000e-03,5.668998
71,blocks.0.attn.in_proj_bias,5.25920148e-02,3.00000000e-03,5.668998
71,blocks.0.attn.out_proj.weight,1.18226380e-02,3.00000000e-03,5.668998
71,blocks.0.attn.out_proj.bias,3.73265209e-02,3.00000000e-03,5.668998
71,blocks.0.ln2.weight,7.32558820e-04,3.00000000e-03,5.668998
71,blocks.0.ln2.bias,4.29361003e-02,3.00000000e-03,5.668998
71,blocks.0.mlp.0.weight,7.27531215e-03,3.00000000e-03,5.668998
71,blocks.0.mlp.0.bias,1.16819670e-02,3.00000000e-03,5.668998
71,blocks.0.mlp.2.weight,1.38058541e-02,3.00000000e-03,5.668998
71,blocks.0.mlp.2.bias,1.86192604e-02,3.00000000e-03,5.668998
71,blocks.1.ln1.weight,1.05962953e-03,3.00000000e-03,5.668998
71,blocks.1.ln1.bias,4.88910428e-02,3.00000000e-03,5.668998
71,blocks.1.attn.in_proj_weight,7.96398752e-03,3.00000000e-03,5.668998
71,blocks.1.attn.in_proj_bias,4.10270796e-02,3.00000000e-03,5.668998
71,blocks.1.attn.out_proj.weight,1.24051410e-02,3.00000000e-03,5.668998
71,blocks.1.attn.out_proj.bias,3.07449121e-02,3.00000000e-03,5.668998
71,blocks.1.ln2.weight,6.74328848e-04,3.00000000e-03,5.668998
71,blocks.1.ln2.bias,4.07174817e-02,3.00000000e-03,5.668998
71,blocks.1.mlp.0.weight,7.72320023e-03,3.00000000e-03,5.668998
71,blocks.1.mlp.0.bias,1.03472621e-02,3.00000000e-03,5.668998
71,blocks.1.mlp.2.weight,1.37318360e-02,3.00000000e-03,5.668998
71,blocks.1.mlp.2.bias,1.34272509e-02,3.00000000e-03,5.668998
71,ln_f.weight,2.08896505e-03,3.00000000e-03,5.668998
71,ln_f.bias,4.72927564e-02,3.00000000e-03,5.668998
71,lm_head.weight,9.88146815e-03,3.00000000e-03,5.668998
72,token_emb.weight,5.91858407e-04,3.00000000e-03,5.607815
72,pos_emb.weight,6.27241376e-04,3.00000000e-03,5.607815
72,blocks.0.ln1.weight,1.09572822e-03,3.00000000e-03,5.607815
72,blocks.0.ln1.bias,5.44553943e-02,3.00000000e-03,5.607815
72,blocks.0.attn.in_proj_weight,7.65137190e-03,3.00000000e-03,5.607815
72,blocks.0.attn.in_proj_bias,4.83239806e-02,3.00000000e-03,5.607815
72,blocks.0.attn.out_proj.weight,1.14740872e-02,3.00000000e-03,5.607815
72,blocks.0.attn.out_proj.bias,3.48744406e-02,3.00000000e-03,5.607815
72,blocks.0.ln2.weight,7.63937860e-04,3.00000000e-03,5.607815
72,blocks.0.ln2.bias,4.19134009e-02,3.00000000e-03,5.607815
72,blocks.0.mlp.0.weight,7.06691574e-03,3.00000000e-03,5.607815
72,blocks.0.mlp.0.bias,1.12666985e-02,3.00000000e-03,5.607815
72,blocks.0.mlp.2.weight,1.33186425e-02,3.00000000e-03,5.607815
72,blocks.0.mlp.2.bias,1.76922944e-02,3.00000000e-03,5.607815
72,blocks.1.ln1.weight,1.02206033e-03,3.00000000e-03,5.607815
72,blocks.1.ln1.bias,4.49952300e-02,3.00000000e-03,5.607815
72,blocks.1.attn.in_proj_weight,7.67003516e-03,3.00000000e-03,5.607815
72,blocks.1.attn.in_proj_bias,3.82664310e-02,3.00000000e-03,5.607815
72,blocks.1.attn.out_proj.weight,1.20937829e-02,3.00000000e-03,5.607815
72,blocks.1.attn.out_proj.bias,2.88439608e-02,3.00000000e-03,5.607815
72,blocks.1.ln2.weight,6.96705639e-04,3.00000000e-03,5.607815
72,blocks.1.ln2.bias,3.92806709e-02,3.00000000e-03,5.607815
72,blocks.1.mlp.0.weight,7.48665879e-03,3.00000000e-03,5.607815
72,blocks.1.mlp.0.bias,9.93673744e-03,3.00000000e-03,5.607815
72,blocks.1.mlp.2.weight,1.32529762e-02,3.00000000e-03,5.607815
72,blocks.1.mlp.2.bias,1.27244578e-02,3.00000000e-03,5.607815
72,ln_f.weight,2.04390202e-03,3.00000000e-03,5.607815
72,ln_f.bias,4.72905009e-02,3.00000000e-03,5.607815
72,lm_head.weight,9.93900439e-03,3.00000000e-03,5.607815
73,token_emb.weight,5.79316213e-04,3.00000000e-03,5.581945
73,pos_emb.weight,6.15695867e-04,3.00000000e-03,5.581945
73,blocks.0.ln1.weight,1.05836888e-03,3.00000000e-03,5.581945
73,blocks.0.ln1.bias,5.09213135e-02,3.00000000e-03,5.581945
73,blocks.0.attn.in_proj_weight,7.40324140e-03,3.00000000e-03,5.581945
73,blocks.0.attn.in_proj_bias,4.46888550e-02,3.00000000e-03,5.581945
73,blocks.0.attn.out_proj.weight,1.10318843e-02,3.00000000e-03,5.581945
73,blocks.0.attn.out_proj.bias,3.25594870e-02,3.00000000e-03,5.581945
73,blocks.0.ln2.weight,7.69533105e-04,3.00000000e-03,5.581945
73,blocks.0.ln2.bias,3.98283273e-02,3.00000000e-03,5.581945
73,blocks.0.mlp.0.weight,6.92920981e-03,3.00000000e-03,5.581945
73,blocks.0.mlp.0.bias,1.09022069e-02,3.00000000e-03,5.581945
73,blocks.0.mlp.2.weight,1.28520835e-02,3.00000000e-03,5.581945
73,blocks.0.mlp.2.bias,1.66263241e-02,3.00000000e-03,5.581945
73,blocks.1.ln1.weight,9.53710125e-04,3.00000000e-03,5.581945
73,blocks.1.ln1.bias,4.12338022e-02,3.00000000e-03,5.581945
73,blocks.1.attn.in_proj_weight,7.35353713e-03,3.00000000e-03,5.581945
73,blocks.1.attn.in_proj_bias,3.55963026e-02,3.00000000e-03,5.581945
73,blocks.1.attn.out_proj.weight,1.16584338e-02,3.00000000e-03,5.581945
73,blocks.1.attn.out_proj.bias,2.70716223e-02,3.00000000e-03,5.581945
73,blocks.1.ln2.weight,7.03763762e-04,3.00000000e-03,5.581945
73,blocks.1.ln2.bias,3.87745622e-02,3.00000000e-03,5.581945
73,blocks.1.mlp.0.weight,7.39227468e-03,3.00000000e-03,5.581945
73,blocks.1.mlp.0.bias,9.90967432e-03,3.00000000e-03,5.581945
73,blocks.1.mlp.2.weight,1.28547858e-02,3.00000000e-03,5.581945
73,blocks.1.mlp.2.bias,1.22121555e-02,3.00000000e-03,5.581945
73,ln_f.weight,1.99107440e-03,3.00000000e-03,5.581945
73,ln_f.bias,4.48793262e-02,3.00000000e-03,5.581945
73,lm_head.weight,9.99823056e-03,3.00000000e-03,5.581945
74,token_emb.weight,5.69372263e-04,3.00000000e-03,5.583630
74,pos_emb.weight,6.10544246e-04,3.00000000e-03,5.583630
74,blocks.0.ln1.weight,1.08981606e-03,3.00000000e-03,5.583630
74,blocks.0.ln1.bias,5.01722418e-02,3.00000000e-03,5.583630
74,blocks.0.attn.in_proj_weight,7.49715455e-03,3.00000000e-03,5.583630
74,blocks.0.attn.in_proj_bias,4.41053555e-02,3.00000000e-03,5.583630
74,blocks.0.attn.out_proj.weight,1.13993363e-02,3.00000000e-03,5.583630
74,blocks.0.attn.out_proj.bias,3.24563819e-02,3.00000000e-03,5.583630
74,blocks.0.ln2.weight,7.45978381e-04,3.00000000e-03,5.583630
74,blocks.0.ln2.bias,3.95857892e-02,3.00000000e-03,5.583630
74,blocks.0.mlp.0.weight,6.78831694e-03,3.00000000e-03,5.583630
74,blocks.0.mlp.0.bias,1.09847393e-02,3.00000000e-03,5.583630
74,blocks.0.mlp.2.weight,1.26861543e-02,3.00000000e-03,5.583630
74,blocks.0.mlp.2.bias,1.68692441e-02,3.00000000e-03,5.583630
74,blocks.1.ln1.weight,1.02350595e-03,3.00000000e-03,5.583630
74,blocks.1.ln1.bias,4.16996713e-02,3.00000000e-03,5.583630
74,blocks.1.attn.in_proj_weight,7.47619237e-03,3.00000000e-03,5.583630
74,blocks.1.attn.in_proj_bias,3.48509976e-02,3.00000000e-03,5.583630
74,blocks.1.attn.out_proj.weight,1.19898645e-02,3.00000000e-03,5.583630
74,blocks.1.attn.out_proj.bias,2.64690573e-02,3.00000000e-03,5.583630
74,blocks.1.ln2.weight,6.82051578e-04,3.00000000e-03,5.583630
74,blocks.1.ln2.bias,3.74457439e-02,3.00000000e-03,5.583630
74,blocks.1.mlp.0.weight,7.34662135e-03,3.00000000e-03,5.583630
74,blocks.1.mlp.0.bias,9.98735654e-03,3.00000000e-03,5.583630
74,blocks.1.mlp.2.weight,1.27918344e-02,3.00000000e-03,5.583630
74,blocks.1.mlp.2.bias,1.22077625e-02,3.00000000e-03,5.583630
74,ln_f.weight,1.94599891e-03,3.00000000e-03,5.583630
74,ln_f.bias,4.33855604e-02,3.00000000e-03,5.583630
74,lm_head.weight,1.01244932e-02,3.00000000e-03,5.583630
75,token_emb.weight,5.56422741e-04,3.00000000e-03,5.567720
75,pos_emb.weight,5.93551698e-04,3.00000000e-03,5.567720
75,blocks.0.ln1.weight,1.04457417e-03,3.00000000e-03,5.567720
75,blocks.0.ln1.bias,4.63709496e-02,3.00000000e-03,5.567720
75,blocks.0.attn.in_proj_weight,7.22231127e-03,3.00000000e-03,5.567720
75,blocks.0.attn.in_proj_bias,4.07867914e-02,3.00000000e-03,5.567720
75,blocks.0.attn.out_proj.weight,1.12744155e-02,3.00000000e-03,5.567720
75,blocks.0.attn.out_proj.bias,3.07759057e-02,3.00000000e-03,5.567720
75,blocks.0.ln2.weight,7.05479449e-04,3.00000000e-03,5.567720
75,blocks.0.ln2.bias,3.63175088e-02,3.00000000e-03,5.567720
75,blocks.0.mlp.0.weight,6.55845017e-03,3.00000000e-03,5.567720
75,blocks.0.mlp.0.bias,1.03962990e-02,3.00000000e-03,5.567720
75,blocks.0.mlp.2.weight,1.23583525e-02,3.00000000e-03,5.567720
75,blocks.0.mlp.2.bias,1.62775355e-02,3.00000000e-03,5.567720
75,blocks.1.ln1.weight,1.02004905e-03,3.00000000e-03,5.567720
75,blocks.1.ln1.bias,3.95136241e-02,3.00000000e-03,5.567720
75,blocks.1.attn.in_proj_weight,7.37528506e-03,3.00000000e-03,5.567720
75,blocks.1.attn.in_proj_bias,3.33204852e-02,3.00000000e-03,5.567720
75,blocks.1.attn.out_proj.weight,1.18942278e-02,3.00000000e-03,5.567720
75,blocks.1.attn.out_proj.bias,2.48649812e-02,3.00000000e-03,5.567720
75,blocks.1.ln2.weight,6.17932920e-04,3.00000000e-03,5.567720
75,blocks.1.ln2.bias,3.36085038e-02,3.00000000e-03,5.567720
75,blocks.1.mlp.0.weight,6.88646949e-03,3.00000000e-03,5.567720
75,blocks.1.mlp.0.bias,9.23634735e-03,3.00000000e-03,5.567720
75,blocks.1.mlp.2.weight,1.24523611e-02,3.00000000e-03,5.567720
75,blocks.1.mlp.2.bias,1.16082642e-02,3.00000000e-03,5.567720
75,ln_f.weight,1.87651325e-03,3.00000000e-03,5.567720
75,ln_f.bias,4.33987502e-02,3.00000000e-03,5.567720
75,lm_head.weight,9.88930968e-03,3.00000000e-03,5.567720
76,token_emb.weight,5.44688813e-04,3.00000000e-03,5.574677
76,pos_emb.weight,5.77219901e-04,3.00000000e-03,5.574677
76,blocks.0.ln1.weight,9.82183501e-04,3.00000000e-03,5.574677
76,blocks.0.ln1.bias,4.23097062e-02,3.00000000e-03,5.574677
76,blocks.0.attn.in_proj_weight,6.90590748e-03,3.00000000e-03,5.574677
76,blocks.0.attn.in_proj_bias,3.76560725e-02,3.00000000e-03,5.574677
76,blocks.0.attn.out_proj.weight,1.11438316e-02,3.00000000e-03,5.574677
76,blocks.0.attn.out_proj.bias,2.93673800e-02,3.00000000e-03,5.574677
76,blocks.0.ln2.weight,6.73090208e-04,3.00000000e-03,5.574677
76,blocks.0.ln2.bias,3.50126994e-02,3.00000000e-03,5.574677
76,blocks.0.mlp.0.weight,6.40761500e-03,3.00000000e-03,5.574677
76,blocks.0.mlp.0.bias,1.01244865e-02,3.00000000e-03,5.574677
76,blocks.0.mlp.2.weight,1.20792731e-02,3.00000000e-03,5.574677
76,blocks.0.mlp.2.bias,1.56953373e-02,3.00000000e-03,5.574677
76,blocks.1.ln1.weight,1.05449798e-03,3.00000000e-03,5.574677
76,blocks.1.ln1.bias,3.82394260e-02,3.00000000e-03,5.574677
76,blocks.1.attn.in_proj_weight,7.30919651e-03,3.00000000e-03,5.574677
76,blocks.1.attn.in_proj_bias,3.20491141e-02,3.00000000e-03,5.574677
76,blocks.1.attn.out_proj.weight,1.20065917e-02,3.00000000e-03,5.574677
76,blocks.1.attn.out_proj.bias,2.36351896e-02,3.00000000e-03,5.574677
76,blocks.1.ln2.weight,5.41988335e-04,3.00000000e-03,5.574677
76,blocks.1.ln2.bias,3.04578143e-02,3.00000000e-03,5.574677
76,blocks.1.mlp.0.weight,6.51425477e-03,3.00000000e-03,5.574677
76,blocks.1.mlp.0.bias,8.59776898e-03,3.00000000e-03,5.574677
76,blocks.1.mlp.2.weight,1.21954714e-02,3.00000000e-03,5.574677
76,blocks.1.mlp.2.bias,1.11423157e-02,3.00000000e-03,5.574677
76,ln_f.weight,1.81041014e-03,3.00000000e-03,5.574677
76,ln_f.bias,4.38064026e-02,3.00000000e-03,5.574677
76,lm_head.weight,9.82067685e-03,3.00000000e-03,5.574677
77,token_emb.weight,5.32908936e-04,3.00000000e-03,5.606659
77,pos_emb.weight,5.64722387e-04,3.00000000e-03,5.606659
77,blocks.0.ln1.weight,9.36611090e-04,3.00000000e-03,5.606659
77,blocks.0.ln1.bias,3.98911231e-02,3.00000000e-03,5.606659
77,blocks.0.attn.in_proj_weight,6.69606026e-03,3.00000000e-03,5.606659
77,blocks.0.attn.in_proj_bias,3.51379974e-02,3.00000000e-03,5.606659
77,blocks.0.attn.out_proj.weight,1.05233431e-02,3.00000000e-03,5.606659
77,blocks.0.attn.out_proj.bias,2.68923024e-02,3.00000000e-03,5.606659
77,blocks.0.ln2.weight,6.77877850e-04,3.00000000e-03,5.606659
77,blocks.0.ln2.bias,3.31576276e-02,3.00000000e-03,5.606659
77,blocks.0.mlp.0.weight,6.18647836e-03,3.00000000e-03,5.606659
77,blocks.0.mlp.0.bias,9.70006905e-03,3.00000000e-03,5.606659
77,blocks.0.mlp.2.weight,1.14232692e-02,3.00000000e-03,5.606659
77,blocks.0.mlp.2.bias,1.43860471e-02,3.00000000e-03,5.606659
77,blocks.1.ln1.weight,1.02766392e-03,3.00000000e-03,5.606659
77,blocks.1.ln1.bias,3.56881112e-02,3.00000000e-03,5.606659
77,blocks.1.attn.in_proj_weight,7.11749188e-03,3.00000000e-03,5.606659
77,blocks.1.attn.in_proj_bias,3.05632773e-02,3.00000000e-03,5.606659
77,blocks.1.attn.out_proj.weight,1.08836271e-02,3.00000000e-03,5.606659
77,blocks.1.attn.out_proj.bias,2.14553373e-02,3.00000000e-03,5.606659
77,blocks.1.ln2.weight,5.62759037e-04,3.00000000e-03,5.606659
77,blocks.1.ln2.bias,3.03326920e-02,3.00000000e-03,5.606659
77,blocks.1.mlp.0.weight,6.21379700e-03,3.00000000e-03,5.606659
77,blocks.1.mlp.0.bias,8.25787716e-03,3.00000000e-03,5.606659
77,blocks.1.mlp.2.weight,1.12976081e-02,3.00000000e-03,5.606659
77,blocks.1.mlp.2.bias,1.02351077e-02,3.00000000e-03,5.606659
77,ln_f.weight,1.79346550e-03,3.00000000e-03,5.606659
77,ln_f.bias,4.10005861e-02,3.00000000e-03,5.606659
77,lm_head.weight,9.63101468e-03,3.00000000e-03,5.606659
78,token_emb.weight,5.19923724e-04,3.00000000e-03,5.578926
78,pos_emb.weight,5.45651308e-04,3.00000000e-03,5.578926
78,blocks.0.ln1.weight,8.71394364e-04,3.00000000e-03,5.578926
78,blocks.0.ln1.bias,3.63441669e-02,3.00000000e-03,5.578926
78,blocks.0.attn.in_proj_weight,6.42817455e-03,3.00000000e-03,5.578926
78,blocks.0.attn.in_proj_bias,3.16639354e-02,3.00000000e-03,5.578926
78,blocks.0.attn.out_proj.weight,9.96799038e-03,3.00000000e-03,5.578926
78,blocks.0.attn.out_proj.bias,2.46673311e-02,3.00000000e-03,5.578926
78,blocks.0.ln2.weight,6.34505376e-04,3.00000000e-03,5.578926
78,blocks.0.ln2.bias,3.04460850e-02,3.00000000e-03,5.578926
78,blocks.0.mlp.0.weight,5.91253070e-03,3.00000000e-03,5.578926
78,blocks.0.mlp.0.bias,9.04106342e-03,3.00000000e-03,5.578926
78,blocks.0.mlp.2.weight,1.08206829e-02,3.00000000e-03,5.578926
78,blocks.0.mlp.2.bias,1.32050768e-02,3.00000000e-03,5.578926
78,blocks.1.ln1.weight,9.13371711e-04,3.00000000e-03,5.578926
78,blocks.1.ln1.bias,3.14131375e-02,3.00000000e-03,5.578926
78,blocks.1.attn.in_proj_weight,6.54616060e-03,3.00000000e-03,5.578926
78,blocks.1.attn.in_proj_bias,2.72850016e-02,3.00000000e-03,5.578926
78,blocks.1.attn.out_proj.weight,9.92826734e-03,3.00000000e-03,5.578926
78,blocks.1.attn.out_proj.bias,1.95470438e-02,3.00000000e-03,5.578926
78,blocks.1.ln2.weight,5.47132048e-04,3.00000000e-03,5.578926
78,blocks.1.ln2.bias,2.88112260e-02,3.00000000e-03,5.578926
78,blocks.1.mlp.0.weight,5.98491797e-03,3.00000000e-03,5.578926
78,blocks.1.mlp.0.bias,7.88461264e-03,3.00000000e-03,5.578926
78,blocks.1.mlp.2.weight,1.05257940e-02,3.00000000e-03,5.578926
78,blocks.1.mlp.2.bias,9.45603565e-03,3.00000000e-03,5.578926
78,ln_f.weight,1.75464726e-03,3.00000000e-03,5.578926
78,ln_f.bias,3.90609072e-02,3.00000000e-03,5.578926
78,lm_head.weight,9.54012599e-03,3.00000000e-03,5.578926
79,token_emb.weight,5.09411307e-04,3.00000000e-03,5.577616
79,pos_emb.weight,5.29534463e-04,3.00000000e-03,5.577616
79,blocks.0.ln1.weight,8.28239348e-04,3.00000000e-03,5.577616
79,blocks.0.ln1.bias,3.32052324e-02,3.00000000e-03,5.577616
79,blocks.0.attn.in_proj_weight,6.12224211e-03,3.00000000e-03,5.577616
79,blocks.0.attn.in_proj_bias,2.88205832e-02,3.00000000e-03,5.577616
79,blocks.0.attn.out_proj.weight,9.62306469e-03,3.00000000e-03,5.577616
79,blocks.0.attn.out_proj.bias,2.30474463e-02,3.00000000e-03,5.577616
79,blocks.0.ln2.weight,6.17228038e-04,3.00000000e-03,5.577616
79,blocks.0.ln2.bias,2.89307119e-02,3.00000000e-03,5.577616
79,blocks.0.mlp.0.weight,5.73503328e-03,3.00000000e-03,5.577616
79,blocks.0.mlp.0.bias,8.74047056e-03,3.00000000e-03,5.577616
79,blocks.0.mlp.2.weight,1.04322039e-02,3.00000000e-03,5.577616
79,blocks.0.mlp.2.bias,1.26165291e-02,3.00000000e-03,5.577616
79,blocks.1.ln1.weight,9.11059679e-04,3.00000000e-03,5.577616
79,blocks.1.ln1.bias,3.00032504e-02,3.00000000e-03,5.577616
79,blocks.1.attn.in_proj_weight,6.47914187e-03,3.00000000e-03,5.577616
79,blocks.1.attn.in_proj_bias,2.57674304e-02,3.00000000e-03,5.577616
79,blocks.1.attn.out_proj.weight,9.93218581e-03,3.00000000e-03,5.577616
79,blocks.1.attn.out_proj.bias,1.87105692e-02,3.00000000e-03,5.577616
79,blocks.1.ln2.weight,5.36013254e-04,3.00000000e-03,5.577616
79,blocks.1.ln2.bias,2.70408093e-02,3.00000000e-03,5.577616
79,blocks.1.mlp.0.weight,5.78227927e-03,3.00000000e-03,5.577616
79,blocks.1.mlp.0.bias,7.61666289e-03,3.00000000e-03,5.577616
79,blocks.1.mlp.2.weight,1.02836504e-02,3.00000000e-03,5.577616
79,blocks.1.mlp.2.bias,9.10274818e-03,3.00000000e-03,5.577616
79,ln_f.weight,1.71242189e-03,3.00000000e-03,5.577616
79,ln_f.bias,3.90648498e-02,3.00000000e-03,5.577616
79,lm_head.weight,9.30286742e-03,3.00000000e-03,5.577616
80,token_emb.weight,4.96010515e-04,3.00000000e-03,5.578309
80,pos_emb.weight,5.16181173e-04,3.00000000e-03,5.578309
80,blocks.0.ln1.weight,7.98383410e-04,3.00000000e-03,5.578309
80,blocks.0.ln1.bias,3.09515502e-02,3.00000000e-03,5.578309
80,blocks.0.attn.in_proj_weight,5.89888624e-03,3.00000000e-03,5.578309
80,blocks.0.attn.in_proj_bias,2.67940100e-02,3.00000000e-03,5.578309
80,blocks.0.attn.out_proj.weight,9.24543714e-03,3.00000000e-03,5.578309
80,blocks.0.attn.out_proj.bias,2.13816680e-02,3.00000000e-03,5.578309
80,blocks.0.ln2.weight,5.95501813e-04,3.00000000e-03,5.578309
80,blocks.0.ln2.bias,2.66764818e-02,3.00000000e-03,5.578309
80,blocks.0.mlp.0.weight,5.52197298e-03,3.00000000e-03,5.578309
80,blocks.0.mlp.0.bias,8.28851465e-03,3.00000000e-03,5.578309
80,blocks.0.mlp.2.weight,1.00358163e-02,3.00000000e-03,5.578309
80,blocks.0.mlp.2.bias,1.19131772e-02,3.00000000e-03,5.578309
80,blocks.1.ln1.weight,8.26578438e-04,3.00000000e-03,5.578309
80,blocks.1.ln1.bias,2.67705026e-02,3.00000000e-03,5.578309
80,blocks.1.attn.in_proj_weight,5.99234366e-03,3.00000000e-03,5.578309
80,blocks.1.attn.in_proj_bias,2.33235464e-02,3.00000000e-03,5.578309
80,blocks.1.attn.out_proj.weight,9.79471254e-03,3.00000000e-03,5.578309
80,blocks.1.attn.out_proj.bias,1.73644476e-02,3.00000000e-03,5.578309
80,blocks.1.ln2.weight,5.25149761e-04,3.00000000e-03,5.578309
80,blocks.1.ln2.bias,2.49092290e-02,3.00000000e-03,5.578309
80,blocks.1.mlp.0.weight,5.45252516e-03,3.00000000e-03,5.578309
80,blocks.1.mlp.0.bias,7.10787956e-03,3.00000000e-03,5.578309
80,blocks.1.mlp.2.weight,9.95593881e-03,3.00000000e-03,5.578309
80,blocks.1.mlp.2.bias,8.64543296e-03,3.00000000e-03,5.578309
80,ln_f.weight,1.67273267e-03,3.00000000e-03,5.578309
80,ln_f.bias,3.85165058e-02,3.00000000e-03,5.578309
80,lm_head.weight,9.37613338e-03,3.00000000e-03,5.578309
81,token_emb.weight,4.83316512e-04,3.00000000e-03,5.557713
81,pos_emb.weight,5.03438425e-04,3.00000000e-03,5.557713
81,blocks.0.ln1.weight,7.17903455e-04,3.00000000e-03,5.557713
81,blocks.0.ln1.bias,2.70620829e-02,3.00000000e-03,5.557713
81,blocks.0.attn.in_proj_weight,5.53735850e-03,3.00000000e-03,5.557713
81,blocks.0.attn.in_proj_bias,2.39060515e-02,3.00000000e-03,5.557713
81,blocks.0.attn.out_proj.weight,8.70801184e-03,3.00000000e-03,5.557713
81,blocks.0.attn.out_proj.bias,1.94890237e-02,3.00000000e-03,5.557713
81,blocks.0.ln2.weight,5.56314842e-04,3.00000000e-03,5.557713
81,blocks.0.ln2.bias,2.42344224e-02,3.00000000e-03,5.557713
81,blocks.0.mlp.0.weight,5.28818069e-03,3.00000000e-03,5.557713
81,blocks.0.mlp.0.bias,7.78052473e-03,3.00000000e-03,5.557713
81,blocks.0.mlp.2.weight,9.60503915e-03,3.00000000e-03,5.557713
81,blocks.0.mlp.2.bias,1.09086666e-02,3.00000000e-03,5.557713
81,blocks.1.ln1.weight,7.79388403e-04,3.00000000e-03,5.557713
81,blocks.1.ln1.bias,2.47235871e-02,3.00000000e-03,5.557713
81,blocks.1.attn.in_proj_weight,5.69879386e-03,3.00000000e-03,5.557713
81,blocks.1.attn.in_proj_bias,2.14977901e-02,3.00000000e-03,5.557713
81,blocks.1.attn.out_proj.weight,9.62984242e-03,3.00000000e-03,5.557713
81,blocks.1.attn.out_proj.bias,1.58976476e-02,3.00000000e-03,5.557713
81,blocks.1.ln2.weight,4.91256419e-04,3.00000000e-03,5.557713
81,blocks.1.ln2.bias,2.33325925e-02,3.00000000e-03,5.557713
81,blocks.1.mlp.0.weight,5.11311270e-03,3.00000000e-03,5.557713
81,blocks.1.mlp.0.bias,6.62768711e-03,3.00000000e-03,5.557713
81,blocks.1.mlp.2.weight,9.38180308e-03,3.00000000e-03,5.557713
81,blocks.1.mlp.2.bias,7.88574290e-03,3.00000000e-03,5.557713
81,ln_f.weight,1.62399058e-03,3.00000000e-03,5.557713
81,ln_f.bias,3.69821978e-02,3.00000000e-03,5.557713
81,lm_head.weight,9.05784275e-03,3.00000000e-03,5.557713
82,token_emb.weight,4.75448559e-04,3.00000000e-03,5.599315
82,pos_emb.weight,4.94302166e-04,3.00000000e-03,5.599315
82,blocks.0.ln1.weight,6.73056330e-04,3.00000000e-03,5.599315
82,blocks.0.ln1.bias,2.54935314e-02,3.00000000e-03,5.599315
82,blocks.0.attn.in_proj_weight,5.32672461e-03,3.00000000e-03,5.599315
82,blocks.0.attn.in_proj_bias,2.25047769e-02,3.00000000e-03,5.599315
82,blocks.0.attn.out_proj.weight,8.58956964e-03,3.00000000e-03,5.599315
82,blocks.0.attn.out_proj.bias,1.83937487e-02,3.00000000e-03,5.599315
82,blocks.0.ln2.weight,5.58550704e-04,3.00000000e-03,5.599315
82,blocks.0.ln2.bias,2.32533171e-02,3.00000000e-03,5.599315
82,blocks.0.mlp.0.weight,5.18437664e-03,3.00000000e-03,5.599315
82,blocks.0.mlp.0.bias,7.56459344e-03,3.00000000e-03,5.599315
82,blocks.0.mlp.2.weight,9.37175727e-03,3.00000000e-03,5.599315
82,blocks.0.mlp.2.bias,1.03515007e-02,3.00000000e-03,5.599315
82,blocks.1.ln1.weight,7.29424938e-04,3.00000000e-03,5.599315
82,blocks.1.ln1.bias,2.30394453e-02,3.00000000e-03,5.599315
82,blocks.1.attn.in_proj_weight,5.44659510e-03,3.00000000e-03,5.599315
82,blocks.1.attn.in_proj_bias,2.00522228e-02,3.00000000e-03,5.599315
82,blocks.1.attn.out_proj.weight,9.85163093e-03,3.00000000e-03,5.599315
82,blocks.1.attn.out_proj.bias,1.49755989e-02,3.00000000e-03,5.599315
82,blocks.1.ln2.weight,5.17827152e-04,3.00000000e-03,5.599315
82,blocks.1.ln2.bias,2.34279616e-02,3.00000000e-03,5.599315
82,blocks.1.mlp.0.weight,5.00345590e-03,3.00000000e-03,5.599315
82,blocks.1.mlp.0.bias,6.47428312e-03,3.00000000e-03,5.599315
82,blocks.1.mlp.2.weight,9.27222016e-03,3.00000000e-03,5.599315
82,blocks.1.mlp.2.bias,7.53298118e-03,3.00000000e-03,5.599315
82,ln_f.weight,1.63009238e-03,3.00000000e-03,5.599315
82,ln_f.bias,3.74257613e-02,3.00000000e-03,5.599315
82,lm_head.weight,9.04932144e-03,3.00000000e-03,5.599315
83,token_emb.weight,4.67210539e-04,3.00000000e-03,5.558410
83,pos_emb.weight,4.88364933e-04,3.00000000e-03,5.558410
83,blocks.0.ln1.weight,6.88419531e-04,3.00000000e-03,5.558410
83,blocks.0.ln1.bias,2.53184537e-02,3.00000000e-03,5.558410
83,blocks.0.attn.in_proj_weight,5.24240176e-03,3.00000000e-03,5.558410
83,blocks.0.attn.in_proj_bias,2.20427955e-02,3.00000000e-03,5.558410
83,blocks.0.attn.out_proj.weight,8.23535932e-03,3.00000000e-03,5.558410
83,blocks.0.attn.out_proj.bias,1.72227421e-02,3.00000000e-03,5.558410
83,blocks.0.ln2.weight,5.33867130e-04,3.00000000e-03,5.558410
83,blocks.0.ln2.bias,2.27899353e-02,3.00000000e-03,5.558410
83,blocks.0.mlp.0.weight,5.06377568e-03,3.00000000e-03,5.558410
83,blocks.0.mlp.0.bias,7.35001693e-03,3.00000000e-03,5.558410
83,blocks.0.mlp.2.weight,9.01497775e-03,3.00000000e-03,5.558410
83,blocks.0.mlp.2.bias,9.75134898e-03,3.00000000e-03,5.558410
83,blocks.1.ln1.weight,7.20227381e-04,3.00000000e-03,5.558410
83,blocks.1.ln1.bias,2.19005596e-02,3.00000000e-03,5.558410
83,blocks.1.attn.in_proj_weight,5.24260518e-03,3.00000000e-03,5.558410
83,blocks.1.attn.in_proj_bias,1.84591436e-02,3.00000000e-03,5.558410
83,blocks.1.attn.out_proj.weight,9.28578423e-03,3.00000000e-03,5.558410
83,blocks.1.attn.out_proj.bias,1.38983247e-02,3.00000000e-03,5.558410
83,blocks.1.ln2.weight,5.06518561e-04,3.00000000e-03,5.558410
83,blocks.1.ln2.bias,2.23141788e-02,3.00000000e-03,5.558410
83,blocks.1.mlp.0.weight,4.78737202e-03,3.00000000e-03,5.558410
83,blocks.1.mlp.0.bias,6.17156061e-03,3.00000000e-03,5.558410
83,blocks.1.mlp.2.weight,8.87331356e-03,3.00000000e-03,5.558410
83,blocks.1.mlp.2.bias,7.10199172e-03,3.00000000e-03,5.558410
83,ln_f.weight,1.58157077e-03,3.00000000e-03,5.558410
83,ln_f.bias,3.54622506e-02,3.00000000e-03,5.558410
83,lm_head.weight,9.07574112e-03,3.00000000e-03,5.558410
84,token_emb.weight,4.58013702e-04,3.00000000e-03,5.575821
84,pos_emb.weight,4.77105018e-04,3.00000000e-03,5.575821
84,blocks.0.ln1.weight,6.49266817e-04,3.00000000e-03,5.575821
84,blocks.0.ln1.bias,2.33487857e-02,3.00000000e-03,5.575821
84,blocks.0.attn.in_proj_weight,4.99635977e-03,3.00000000e-03,5.575821
84,blocks.0.attn.in_proj_bias,2.05082217e-02,3.00000000e-03,5.575821
84,blocks.0.attn.out_proj.weight,7.82997651e-03,3.00000000e-03,5.575821
84,blocks.0.attn.out_proj.bias,1.57616127e-02,3.00000000e-03,5.575821
84,blocks.0.ln2.weight,4.94471120e-04,3.00000000e-03,5.575821
84,blocks.0.ln2.bias,2.09992118e-02,3.00000000e-03,5.575821
84,blocks.0.mlp.0.weight,4.88573301e-03,3.00000000e-03,5.575821
84,blocks.0.mlp.0.bias,6.91534757e-03,3.00000000e-03,5.575821
84,blocks.0.mlp.2.weight,8.70482417e-03,3.00000000e-03,5.575821
84,blocks.0.mlp.2.bias,9.04601698e-03,3.00000000e-03,5.575821
84,blocks.1.ln1.weight,7.04454067e-04,3.00000000e-03,5.575821
84,blocks.1.ln1.bias,2.08437633e-02,3.00000000e-03,5.575821
84,blocks.1.attn.in_proj_weight,5.11198725e-03,3.00000000e-03,5.575821
84,blocks.1.attn.in_proj_bias,1.71196891e-02,3.00000000e-03,5.575821
84,blocks.1.attn.out_proj.weight,9.20537292e-03,3.00000000e-03,5.575821
84,blocks.1.attn.out_proj.bias,1.28770925e-02,3.00000000e-03,5.575821
84,blocks.1.ln2.weight,4.78764534e-04,3.00000000e-03,5.575821
84,blocks.1.ln2.bias,2.04316961e-02,3.00000000e-03,5.575821
84,blocks.1.mlp.0.weight,4.53687803e-03,3.00000000e-03,5.575821
84,blocks.1.mlp.0.bias,5.81337532e-03,3.00000000e-03,5.575821
84,blocks.1.mlp.2.weight,8.62549776e-03,3.00000000e-03,5.575821
84,blocks.1.mlp.2.bias,6.71024753e-03,3.00000000e-03,5.575821
84,ln_f.weight,1.55778280e-03,3.00000000e-03,5.575821
84,ln_f.bias,3.47103951e-02,3.00000000e-03,5.575821
84,lm_head.weight,8.65219261e-03,3.00000000e-03,5.575821
85,token_emb.weight,4.50993375e-04,3.00000000e-03,5.577202
85,pos_emb.weight,4.64659845e-04,3.00000000e-03,5.577202
85,blocks.0.ln1.weight,5.88448225e-04,3.00000000e-03,5.577202
85,blocks.0.ln1.bias,2.10387939e-02,3.00000000e-03,5.577202
85,blocks.0.attn.in_proj_weight,4.75111670e-03,3.00000000e-03,5.577202
85,blocks.0.attn.in_proj_bias,1.85453410e-02,3.00000000e-03,5.577202
85,blocks.0.attn.out_proj.weight,7.42330753e-03,3.00000000e-03,5.577202
85,blocks.0.attn.out_proj.bias,1.43695665e-02,3.00000000e-03,5.577202
85,blocks.0.ln2.weight,4.43523613e-04,3.00000000e-03,5.577202
85,blocks.0.ln2.bias,1.89108665e-02,3.00000000e-03,5.577202
85,blocks.0.mlp.0.weight,4.75281086e-03,3.00000000e-03,5.577202
85,blocks.0.mlp.0.bias,6.47572956e-03,3.00000000e-03,5.577202
85,blocks.0.mlp.2.weight,8.54225093e-03,3.00000000e-03,5.577202
85,blocks.0.mlp.2.bias,8.44259679e-03,3.00000000e-03,5.577202
85,blocks.1.ln1.weight,5.92060201e-04,3.00000000e-03,5.577202
85,blocks.1.ln1.bias,1.74582928e-02,3.00000000e-03,5.577202
85,blocks.1.attn.in_proj_weight,4.65901793e-03,3.00000000e-03,5.577202
85,blocks.1.attn.in_proj_bias,1.50283311e-02,3.00000000e-03,5.577202
85,blocks.1.attn.out_proj.weight,9.16666435e-03,3.00000000e-03,5.577202
85,blocks.1.attn.out_proj.bias,1.23183989e-02,3.00000000e-03,5.577202
85,blocks.1.ln2.weight,5.35646441e-04,3.00000000e-03,5.577202
85,blocks.1.ln2.bias,2.23399518e-02,3.00000000e-03,5.577202
85,blocks.1.mlp.0.weight,4.56185135e-03,3.00000000e-03,5.577202
85,blocks.1.mlp.0.bias,5.85758957e-03,3.00000000e-03,5.577202
85,blocks.1.mlp.2.weight,8.47183617e-03,3.00000000e-03,5.577202
85,blocks.1.mlp.2.bias,6.45467487e-03,3.00000000e-03,5.577202
85,ln_f.weight,1.52886200e-03,3.00000000e-03,5.577202
85,ln_f.bias,3.41423645e-02,3.00000000e-03,5.577202
85,lm_head.weight,8.71375357e-03,3.00000000e-03,5.577202
86,token_emb.weight,4.43562497e-04,3.00000000e-03,5.581318
86,pos_emb.weight,4.55185391e-04,3.00000000e-03,5.581318
86,blocks.0.ln1.weight,5.23673056e-04,3.00000000e-03,5.581318
86,blocks.0.ln1.bias,1.87675214e-02,3.00000000e-03,5.581318
86,blocks.0.attn.in_proj_weight,4.51787372e-03,3.00000000e-03,5.581318
86,blocks.0.attn.in_proj_bias,1.68517693e-02,3.00000000e-03,5.581318
86,blocks.0.attn.out_proj.weight,6.82119850e-03,3.00000000e-03,5.581318
86,blocks.0.attn.out_proj.bias,1.30712042e-02,3.00000000e-03,5.581318
86,blocks.0.ln2.weight,3.97976069e-04,3.00000000e-03,5.581318
86,blocks.0.ln2.bias,1.72287938e-02,3.00000000e-03,5.581318
86,blocks.0.mlp.0.weight,4.57556060e-03,3.00000000e-03,5.581318
86,blocks.0.mlp.0.bias,6.02093824e-03,3.00000000e-03,5.581318
86,blocks.0.mlp.2.weight,8.12616581e-03,3.00000000e-03,5.581318
86,blocks.0.mlp.2.bias,7.87558018e-03,3.00000000e-03,5.581318
86,blocks.1.ln1.weight,5.77037572e-04,3.00000000e-03,5.581318
86,blocks.1.ln1.bias,1.61295820e-02,3.00000000e-03,5.581318
86,blocks.1.attn.in_proj_weight,4.37944865e-03,3.00000000e-03,5.581318
86,blocks.1.attn.in_proj_bias,1.37344292e-02,3.00000000e-03,5.581318
86,blocks.1.attn.out_proj.weight,8.70795815e-03,3.00000000e-03,5.581318
86,blocks.1.attn.out_proj.bias,1.17245724e-02,3.00000000e-03,5.581318
86,blocks.1.ln2.weight,5.57167960e-04,3.00000000e-03,5.581318
86,blocks.1.ln2.bias,2.31124662e-02,3.00000000e-03,5.581318
86,blocks.1.mlp.0.weight,4.48035055e-03,3.00000000e-03,5.581318
86,blocks.1.mlp.0.bias,5.79436465e-03,3.00000000e-03,5.581318
86,blocks.1.mlp.2.weight,8.11509868e-03,3.00000000e-03,5.581318
86,blocks.1.mlp.2.bias,6.25244116e-03,3.00000000e-03,5.581318
86,ln_f.weight,1.50528455e-03,3.00000000e-03,5.581318
86,ln_f.bias,3.26934126e-02,3.00000000e-03,5.581318
86,lm_head.weight,8.96980813e-03,3.00000000e-03,5.581318
87,token_emb.weight,4.36333732e-04,3.00000000e-03,5.550680
87,pos_emb.weight,4.49943496e-04,3.00000000e-03,5.550680
87,blocks.0.ln1.weight,5.26695949e-04,3.00000000e-03,5.550680
87,blocks.0.ln1.bias,1.87594630e-02,3.00000000e-03,5.550680
87,blocks.0.attn.in_proj_weight,4.43920651e-03,3.00000000e-03,5.550680
87,blocks.0.attn.in_proj_bias,1.65539449e-02,3.00000000e-03,5.550680
87,blocks.0.attn.out_proj.weight,6.49467176e-03,3.00000000e-03,5.550680
87,blocks.0.attn.out_proj.bias,1.23242301e-02,3.00000000e-03,5.550680
87,blocks.0.ln2.weight,3.76070154e-04,3.00000000e-03,5.550680
87,blocks.0.ln2.bias,1.61208515e-02,3.00000000e-03,5.550680
87,blocks.0.mlp.0.weight,4.44288645e-03,3.00000000e-03,5.550680
87,blocks.0.mlp.0.bias,5.76234841e-03,3.00000000e-03,5.550680
87,blocks.0.mlp.2.weight,7.76674282e-03,3.00000000e-03,5.550680
87,blocks.0.mlp.2.bias,7.38242954e-03,3.00000000e-03,5.550680
87,blocks.1.ln1.weight,5.12141791e-04,3.00000000e-03,5.550680
87,blocks.1.ln1.bias,1.47567690e-02,3.00000000e-03,5.550680
87,blocks.1.attn.in_proj_weight,3.95825016e-03,3.00000000e-03,5.550680
87,blocks.1.attn.in_proj_bias,1.26116782e-02,3.00000000e-03,5.550680
87,blocks.1.attn.out_proj.weight,8.03924400e-03,3.00000000e-03,5.550680
87,blocks.1.attn.out_proj.bias,1.09860731e-02,3.00000000e-03,5.550680
87,blocks.1.ln2.weight,5.29144564e-04,3.00000000e-03,5.550680
87,blocks.1.ln2.bias,2.19079955e-02,3.00000000e-03,5.550680
87,blocks.1.mlp.0.weight,4.25740336e-03,3.00000000e-03,5.550680
87,blocks.1.mlp.0.bias,5.48530539e-03,3.00000000e-03,5.550680
87,blocks.1.mlp.2.weight,7.55746899e-03,3.00000000e-03,5.550680
87,blocks.1.mlp.2.bias,5.81787528e-03,3.00000000e-03,5.550680
87,ln_f.weight,1.44477103e-03,3.00000000e-03,5.550680
87,ln_f.bias,3.04883647e-02,3.00000000e-03,5.550680
87,lm_head.weight,8.69294013e-03,3.00000000e-03,5.550680
88,token_emb.weight,4.30468908e-04,3.00000000e-03,5.601484
88,pos_emb.weight,4.43106556e-04,3.00000000e-03,5.601484
88,blocks.0.ln1.weight,5.01874772e-04,3.00000000e-03,5.601484
88,blocks.0.ln1.bias,1.72310315e-02,3.00000000e-03,5.601484
88,blocks.0.attn.in_proj_weight,4.25706127e-03,3.00000000e-03,5.601484
88,blocks.0.attn.in_proj_bias,1.50276048e-02,3.00000000e-03,5.601484
88,blocks.0.attn.out_proj.weight,6.08903486e-03,3.00000000e-03,5.601484
88,blocks.0.attn.out_proj.bias,1.11879093e-02,3.00000000e-03,5.601484
88,blocks.0.ln2.weight,3.59463008e-04,3.00000000e-03,5.601484
88,blocks.0.ln2.bias,1.53668799e-02,3.00000000e-03,5.601484
88,blocks.0.mlp.0.weight,4.28208425e-03,3.00000000e-03,5.601484
88,blocks.0.mlp.0.bias,5.43999430e-03,3.00000000e-03,5.601484
88,blocks.0.mlp.2.weight,7.54821622e-03,3.00000000e-03,5.601484
88,blocks.0.mlp.2.bias,6.90259230e-03,3.00000000e-03,5.601484
88,blocks.1.ln1.weight,5.42443439e-04,3.00000000e-03,5.601484
88,blocks.1.ln1.bias,1.45288706e-02,3.00000000e-03,5.601484
88,blocks.1.attn.in_proj_weight,3.93950038e-03,3.00000000e-03,5.601484
88,blocks.1.attn.in_proj_bias,1.19236747e-02,3.00000000e-03,5.601484
88,blocks.1.attn.out_proj.weight,7.96940823e-03,3.00000000e-03,5.601484
88,blocks.1.attn.out_proj.bias,1.04934187e-02,3.00000000e-03,5.601484
88,blocks.1.ln2.weight,4.99052982e-04,3.00000000e-03,5.601484
88,blocks.1.ln2.bias,1.99573796e-02,3.00000000e-03,5.601484
88,blocks.1.mlp.0.weight,4.14940466e-03,3.00000000e-03,5.601484
88,blocks.1.mlp.0.bias,5.28269211e-03,3.00000000e-03,5.601484
88,blocks.1.mlp.2.weight,7.50552959e-03,3.00000000e-03,5.601484
88,blocks.1.mlp.2.bias,5.60297469e-03,3.00000000e-03,5.601484
88,ln_f.weight,1.46568150e-03,3.00000000e-03,5.601484
88,ln_f.bias,3.13627284e-02,3.00000000e-03,5.601484
88,lm_head.weight,8.40011065e-03,3.00000000e-03,5.601484
89,token_emb.weight,4.24649327e-04,3.00000000e-03,5.566347
89,pos_emb.weight,4.35605646e-04,3.00000000e-03,5.566347
89,blocks.0.ln1.weight,4.85279415e-04,3.00000000e-03,5.566347
89,blocks.0.ln1.bias,1.56507922e-02,3.00000000e-03,5.566347
89,blocks.0.attn.in_proj_weight,4.10804602e-03,3.00000000e-03,5.566347
89,blocks.0.attn.in_proj_bias,1.36797169e-02,3.00000000e-03,5.566347
89,blocks.0.attn.out_proj.weight,5.90951265e-03,3.00000000e-03,5.566347
89,blocks.0.attn.out_proj.bias,1.03701441e-02,3.00000000e-03,5.566347
89,blocks.0.ln2.weight,3.50760204e-04,3.00000000e-03,5.566347
89,blocks.0.ln2.bias,1.43310651e-02,3.00000000e-03,5.566347
89,blocks.0.mlp.0.weight,4.15118553e-03,3.00000000e-03,5.566347
89,blocks.0.mlp.0.bias,5.20088321e-03,3.00000000e-03,5.566347
89,blocks.0.mlp.2.weight,7.38273549e-03,3.00000000e-03,5.566347
89,blocks.0.mlp.2.bias,6.61707294e-03,3.00000000e-03,5.566347
89,blocks.1.ln1.weight,5.35712864e-04,3.00000000e-03,5.566347
89,blocks.1.ln1.bias,1.34917526e-02,3.00000000e-03,5.566347
89,blocks.1.attn.in_proj_weight,3.91751212e-03,3.00000000e-03,5.566347
89,blocks.1.attn.in_proj_bias,1.12043413e-02,3.00000000e-03,5.566347
89,blocks.1.attn.out_proj.weight,8.29238029e-03,3.00000000e-03,5.566347
89,blocks.1.attn.out_proj.bias,1.03866567e-02,3.00000000e-03,5.566347
89,blocks.1.ln2.weight,4.94731747e-04,3.00000000e-03,5.566347
89,blocks.1.ln2.bias,1.85932615e-02,3.00000000e-03,5.566347
89,blocks.1.mlp.0.weight,4.04762405e-03,3.00000000e-03,5.566347
89,blocks.1.mlp.0.bias,5.11923475e-03,3.00000000e-03,5.566347
89,blocks.1.mlp.2.weight,7.74328151e-03,3.00000000e-03,5.566347
89,blocks.1.mlp.2.bias,5.63618443e-03,3.00000000e-03,5.566347
89,ln_f.weight,1.45158885e-03,3.00000000e-03,5.566347
89,ln_f.bias,3.13391969e-02,3.00000000e-03,5.566347
89,lm_head.weight,8.42960017e-03,3.00000000e-03,5.566347
90,token_emb.weight,4.19366393e-04,3.00000000e-03,5.593421
90,pos_emb.weight,4.31061097e-04,3.00000000e-03,5.593421
90,blocks.0.ln1.weight,4.69358054e-04,3.00000000e-03,5.593421
90,blocks.0.ln1.bias,1.50515303e-02,3.00000000e-03,5.593421
90,blocks.0.attn.in_proj_weight,4.08583454e-03,3.00000000e-03,5.593421
90,blocks.0.attn.in_proj_bias,1.32113962e-02,3.00000000e-03,5.593421
90,blocks.0.attn.out_proj.weight,5.79869287e-03,3.00000000e-03,5.593421
90,blocks.0.attn.out_proj.bias,9.70484212e-03,3.00000000e-03,5.593421
90,blocks.0.ln2.weight,3.52892930e-04,3.00000000e-03,5.593421
90,blocks.0.ln2.bias,1.35386858e-02,3.00000000e-03,5.593421
90,blocks.0.mlp.0.weight,4.11018492e-03,3.00000000e-03,5.593421
90,blocks.0.mlp.0.bias,4.99541831e-03,3.00000000e-03,5.593421
90,blocks.0.mlp.2.weight,7.26260251e-03,3.00000000e-03,5.593421
90,blocks.0.mlp.2.bias,6.33351935e-03,3.00000000e-03,5.593421
90,blocks.1.ln1.weight,5.21507617e-04,3.00000000e-03,5.593421
90,blocks.1.ln1.bias,1.27536382e-02,3.00000000e-03,5.593421
90,blocks.1.attn.in_proj_weight,3.77594202e-03,3.00000000e-03,5.593421
90,blocks.1.attn.in_proj_bias,1.03191286e-02,3.00000000e-03,5.593421
90,blocks.1.attn.out_proj.weight,8.27773081e-03,3.00000000e-03,5.593421
90,blocks.1.attn.out_proj.bias,9.93556985e-03,3.00000000e-03,5.593421
90,blocks.1.ln2.weight,4.56121558e-04,3.00000000e-03,5.593421
90,blocks.1.ln2.bias,1.62533456e-02,3.00000000e-03,5.593421
90,blocks.1.mlp.0.weight,3.87572285e-03,3.00000000e-03,5.593421
90,blocks.1.mlp.0.bias,4.84606657e-03,3.00000000e-03,5.593421
90,blocks.1.mlp.2.weight,7.70523741e-03,3.00000000e-03,5.593421
90,blocks.1.mlp.2.bias,5.48819597e-03,3.00000000e-03,5.593421
90,ln_f.weight,1.46823260e-03,3.00000000e-03,5.593421
90,ln_f.bias,3.23398270e-02,3.00000000e-03,5.593421
90,lm_head.weight,8.42098147e-03,3.00000000e-03,5.593421
91,token_emb.weight,4.15143704e-04,3.00000000e-03,5.564544
91,pos_emb.weight,4.23843948e-04,3.00000000e-03,5.564544
91,blocks.0.ln1.weight,4.10224163e-04,3.00000000e-03,5.564544
91,blocks.0.ln1.bias,1.24009424e-02,3.00000000e-03,5.564544
91,blocks.0.attn.in_proj_weight,3.94253578e-03,3.00000000e-03,5.564544
91,blocks.0.attn.in_proj_bias,1.17906722e-02,3.00000000e-03,5.564544
91,blocks.0.attn.out_proj.weight,5.76980363e-03,3.00000000e-03,5.564544
91,blocks.0.attn.out_proj.bias,9.08625478e-03,3.00000000e-03,5.564544
91,blocks.0.ln2.weight,3.56219675e-04,3.00000000e-03,5.564544
91,blocks.0.ln2.bias,1.25205525e-02,3.00000000e-03,5.564544
91,blocks.0.mlp.0.weight,4.09324865e-03,3.00000000e-03,5.564544
91,blocks.0.mlp.0.bias,4.83418003e-03,3.00000000e-03,5.564544
91,blocks.0.mlp.2.weight,7.26000675e-03,3.00000000e-03,5.564544
91,blocks.0.mlp.2.bias,6.08814606e-03,3.00000000e-03,5.564544
91,blocks.1.ln1.weight,5.43511492e-04,3.00000000e-03,5.564544
91,blocks.1.ln1.bias,1.28192269e-02,3.00000000e-03,5.564544
91,blocks.1.attn.in_proj_weight,3.99700367e-03,3.00000000e-03,5.564544
91,blocks.1.attn.in_proj_bias,1.01553806e-02,3.00000000e-03,5.564544
91,blocks.1.attn.out_proj.weight,8.41614246e-03,3.00000000e-03,5.564544
91,blocks.1.attn.out_proj.bias,9.67183274e-03,3.00000000e-03,5.564544
91,blocks.1.ln2.weight,4.36447472e-04,3.00000000e-03,5.564544
91,blocks.1.ln2.bias,1.51553389e-02,3.00000000e-03,5.564544
91,blocks.1.mlp.0.weight,3.75307167e-03,3.00000000e-03,5.564544
91,blocks.1.mlp.0.bias,4.61533060e-03,3.00000000e-03,5.564544
91,blocks.1.mlp.2.weight,7.87962390e-03,3.00000000e-03,5.564544
91,blocks.1.mlp.2.bias,5.47152494e-03,3.00000000e-03,5.564544
91,ln_f.weight,1.45169294e-03,3.00000000e-03,5.564544
91,ln_f.bias,3.24996734e-02,3.00000000e-03,5.564544
91,lm_head.weight,8.30449679e-03,3.00000000e-03,5.564544
92,token_emb.weight,4.10747065e-04,3.00000000e-03,5.581620
92,pos_emb.weight,4.19351254e-04,3.00000000e-03,5.581620
92,blocks.0.ln1.weight,4.26651200e-04,3.00000000e-03,5.581620
92,blocks.0.ln1.bias,1.27026682e-02,3.00000000e-03,5.581620
92,blocks.0.attn.in_proj_weight,3.97012578e-03,3.00000000e-03,5.581620
92,blocks.0.attn.in_proj_bias,1.23551684e-02,3.00000000e-03,5.581620
92,blocks.0.attn.out_proj.weight,6.10424845e-03,3.00000000e-03,5.581620
92,blocks.0.attn.out_proj.bias,9.17191950e-03,3.00000000e-03,5.581620
92,blocks.0.ln2.weight,3.85746235e-04,3.00000000e-03,5.581620
92,blocks.0.ln2.bias,1.25527637e-02,3.00000000e-03,5.581620
92,blocks.0.mlp.0.weight,4.11256282e-03,3.00000000e-03,5.581620
92,blocks.0.mlp.0.bias,4.76982146e-03,3.00000000e-03,5.581620
92,blocks.0.mlp.2.weight,7.42913072e-03,3.00000000e-03,5.581620
92,blocks.0.mlp.2.bias,6.19834699e-03,3.00000000e-03,5.581620
92,blocks.1.ln1.weight,5.52186097e-04,3.00000000e-03,5.581620
92,blocks.1.ln1.bias,1.19699436e-02,3.00000000e-03,5.581620
92,blocks.1.attn.in_proj_weight,4.05259335e-03,3.00000000e-03,5.581620
92,blocks.1.attn.in_proj_bias,9.96775888e-03,3.00000000e-03,5.581620
92,blocks.1.attn.out_proj.weight,8.97316286e-03,3.00000000e-03,5.581620
92,blocks.1.attn.out_proj.bias,9.93808362e-03,3.00000000e-03,5.581620
92,blocks.1.ln2.weight,4.52597260e-04,3.00000000e-03,5.581620
92,blocks.1.ln2.bias,1.51487099e-02,3.00000000e-03,5.581620
92,blocks.1.mlp.0.weight,3.88505526e-03,3.00000000e-03,5.581620
92,blocks.1.mlp.0.bias,4.77184480e-03,3.00000000e-03,5.581620
92,blocks.1.mlp.2.weight,8.31057919e-03,3.00000000e-03,5.581620
92,blocks.1.mlp.2.bias,5.62354813e-03,3.00000000e-03,5.581620
92,ln_f.weight,1.45886873e-03,3.00000000e-03,5.581620
92,ln_f.bias,3.37142080e-02,3.00000000e-03,5.581620
92,lm_head.weight,8.42939050e-03,3.00000000e-03,5.581620
93,token_emb.weight,4.07106216e-04,3.00000000e-03,5.561469
93,pos_emb.weight,4.16518194e-04,3.00000000e-03,5.561469
93,blocks.0.ln1.weight,3.93378414e-04,3.00000000e-03,5.561469
93,blocks.0.ln1.bias,1.16604166e-02,3.00000000e-03,5.561469
93,blocks.0.attn.in_proj_weight,3.88650293e-03,3.00000000e-03,5.561469
93,blocks.0.attn.in_proj_bias,1.13650711e-02,3.00000000e-03,5.561469
93,blocks.0.attn.out_proj.weight,5.93748128e-03,3.00000000e-03,5.561469
93,blocks.0.attn.out_proj.bias,8.69094451e-03,3.00000000e-03,5.561469
93,blocks.0.ln2.weight,3.81511035e-04,3.00000000e-03,5.561469
93,blocks.0.ln2.bias,1.20625830e-02,3.00000000e-03,5.561469
93,blocks.0.mlp.0.weight,4.08054376e-03,3.00000000e-03,5.561469
93,blocks.0.mlp.0.bias,4.52760110e-03,3.00000000e-03,5.561469
93,blocks.0.mlp.2.weight,7.31058832e-03,3.00000000e-03,5.561469
93,blocks.0.mlp.2.bias,5.88674052e-03,3.00000000e-03,5.561469
93,blocks.1.ln1.weight,5.19916464e-04,3.00000000e-03,5.561469
93,blocks.1.ln1.bias,1.10815604e-02,3.00000000e-03,5.561469
93,blocks.1.attn.in_proj_weight,3.95022344e-03,3.00000000e-03,5.561469
93,blocks.1.attn.in_proj_bias,9.23263603e-03,3.00000000e-03,5.561469
93,blocks.1.attn.out_proj.weight,8.70649709e-03,3.00000000e-03,5.561469
93,blocks.1.attn.out_proj.bias,9.60305989e-03,3.00000000e-03,5.561469
93,blocks.1.ln2.weight,3.98605092e-04,3.00000000e-03,5.561469
93,blocks.1.ln2.bias,1.32904206e-02,3.00000000e-03,5.561469
93,blocks.1.mlp.0.weight,3.64028608e-03,3.00000000e-03,5.561469
93,blocks.1.mlp.0.bias,4.42208419e-03,3.00000000e-03,5.561469
93,blocks.1.mlp.2.weight,8.08059348e-03,3.00000000e-03,5.561469
93,blocks.1.mlp.2.bias,5.44216161e-03,3.00000000e-03,5.561469
93,ln_f.weight,1.42615969e-03,3.00000000e-03,5.561469
93,ln_f.bias,3.23792142e-02,3.00000000e-03,5.561469
93,lm_head.weight,8.71355409e-03,3.00000000e-03,5.561469
94,token_emb.weight,4.05791064e-04,3.00000000e-03,5.574589
94,pos_emb.weight,4.14004356e-04,3.00000000e-03,5.574589
94,blocks.0.ln1.weight,3.91186902e-04,3.00000000e-03,5.574589
94,blocks.0.ln1.bias,1.15275302e-02,3.00000000e-03,5.574589
94,blocks.0.attn.in_proj_weight,3.81959428e-03,3.00000000e-03,5.574589
94,blocks.0.attn.in_proj_bias,1.11469978e-02,3.00000000e-03,5.574589
94,blocks.0.attn.out_proj.weight,5.70244218e-03,3.00000000e-03,5.574589
94,blocks.0.attn.out_proj.bias,8.34295881e-03,3.00000000e-03,5.574589
94,blocks.0.ln2.weight,3.55426294e-04,3.00000000e-03,5.574589
94,blocks.0.ln2.bias,1.21303869e-02,3.00000000e-03,5.574589
94,blocks.0.mlp.0.weight,4.04344214e-03,3.00000000e-03,5.574589
94,blocks.0.mlp.0.bias,4.49035121e-03,3.00000000e-03,5.574589
94,blocks.0.mlp.2.weight,7.12999821e-03,3.00000000e-03,5.574589
94,blocks.0.mlp.2.bias,5.64759389e-03,3.00000000e-03,5.574589
94,blocks.1.ln1.weight,4.71975227e-04,3.00000000e-03,5.574589
94,blocks.1.ln1.bias,1.01001748e-02,3.00000000e-03,5.574589
94,blocks.1.attn.in_proj_weight,3.79138459e-03,3.00000000e-03,5.574589
94,blocks.1.attn.in_proj_bias,8.63355464e-03,3.00000000e-03,5.574589
94,blocks.1.attn.out_proj.weight,8.29856061e-03,3.00000000e-03,5.574589
94,blocks.1.attn.out_proj.bias,9.17413573e-03,3.00000000e-03,5.574589
94,blocks.1.ln2.weight,3.99140284e-04,3.00000000e-03,5.574589
94,blocks.1.ln2.bias,1.31010636e-02,3.00000000e-03,5.574589
94,blocks.1.mlp.0.weight,3.67572315e-03,3.00000000e-03,5.574589
94,blocks.1.mlp.0.bias,4.47241001e-03,3.00000000e-03,5.574589
94,blocks.1.mlp.2.weight,7.81501875e-03,3.00000000e-03,5.574589
94,blocks.1.mlp.2.bias,5.21579408e-03,3.00000000e-03,5.574589
94,ln_f.weight,1.42682208e-03,3.00000000e-03,5.574589
94,ln_f.bias,3.17554011e-02,3.00000000e-03,5.574589
94,lm_head.weight,8.95847802e-03,3.00000000e-03,5.574589
95,token_emb.weight,4.04341447e-04,3.00000000e-03,5.579845
95,pos_emb.weight,4.12903313e-04,3.00000000e-03,5.579845
95,blocks.0.ln1.weight,4.01625183e-04,3.00000000e-03,5.579845
95,blocks.0.ln1.bias,1.16600627e-02,3.00000000e-03,5.579845
95,blocks.0.attn.in_proj_weight,3.79706876e-03,3.00000000e-03,5.579845
95,blocks.0.attn.in_proj_bias,1.11351436e-02,3.00000000e-03,5.579845
95,blocks.0.attn.out_proj.weight,5.29464902e-03,3.00000000e-03,5.579845
95,blocks.0.attn.out_proj.bias,7.76697052e-03,3.00000000e-03,5.579845
95,blocks.0.ln2.weight,3.54329397e-04,3.00000000e-03,5.579845
95,blocks.0.ln2.bias,1.13905437e-02,3.00000000e-03,5.579845
95,blocks.0.mlp.0.weight,3.89488139e-03,3.00000000e-03,5.579845
95,blocks.0.mlp.0.bias,4.21770940e-03,3.00000000e-03,5.579845
95,blocks.0.mlp.2.weight,6.65716009e-03,3.00000000e-03,5.579845
95,blocks.0.mlp.2.bias,5.11501031e-03,3.00000000e-03,5.579845
95,blocks.1.ln1.weight,4.33073518e-04,3.00000000e-03,5.579845
95,blocks.1.ln1.bias,9.63157892e-03,3.00000000e-03,5.579845
95,blocks.1.attn.in_proj_weight,3.41230720e-03,3.00000000e-03,5.579845
95,blocks.1.attn.in_proj_bias,7.96248940e-03,3.00000000e-03,5.579845
95,blocks.1.attn.out_proj.weight,7.19483289e-03,3.00000000e-03,5.579845
95,blocks.1.attn.out_proj.bias,8.30954675e-03,3.00000000e-03,5.579845
95,blocks.1.ln2.weight,3.69064985e-04,3.00000000e-03,5.579845
95,blocks.1.ln2.bias,1.19209660e-02,3.00000000e-03,5.579845
95,blocks.1.mlp.0.weight,3.30044031e-03,3.00000000e-03,5.579845
95,blocks.1.mlp.0.bias,3.98992589e-03,3.00000000e-03,5.579845
95,blocks.1.mlp.2.weight,6.90243464e-03,3.00000000e-03,5.579845
95,blocks.1.mlp.2.bias,4.69201881e-03,3.00000000e-03,5.579845
95,ln_f.weight,1.40984118e-03,3.00000000e-03,5.579845
95,ln_f.bias,2.90770598e-02,3.00000000e-03,5.579845
95,lm_head.weight,8.97764721e-03,3.00000000e-03,5.579845
96,token_emb.weight,4.01630201e-04,3.00000000e-03,5.540574
96,pos_emb.weight,4.09312500e-04,3.00000000e-03,5.540574
96,blocks.0.ln1.weight,3.76785568e-04,3.00000000e-03,5.540574
96,blocks.0.ln1.bias,1.01450942e-02,3.00000000e-03,5.540574
96,blocks.0.attn.in_proj_weight,3.67656840e-03,3.00000000e-03,5.540574
96,blocks.0.attn.in_proj_bias,9.95406987e-03,3.00000000e-03,5.540574
96,blocks.0.attn.out_proj.weight,5.30093064e-03,3.00000000e-03,5.540574
96,blocks.0.attn.out_proj.bias,7.41585470e-03,3.00000000e-03,5.540574
96,blocks.0.ln2.weight,3.52326757e-04,3.00000000e-03,5.540574
96,blocks.0.ln2.bias,1.04626762e-02,3.00000000e-03,5.540574
96,blocks.0.mlp.0.weight,3.81381747e-03,3.00000000e-03,5.540574
96,blocks.0.mlp.0.bias,3.99928954e-03,3.00000000e-03,5.540574
96,blocks.0.mlp.2.weight,6.68181747e-03,3.00000000e-03,5.540574
96,blocks.0.mlp.2.bias,4.95999219e-03,3.00000000e-03,5.540574
96,blocks.1.ln1.weight,4.60711604e-04,3.00000000e-03,5.540574
96,blocks.1.ln1.bias,9.76553671e-03,3.00000000e-03,5.540574
96,blocks.1.attn.in_proj_weight,3.52086008e-03,3.00000000e-03,5.540574
96,blocks.1.attn.in_proj_bias,7.87457277e-03,3.00000000e-03,5.540574
96,blocks.1.attn.out_proj.weight,7.53446143e-03,3.00000000e-03,5.540574
96,blocks.1.attn.out_proj.bias,8.38774555e-03,3.00000000e-03,5.540574
96,blocks.1.ln2.weight,3.79840529e-04,3.00000000e-03,5.540574
96,blocks.1.ln2.bias,1.26090378e-02,3.00000000e-03,5.540574
96,blocks.1.mlp.0.weight,3.31168735e-03,3.00000000e-03,5.540574
96,blocks.1.mlp.0.bias,4.00648936e-03,3.00000000e-03,5.540574
96,blocks.1.mlp.2.weight,7.26275503e-03,3.00000000e-03,5.540574
96,blocks.1.mlp.2.bias,4.85224674e-03,3.00000000e-03,5.540574
96,ln_f.weight,1.37042224e-03,3.00000000e-03,5.540574
96,ln_f.bias,2.85267412e-02,3.00000000e-03,5.540574
96,lm_head.weight,8.65984846e-03,3.00000000e-03,5.540574
97,token_emb.weight,4.01066669e-04,3.00000000e-03,5.583172
97,pos_emb.weight,4.11613536e-04,3.00000000e-03,5.583172
97,blocks.0.ln1.weight,3.93623177e-04,3.00000000e-03,5.583172
97,blocks.0.ln1.bias,1.15070157e-02,3.00000000e-03,5.583172
97,blocks.0.attn.in_proj_weight,3.73953361e-03,3.00000000e-03,5.583172
97,blocks.0.attn.in_proj_bias,1.03374207e-02,3.00000000e-03,5.583172
97,blocks.0.attn.out_proj.weight,5.30969205e-03,3.00000000e-03,5.583172
97,blocks.0.attn.out_proj.bias,7.27461063e-03,3.00000000e-03,5.583172
97,blocks.0.ln2.weight,3.58765649e-04,3.00000000e-03,5.583172
97,blocks.0.ln2.bias,1.08197035e-02,3.00000000e-03,5.583172
97,blocks.0.mlp.0.weight,3.81756962e-03,3.00000000e-03,5.583172
97,blocks.0.mlp.0.bias,4.04061582e-03,3.00000000e-03,5.583172
97,blocks.0.mlp.2.weight,6.64167127e-03,3.00000000e-03,5.583172
97,blocks.0.mlp.2.bias,4.82993004e-03,3.00000000e-03,5.583172
97,blocks.1.ln1.weight,4.64646304e-04,3.00000000e-03,5.583172
97,blocks.1.ln1.bias,9.21347843e-03,3.00000000e-03,5.583172
97,blocks.1.attn.in_proj_weight,3.36041870e-03,3.00000000e-03,5.583172
97,blocks.1.attn.in_proj_bias,7.47034676e-03,3.00000000e-03,5.583172
97,blocks.1.attn.out_proj.weight,7.29272751e-03,3.00000000e-03,5.583172
97,blocks.1.attn.out_proj.bias,8.12892865e-03,3.00000000e-03,5.583172
97,blocks.1.ln2.weight,3.75312292e-04,3.00000000e-03,5.583172
97,blocks.1.ln2.bias,1.19979864e-02,3.00000000e-03,5.583172
97,blocks.1.mlp.0.weight,3.17656624e-03,3.00000000e-03,5.583172
97,blocks.1.mlp.0.bias,3.80346219e-03,3.00000000e-03,5.583172
97,blocks.1.mlp.2.weight,7.09872543e-03,3.00000000e-03,5.583172
97,blocks.1.mlp.2.bias,4.71874445e-03,3.00000000e-03,5.583172
97,ln_f.weight,1.35375924e-03,3.00000000e-03,5.583172
97,ln_f.bias,2.77980526e-02,3.00000000e-03,5.583172
97,lm_head.weight,8.82205575e-03,3.00000000e-03,5.583172
98,token_emb.weight,3.98990969e-04,3.00000000e-03,5.579617
98,pos_emb.weight,4.08412848e-04,3.00000000e-03,5.579617
98,blocks.0.ln1.weight,3.59019727e-04,3.00000000e-03,5.579617
98,blocks.0.ln1.bias,1.01883247e-02,3.00000000e-03,5.579617
98,blocks.0.attn.in_proj_weight,3.62248751e-03,3.00000000e-03,5.579617
98,blocks.0.attn.in_proj_bias,9.20844952e-03,3.00000000e-03,5.579617
98,blocks.0.attn.out_proj.weight,5.44922055e-03,3.00000000e-03,5.579617
98,blocks.0.attn.out_proj.bias,7.26735492e-03,3.00000000e-03,5.579617
98,blocks.0.ln2.weight,3.80714401e-04,3.00000000e-03,5.579617
98,blocks.0.ln2.bias,1.11143940e-02,3.00000000e-03,5.579617
98,blocks.0.mlp.0.weight,3.86513646e-03,3.00000000e-03,5.579617
98,blocks.0.mlp.0.bias,4.12119749e-03,3.00000000e-03,5.579617
98,blocks.0.mlp.2.weight,6.79440107e-03,3.00000000e-03,5.579617
98,blocks.0.mlp.2.bias,4.99333131e-03,3.00000000e-03,5.579617
98,blocks.1.ln1.weight,4.69691422e-04,3.00000000e-03,5.579617
98,blocks.1.ln1.bias,9.18656626e-03,3.00000000e-03,5.579617
98,blocks.1.attn.in_proj_weight,3.49239210e-03,3.00000000e-03,5.579617
98,blocks.1.attn.in_proj_bias,7.56770914e-03,3.00000000e-03,5.579617
98,blocks.1.attn.out_proj.weight,7.81189969e-03,3.00000000e-03,5.579617
98,blocks.1.attn.out_proj.bias,8.52788245e-03,3.00000000e-03,5.579617
98,blocks.1.ln2.weight,3.58802809e-04,3.00000000e-03,5.579617
98,blocks.1.ln2.bias,1.04658340e-02,3.00000000e-03,5.579617
98,blocks.1.mlp.0.weight,3.11305018e-03,3.00000000e-03,5.579617
98,blocks.1.mlp.0.bias,3.67647970e-03,3.00000000e-03,5.579617
98,blocks.1.mlp.2.weight,7.56855387e-03,3.00000000e-03,5.579617
98,blocks.1.mlp.2.bias,4.99284281e-03,3.00000000e-03,5.579617
98,ln_f.weight,1.37385479e-03,3.00000000e-03,5.579617
98,ln_f.bias,2.88412928e-02,3.00000000e-03,5.579617
98,lm_head.weight,9.08177313e-03,3.00000000e-03,5.579617
99,token_emb.weight,3.97927580e-04,3.00000000e-03,5.578645
99,pos_emb.weight,4.09835621e-04,3.00000000e-03,5.578645
99,blocks.0.ln1.weight,3.96052336e-04,3.00000000e-03,5.578645
99,blocks.0.ln1.bias,1.07819626e-02,3.00000000e-03,5.578645
99,blocks.0.attn.in_proj_weight,3.66605345e-03,3.00000000e-03,5.578645
99,blocks.0.attn.in_proj_bias,9.33022942e-03,3.00000000e-03,5.578645
99,blocks.0.attn.out_proj.weight,5.22012953e-03,3.00000000e-03,5.578645
99,blocks.0.attn.out_proj.bias,6.88196494e-03,3.00000000e-03,5.578645
99,blocks.0.ln2.weight,3.59516451e-04,3.00000000e-03,5.578645
99,blocks.0.ln2.bias,9.37456145e-03,3.00000000e-03,5.578645
99,blocks.0.mlp.0.weight,3.69067875e-03,3.00000000e-03,5.578645
99,blocks.0.mlp.0.bias,3.68217221e-03,3.00000000e-03,5.578645
99,blocks.0.mlp.2.weight,6.55861809e-03,3.00000000e-03,5.578645
99,blocks.0.mlp.2.bias,4.71508628e-03,3.00000000e-03,5.578645
99,blocks.1.ln1.weight,4.14169856e-04,3.00000000e-03,5.578645
99,blocks.1.ln1.bias,8.67885165e-03,3.00000000e-03,5.578645
99,blocks.1.attn.in_proj_weight,3.07010327e-03,3.00000000e-03,5.578645
99,blocks.1.attn.in_proj_bias,6.79972846e-03,3.00000000e-03,5.578645
99,blocks.1.attn.out_proj.weight,7.18813775e-03,3.00000000e-03,5.578645
99,blocks.1.attn.out_proj.bias,8.08810378e-03,3.00000000e-03,5.578645
99,blocks.1.ln2.weight,3.46182332e-04,3.00000000e-03,5.578645
99,blocks.1.ln2.bias,9.87240965e-03,3.00000000e-03,5.578645
99,blocks.1.mlp.0.weight,2.95973886e-03,3.00000000e-03,5.578645
99,blocks.1.mlp.0.bias,3.50493012e-03,3.00000000e-03,5.578645
99,blocks.1.mlp.2.weight,7.13288443e-03,3.00000000e-03,5.578645
99,blocks.1.mlp.2.bias,4.77523674e-03,3.00000000e-03,5.578645
99,ln_f.weight,1.38117637e-03,3.00000000e-03,5.578645
99,ln_f.bias,2.75281799e-02,3.00000000e-03,5.578645
99,lm_head.weight,9.05526175e-03,3.00000000e-03,5.578645
100,token_emb.weight,3.95528564e-04,3.00000000e-03,5.566614
100,pos_emb.weight,4.09256139e-04,3.00000000e-03,5.566614
100,blocks.0.ln1.weight,3.47650756e-04,3.00000000e-03,5.566614
100,blocks.0.ln1.bias,9.32900472e-03,3.00000000e-03,5.566614
100,blocks.0.attn.in_proj_weight,3.55035152e-03,3.00000000e-03,5.566614
100,blocks.0.attn.in_proj_bias,8.38115696e-03,3.00000000e-03,5.566614
100,blocks.0.attn.out_proj.weight,5.46715947e-03,3.00000000e-03,5.566614
100,blocks.0.attn.out_proj.bias,6.85132042e-03,3.00000000e-03,5.566614
100,blocks.0.ln2.weight,3.59109462e-04,3.00000000e-03,5.566614
100,blocks.0.ln2.bias,8.94473641e-03,3.00000000e-03,5.566614
100,blocks.0.mlp.0.weight,3.68743092e-03,3.00000000e-03,5.566614
100,blocks.0.mlp.0.bias,3.68706093e-03,3.00000000e-03,5.566614
100,blocks.0.mlp.2.weight,6.62599047e-03,3.00000000e-03,5.566614
100,blocks.0.mlp.2.bias,4.76922272e-03,3.00000000e-03,5.566614
100,blocks.1.ln1.weight,4.12965592e-04,3.00000000e-03,5.566614
100,blocks.1.ln1.bias,8.62831836e-03,3.00000000e-03,5.566614
100,blocks.1.attn.in_proj_weight,2.92379584e-03,3.00000000e-03,5.566614
100,blocks.1.attn.in_proj_bias,6.45508916e-03,3.00000000e-03,5.566614
100,blocks.1.attn.out_proj.weight,7.34929520e-03,3.00000000e-03,5.566614
100,blocks.1.attn.out_proj.bias,7.89995137e-03,3.00000000e-03,5.566614
100,blocks.1.ln2.weight,3.24587639e-04,3.00000000e-03,5.566614
100,blocks.1.ln2.bias,8.38331616e-03,3.00000000e-03,5.566614
100,blocks.1.mlp.0.weight,2.75803721e-03,3.00000000e-03,5.566614
100,blocks.1.mlp.0.bias,3.21449995e-03,3.00000000e-03,5.566614
100,blocks.1.mlp.2.weight,7.16649934e-03,3.00000000e-03,5.566614
100,blocks.1.mlp.2.bias,4.67393565e-03,3.00000000e-03,5.566614
100,ln_f.weight,1.35322501e-03,3.00000000e-03,5.566614
100,ln_f.bias,2.68465641e-02,3.00000000e-03,5.566614
100,lm_head.weight,8.95537954e-03,3.00000000e-03,5.566614
101,token_emb.weight,3.95042537e-04,3.00000000e-03,5.598707
101,pos_emb.weight,4.06567692e-04,3.00000000e-03,5.598707
101,blocks.0.ln1.weight,3.17086179e-04,3.00000000e-03,5.598707
101,blocks.0.ln1.bias,8.84754924e-03,3.00000000e-03,5.598707
101,blocks.0.attn.in_proj_weight,3.58813351e-03,3.00000000e-03,5.598707
101,blocks.0.attn.in_proj_bias,8.09735650e-03,3.00000000e-03,5.598707
101,blocks.0.attn.out_proj.weight,6.02906334e-03,3.00000000e-03,5.598707
101,blocks.0.attn.out_proj.bias,7.40945873e-03,3.00000000e-03,5.598707
101,blocks.0.ln2.weight,3.74791635e-04,3.00000000e-03,5.598707
101,blocks.0.ln2.bias,8.73952676e-03,3.00000000e-03,5.598707
101,blocks.0.mlp.0.weight,3.73838880e-03,3.00000000e-03,5.598707
101,blocks.0.mlp.0.bias,3.77689870e-03,3.00000000e-03,5.598707
101,blocks.0.mlp.2.weight,6.99248754e-03,3.00000000e-03,5.598707
101,blocks.0.mlp.2.bias,5.19712780e-03,3.00000000e-03,5.598707
101,blocks.1.ln1.weight,4.36046717e-04,3.00000000e-03,5.598707
101,blocks.1.ln1.bias,8.61271551e-03,3.00000000e-03,5.598707
101,blocks.1.attn.in_proj_weight,3.02458452e-03,3.00000000e-03,5.598707
101,blocks.1.attn.in_proj_bias,6.46746121e-03,3.00000000e-03,5.598707
101,blocks.1.attn.out_proj.weight,8.07502360e-03,3.00000000e-03,5.598707
101,blocks.1.attn.out_proj.bias,8.53652922e-03,3.00000000e-03,5.598707
101,blocks.1.ln2.weight,3.66589744e-04,3.00000000e-03,5.598707
101,blocks.1.ln2.bias,8.95284070e-03,3.00000000e-03,5.598707
101,blocks.1.mlp.0.weight,3.13185694e-03,3.00000000e-03,5.598707
101,blocks.1.mlp.0.bias,3.72058809e-03,3.00000000e-03,5.598707
101,blocks.1.mlp.2.weight,7.87290731e-03,3.00000000e-03,5.598707
101,blocks.1.mlp.2.bias,5.06122883e-03,3.00000000e-03,5.598707
101,ln_f.weight,1.39374165e-03,3.00000000e-03,5.598707
101,ln_f.bias,2.79086148e-02,3.00000000e-03,5.598707
101,lm_head.weight,8.63419231e-03,3.00000000e-03,5.598707
102,token_emb.weight,3.96019065e-04,3.00000000e-03,5.563926
102,pos_emb.weight,4.05653636e-04,3.00000000e-03,5.563926
102,blocks.0.ln1.weight,3.55035768e-04,3.00000000e-03,5.563926
102,blocks.0.ln1.bias,9.65529853e-03,3.00000000e-03,5.563926
102,blocks.0.attn.in_proj_weight,3.66423452e-03,3.00000000e-03,5.563926
102,blocks.0.attn.in_proj_bias,8.56813005e-03,3.00000000e-03,5.563926
102,blocks.0.attn.out_proj.weight,6.32210197e-03,3.00000000e-03,5.563926
102,blocks.0.attn.out_proj.bias,7.83504238e-03,3.00000000e-03,5.563926
102,blocks.0.ln2.weight,3.93429657e-04,3.00000000e-03,5.563926
102,blocks.0.ln2.bias,9.58351176e-03,3.00000000e-03,5.563926
102,blocks.0.mlp.0.weight,3.86782529e-03,3.00000000e-03,5.563926
102,blocks.0.mlp.0.bias,3.99213103e-03,3.00000000e-03,5.563926
102,blocks.0.mlp.2.weight,7.28747688e-03,3.00000000e-03,5.563926
102,blocks.0.mlp.2.bias,5.53777779e-03,3.00000000e-03,5.563926
102,blocks.1.ln1.weight,4.56541801e-04,3.00000000e-03,5.563926
102,blocks.1.ln1.bias,8.96403944e-03,3.00000000e-03,5.563926
102,blocks.1.attn.in_proj_weight,3.18813468e-03,3.00000000e-03,5.563926
102,blocks.1.attn.in_proj_bias,6.75780060e-03,3.00000000e-03,5.563926
102,blocks.1.attn.out_proj.weight,8.53132525e-03,3.00000000e-03,5.563926
102,blocks.1.attn.out_proj.bias,9.06565712e-03,3.00000000e-03,5.563926
102,blocks.1.ln2.weight,3.83712622e-04,3.00000000e-03,5.563926
102,blocks.1.ln2.bias,8.87920525e-03,3.00000000e-03,5.563926
102,blocks.1.mlp.0.weight,3.26401072e-03,3.00000000e-03,5.563926
102,blocks.1.mlp.0.bias,3.88715860e-03,3.00000000e-03,5.563926
102,blocks.1.mlp.2.weight,8.36835326e-03,3.00000000e-03,5.563926
102,blocks.1.mlp.2.bias,5.37796449e-03,3.00000000e-03,5.563926
102,ln_f.weight,1.39269439e-03,3.00000000e-03,5.563926
102,ln_f.bias,2.79197736e-02,3.00000000e-03,5.563926
102,lm_head.weight,8.68044633e-03,3.00000000e-03,5.563926
103,token_emb.weight,3.96609663e-04,3.00000000e-03,5.611260
103,pos_emb.weight,4.07150179e-04,3.00000000e-03,5.611260
103,blocks.0.ln1.weight,4.07534738e-04,3.00000000e-03,5.611260
103,blocks.0.ln1.bias,1.06844613e-02,3.00000000e-03,5.611260
103,blocks.0.attn.in_proj_weight,3.79958406e-03,3.00000000e-03,5.611260
103,blocks.0.attn.in_proj_bias,9.56829850e-03,3.00000000e-03,5.611260
103,blocks.0.attn.out_proj.weight,6.78215727e-03,3.00000000e-03,5.611260
103,blocks.0.attn.out_proj.bias,8.26928116e-03,3.00000000e-03,5.611260
103,blocks.0.ln2.weight,4.03232076e-04,3.00000000e-03,5.611260
103,blocks.0.ln2.bias,8.86585512e-03,3.00000000e-03,5.611260
103,blocks.0.mlp.0.weight,3.81456896e-03,3.00000000e-03,5.611260
103,blocks.0.mlp.0.bias,3.90060618e-03,3.00000000e-03,5.611260
103,blocks.0.mlp.2.weight,7.40554840e-03,3.00000000e-03,5.611260
103,blocks.0.mlp.2.bias,5.62147388e-03,3.00000000e-03,5.611260
103,blocks.1.ln1.weight,4.49951836e-04,3.00000000e-03,5.611260
103,blocks.1.ln1.bias,9.19790420e-03,3.00000000e-03,5.611260
103,blocks.1.attn.in_proj_weight,3.06068227e-03,3.00000000e-03,5.611260
103,blocks.1.attn.in_proj_bias,6.52409241e-03,3.00000000e-03,5.611260
103,blocks.1.attn.out_proj.weight,8.81583042e-03,3.00000000e-03,5.611260
103,blocks.1.attn.out_proj.bias,9.13642783e-03,3.00000000e-03,5.611260
103,blocks.1.ln2.weight,3.87858914e-04,3.00000000e-03,5.611260
103,blocks.1.ln2.bias,9.74420437e-03,3.00000000e-03,5.611260
103,blocks.1.mlp.0.weight,3.30729102e-03,3.00000000e-03,5.611260
103,blocks.1.mlp.0.bias,3.97156303e-03,3.00000000e-03,5.611260
103,blocks.1.mlp.2.weight,8.55819568e-03,3.00000000e-03,5.611260
103,blocks.1.mlp.2.bias,5.40586693e-03,3.00000000e-03,5.611260
103,ln_f.weight,1.43022175e-03,3.00000000e-03,5.611260
103,ln_f.bias,2.88329838e-02,3.00000000e-03,5.611260
103,lm_head.weight,8.57993787e-03,3.00000000e-03,5.611260
104,token_emb.weight,3.97620796e-04,3.00000000e-03,5.583841
104,pos_emb.weight,4.09110415e-04,3.00000000e-03,5.583841
104,blocks.0.ln1.weight,4.36657633e-04,3.00000000e-03,5.583841
104,blocks.0.ln1.bias,1.13587569e-02,3.00000000e-03,5.583841
104,blocks.0.attn.in_proj_weight,3.89272869e-03,3.00000000e-03,5.583841
104,blocks.0.attn.in_proj_bias,1.01150492e-02,3.00000000e-03,5.583841
104,blocks.0.attn.out_proj.weight,7.09798603e-03,3.00000000e-03,5.583841
104,blocks.0.attn.out_proj.bias,8.61411327e-03,3.00000000e-03,5.583841
104,blocks.0.ln2.weight,3.93834621e-04,3.00000000e-03,5.583841
104,blocks.0.ln2.bias,8.92956552e-03,3.00000000e-03,5.583841
104,blocks.0.mlp.0.weight,3.91606470e-03,3.00000000e-03,5.583841
104,blocks.0.mlp.0.bias,4.06366746e-03,3.00000000e-03,5.583841
104,blocks.0.mlp.2.weight,7.72227493e-03,3.00000000e-03,5.583841
104,blocks.0.mlp.2.bias,5.81985011e-03,3.00000000e-03,5.583841
104,blocks.1.ln1.weight,4.68186646e-04,3.00000000e-03,5.583841
104,blocks.1.ln1.bias,9.57107556e-03,3.00000000e-03,5.583841
104,blocks.1.attn.in_proj_weight,3.04638321e-03,3.00000000e-03,5.583841
104,blocks.1.attn.in_proj_bias,6.41043003e-03,3.00000000e-03,5.583841
104,blocks.1.attn.out_proj.weight,9.23821899e-03,3.00000000e-03,5.583841
104,blocks.1.attn.out_proj.bias,9.49519713e-03,3.00000000e-03,5.583841
104,blocks.1.ln2.weight,4.12641452e-04,3.00000000e-03,5.583841
104,blocks.1.ln2.bias,1.04937943e-02,3.00000000e-03,5.583841
104,blocks.1.mlp.0.weight,3.48822828e-03,3.00000000e-03,5.583841
104,blocks.1.mlp.0.bias,4.23566318e-03,3.00000000e-03,5.583841
104,blocks.1.mlp.2.weight,8.97842461e-03,3.00000000e-03,5.583841
104,blocks.1.mlp.2.bias,5.57310273e-03,3.00000000e-03,5.583841
104,ln_f.weight,1.45565049e-03,3.00000000e-03,5.583841
104,ln_f.bias,2.90131477e-02,3.00000000e-03,5.583841
104,lm_head.weight,8.59523019e-03,3.00000000e-03,5.583841
105,token_emb.weight,3.98918864e-04,3.00000000e-03,5.586775
105,pos_emb.weight,4.08767367e-04,3.00000000e-03,5.586775
105,blocks.0.ln1.weight,4.53266773e-04,3.00000000e-03,5.586775
105,blocks.0.ln1.bias,1.17885088e-02,3.00000000e-03,5.586775
105,blocks.0.attn.in_proj_weight,3.94598742e-03,3.00000000e-03,5.586775
105,blocks.0.attn.in_proj_bias,1.04913238e-02,3.00000000e-03,5.586775
105,blocks.0.attn.out_proj.weight,6.87005802e-03,3.00000000e-03,5.586775
105,blocks.0.attn.out_proj.bias,8.43350481e-03,3.00000000e-03,5.586775
105,blocks.0.ln2.weight,4.21422976e-04,3.00000000e-03,5.586775
105,blocks.0.ln2.bias,9.08789153e-03,3.00000000e-03,5.586775
105,blocks.0.mlp.0.weight,3.91203257e-03,3.00000000e-03,5.586775
105,blocks.0.mlp.0.bias,3.98261429e-03,3.00000000e-03,5.586775
105,blocks.0.mlp.2.weight,7.57718412e-03,3.00000000e-03,5.586775
105,blocks.0.mlp.2.bias,5.69997516e-03,3.00000000e-03,5.586775
105,blocks.1.ln1.weight,4.15115211e-04,3.00000000e-03,5.586775
105,blocks.1.ln1.bias,8.63002548e-03,3.00000000e-03,5.586775
105,blocks.1.attn.in_proj_weight,3.03857696e-03,3.00000000e-03,5.586775
105,blocks.1.attn.in_proj_bias,6.35722129e-03,3.00000000e-03,5.586775
105,blocks.1.attn.out_proj.weight,8.71678535e-03,3.00000000e-03,5.586775
105,blocks.1.attn.out_proj.bias,9.13775686e-03,3.00000000e-03,5.586775
105,blocks.1.ln2.weight,4.15876004e-04,3.00000000e-03,5.586775
105,blocks.1.ln2.bias,9.46299048e-03,3.00000000e-03,5.586775
105,blocks.1.mlp.0.weight,3.36392260e-03,3.00000000e-03,5.586775
105,blocks.1.mlp.0.bias,4.09660430e-03,3.00000000e-03,5.586775
105,blocks.1.mlp.2.weight,8.55429965e-03,3.00000000e-03,5.586775
105,blocks.1.mlp.2.bias,5.33639160e-03,3.00000000e-03,5.586775
105,ln_f.weight,1.45155075e-03,3.00000000e-03,5.586775
105,ln_f.bias,2.81816397e-02,3.00000000e-03,5.586775
105,lm_head.weight,8.46781560e-03,3.00000000e-03,5.586775
106,token_emb.weight,3.98273001e-04,3.00000000e-03,5.567116
106,pos_emb.weight,4.09322604e-04,3.00000000e-03,5.567116
106,blocks.0.ln1.weight,4.07231794e-04,3.00000000e-03,5.567116
106,blocks.0.ln1.bias,1.09116463e-02,3.00000000e-03,5.567116
106,blocks.0.attn.in_proj_weight,3.89786078e-03,3.00000000e-03,5.567116
106,blocks.0.attn.in_proj_bias,9.89807112e-03,3.00000000e-03,5.567116
106,blocks.0.attn.out_proj.weight,7.10486698e-03,3.00000000e-03,5.567116
106,blocks.0.attn.out_proj.bias,8.63061476e-03,3.00000000e-03,5.567116
106,blocks.0.ln2.weight,4.48611633e-04,3.00000000e-03,5.567116
106,blocks.0.ln2.bias,9.25429289e-03,3.00000000e-03,5.567116
106,blocks.0.mlp.0.weight,4.02741162e-03,3.00000000e-03,5.567116
106,blocks.0.mlp.0.bias,4.09604050e-03,3.00000000e-03,5.567116
106,blocks.0.mlp.2.weight,7.86341235e-03,3.00000000e-03,5.567116
106,blocks.0.mlp.2.bias,5.91261796e-03,3.00000000e-03,5.567116
106,blocks.1.ln1.weight,4.29436592e-04,3.00000000e-03,5.567116
106,blocks.1.ln1.bias,9.12551604e-03,3.00000000e-03,5.567116
106,blocks.1.attn.in_proj_weight,3.06233300e-03,3.00000000e-03,5.567116
106,blocks.1.attn.in_proj_bias,6.40434647e-03,3.00000000e-03,5.567116
106,blocks.1.attn.out_proj.weight,8.97859982e-03,3.00000000e-03,5.567116
106,blocks.1.attn.out_proj.bias,9.53380912e-03,3.00000000e-03,5.567116
106,blocks.1.ln2.weight,4.26259614e-04,3.00000000e-03,5.567116
106,blocks.1.ln2.bias,9.61885048e-03,3.00000000e-03,5.567116
106,blocks.1.mlp.0.weight,3.42362208e-03,3.00000000e-03,5.567116
106,blocks.1.mlp.0.bias,4.20142698e-03,3.00000000e-03,5.567116
106,blocks.1.mlp.2.weight,8.89404060e-03,3.00000000e-03,5.567116
106,blocks.1.mlp.2.bias,5.60367663e-03,3.00000000e-03,5.567116
106,ln_f.weight,1.44523924e-03,3.00000000e-03,5.567116
106,ln_f.bias,2.78927454e-02,3.00000000e-03,5.567116
106,lm_head.weight,8.47597676e-03,3.00000000e-03,5.567116
107,token_emb.weight,3.96644681e-04,3.00000000e-03,5.578863
107,pos_emb.weight,4.06495454e-04,3.00000000e-03,5.578863
107,blocks.0.ln1.weight,3.81679521e-04,3.00000000e-03,5.578863
107,blocks.0.ln1.bias,9.23151319e-03,3.00000000e-03,5.578863
107,blocks.0.attn.in_proj_weight,3.77586765e-03,3.00000000e-03,5.578863
107,blocks.0.attn.in_proj_bias,8.62349668e-03,3.00000000e-03,5.578863
107,blocks.0.attn.out_proj.weight,6.77379192e-03,3.00000000e-03,5.578863
107,blocks.0.attn.out_proj.bias,8.18115031e-03,3.00000000e-03,5.578863
107,blocks.0.ln2.weight,4.05126658e-04,3.00000000e-03,5.578863
107,blocks.0.ln2.bias,8.57384470e-03,3.00000000e-03,5.578863
107,blocks.0.mlp.0.weight,3.89505667e-03,3.00000000e-03,5.578863
107,blocks.0.mlp.0.bias,3.84285486e-03,3.00000000e-03,5.578863
107,blocks.0.mlp.2.weight,7.63339780e-03,3.00000000e-03,5.578863
107,blocks.0.mlp.2.bias,5.66657764e-03,3.00000000e-03,5.578863
107,blocks.1.ln1.weight,4.25874133e-04,3.00000000e-03,5.578863
107,blocks.1.ln1.bias,8.78599492e-03,3.00000000e-03,5.578863
107,blocks.1.attn.in_proj_weight,3.00431906e-03,3.00000000e-03,5.578863
107,blocks.1.attn.in_proj_bias,6.15401330e-03,3.00000000e-03,5.578863
107,blocks.1.attn.out_proj.weight,8.59758291e-03,3.00000000e-03,5.578863
107,blocks.1.attn.out_proj.bias,9.22415513e-03,3.00000000e-03,5.578863
107,blocks.1.ln2.weight,4.53383249e-04,3.00000000e-03,5.578863
107,blocks.1.ln2.bias,9.58229834e-03,3.00000000e-03,5.578863
107,blocks.1.mlp.0.weight,3.33927617e-03,3.00000000e-03,5.578863
107,blocks.1.mlp.0.bias,4.11031118e-03,3.00000000e-03,5.578863
107,blocks.1.mlp.2.weight,8.61113047e-03,3.00000000e-03,5.578863
107,blocks.1.mlp.2.bias,5.43694380e-03,3.00000000e-03,5.578863
107,ln_f.weight,1.42497228e-03,3.00000000e-03,5.578863
107,ln_f.bias,2.67313839e-02,3.00000000e-03,5.578863
107,lm_head.weight,8.26843079e-03,3.00000000e-03,5.578863
108,token_emb.weight,3.98064641e-04,3.00000000e-03,5.585853
108,pos_emb.weight,4.09953173e-04,3.00000000e-03,5.585853
108,blocks.0.ln1.weight,3.98598969e-04,3.00000000e-03,5.585853
108,blocks.0.ln1.bias,9.78394360e-03,3.00000000e-03,5.585853
108,blocks.0.attn.in_proj_weight,3.79181242e-03,3.00000000e-03,5.585853
108,blocks.0.attn.in_proj_bias,8.68935592e-03,3.00000000e-03,5.585853
108,blocks.0.attn.out_proj.weight,6.38848994e-03,3.00000000e-03,5.585853
108,blocks.0.attn.out_proj.bias,7.96641454e-03,3.00000000e-03,5.585853
108,blocks.0.ln2.weight,3.95303647e-04,3.00000000e-03,5.585853
108,blocks.0.ln2.bias,8.12444870e-03,3.00000000e-03,5.585853
108,blocks.0.mlp.0.weight,3.82294109e-03,3.00000000e-03,5.585853
108,blocks.0.mlp.0.bias,3.66072322e-03,3.00000000e-03,5.585853
108,blocks.0.mlp.2.weight,7.36574140e-03,3.00000000e-03,5.585853
108,blocks.0.mlp.2.bias,5.40211274e-03,3.00000000e-03,5.585853
108,blocks.1.ln1.weight,4.20569941e-04,3.00000000e-03,5.585853
108,blocks.1.ln1.bias,8.68066151e-03,3.00000000e-03,5.585853
108,blocks.1.attn.in_proj_weight,2.87587189e-03,3.00000000e-03,5.585853
108,blocks.1.attn.in_proj_bias,5.91601592e-03,3.00000000e-03,5.585853
108,blocks.1.attn.out_proj.weight,7.79741191e-03,3.00000000e-03,5.585853
108,blocks.1.attn.out_proj.bias,8.63770506e-03,3.00000000e-03,5.585853
108,blocks.1.ln2.weight,4.52338667e-04,3.00000000e-03,5.585853
108,blocks.1.ln2.bias,8.82421848e-03,3.00000000e-03,5.585853
108,blocks.1.mlp.0.weight,3.10055564e-03,3.00000000e-03,5.585853
108,blocks.1.mlp.0.bias,3.79546276e-03,3.00000000e-03,5.585853
108,blocks.1.mlp.2.weight,7.86902312e-03,3.00000000e-03,5.585853
108,blocks.1.mlp.2.bias,5.06227054e-03,3.00000000e-03,5.585853
108,ln_f.weight,1.40045019e-03,3.00000000e-03,5.585853
108,ln_f.bias,2.54573960e-02,3.00000000e-03,5.585853
108,lm_head.weight,8.28583627e-03,3.00000000e-03,5.585853
109,token_emb.weight,3.97044720e-04,3.00000000e-03,5.571909
109,pos_emb.weight,4.07183460e-04,3.00000000e-03,5.571909
109,blocks.0.ln1.weight,3.49603331e-04,3.00000000e-03,5.571909
109,blocks.0.ln1.bias,8.36854697e-03,3.00000000e-03,5.571909
109,blocks.0.attn.in_proj_weight,3.62178358e-03,3.00000000e-03,5.571909
109,blocks.0.attn.in_proj_bias,7.67616217e-03,3.00000000e-03,5.571909
109,blocks.0.attn.out_proj.weight,6.14576360e-03,3.00000000e-03,5.571909
109,blocks.0.attn.out_proj.bias,7.74070035e-03,3.00000000e-03,5.571909
109,blocks.0.ln2.weight,4.07992626e-04,3.00000000e-03,5.571909
109,blocks.0.ln2.bias,7.30037440e-03,3.00000000e-03,5.571909
109,blocks.0.mlp.0.weight,3.75584927e-03,3.00000000e-03,5.571909
109,blocks.0.mlp.0.bias,3.53314160e-03,3.00000000e-03,5.571909
109,blocks.0.mlp.2.weight,7.38513517e-03,3.00000000e-03,5.571909
109,blocks.0.mlp.2.bias,5.46290536e-03,3.00000000e-03,5.571909
109,blocks.1.ln1.weight,4.58934780e-04,3.00000000e-03,5.571909
109,blocks.1.ln1.bias,8.56917276e-03,3.00000000e-03,5.571909
109,blocks.1.attn.in_proj_weight,2.97359635e-03,3.00000000e-03,5.571909
109,blocks.1.attn.in_proj_bias,6.04291944e-03,3.00000000e-03,5.571909
109,blocks.1.attn.out_proj.weight,7.72879283e-03,3.00000000e-03,5.571909
109,blocks.1.attn.out_proj.bias,8.79147010e-03,3.00000000e-03,5.571909
109,blocks.1.ln2.weight,4.73699455e-04,3.00000000e-03,5.571909
109,blocks.1.ln2.bias,8.86563513e-03,3.00000000e-03,5.571909
109,blocks.1.mlp.0.weight,3.06619149e-03,3.00000000e-03,5.571909
109,blocks.1.mlp.0.bias,3.78773718e-03,3.00000000e-03,5.571909
109,blocks.1.mlp.2.weight,7.98501461e-03,3.00000000e-03,5.571909
109,blocks.1.mlp.2.bias,5.22262640e-03,3.00000000e-03,5.571909
109,ln_f.weight,1.37344515e-03,3.00000000e-03,5.571909
109,ln_f.bias,2.47210414e-02,3.00000000e-03,5.571909
109,lm_head.weight,8.01971811e-03,3.00000000e-03,5.571909
110,token_emb.weight,3.97447397e-04,3.00000000e-03,5.573948
110,pos_emb.weight,4.07442194e-04,3.00000000e-03,5.573948
110,blocks.0.ln1.weight,3.30190216e-04,3.00000000e-03,5.573948
110,blocks.0.ln1.bias,8.11778097e-03,3.00000000e-03,5.573948
110,blocks.0.attn.in_proj_weight,3.68245610e-03,3.00000000e-03,5.573948
110,blocks.0.attn.in_proj_bias,7.94327143e-03,3.00000000e-03,5.573948
110,blocks.0.attn.out_proj.weight,6.18268796e-03,3.00000000e-03,5.573948
110,blocks.0.attn.out_proj.bias,7.79917502e-03,3.00000000e-03,5.573948
110,blocks.0.ln2.weight,4.20184093e-04,3.00000000e-03,5.573948
110,blocks.0.ln2.bias,7.47549477e-03,3.00000000e-03,5.573948
110,blocks.0.mlp.0.weight,3.76003759e-03,3.00000000e-03,5.573948
110,blocks.0.mlp.0.bias,3.56408855e-03,3.00000000e-03,5.573948
110,blocks.0.mlp.2.weight,7.30743821e-03,3.00000000e-03,5.573948
110,blocks.0.mlp.2.bias,5.41981689e-03,3.00000000e-03,5.573948
110,blocks.1.ln1.weight,4.88366378e-04,3.00000000e-03,5.573948
110,blocks.1.ln1.bias,8.65748072e-03,3.00000000e-03,5.573948
110,blocks.1.attn.in_proj_weight,3.03313809e-03,3.00000000e-03,5.573948
110,blocks.1.attn.in_proj_bias,6.11450027e-03,3.00000000e-03,5.573948
110,blocks.1.attn.out_proj.weight,7.77444953e-03,3.00000000e-03,5.573948
110,blocks.1.attn.out_proj.bias,8.74120599e-03,3.00000000e-03,5.573948
110,blocks.1.ln2.weight,4.76116913e-04,3.00000000e-03,5.573948
110,blocks.1.ln2.bias,8.84328369e-03,3.00000000e-03,5.573948
110,blocks.1.mlp.0.weight,2.94181203e-03,3.00000000e-03,5.573948
110,blocks.1.mlp.0.bias,3.65979672e-03,3.00000000e-03,5.573948
110,blocks.1.mlp.2.weight,7.99440413e-03,3.00000000e-03,5.573948
110,blocks.1.mlp.2.bias,5.17110974e-03,3.00000000e-03,5.573948
110,ln_f.weight,1.35396392e-03,3.00000000e-03,5.573948
110,ln_f.bias,2.43428792e-02,3.00000000e-03,5.573948
110,lm_head.weight,7.77899203e-03,3.00000000e-03,5.573948
111,token_emb.weight,3.97662145e-04,3.00000000e-03,5.530588
111,pos_emb.weight,4.06507597e-04,3.00000000e-03,5.530588
111,blocks.0.ln1.weight,3.12376500e-04,3.00000000e-03,5.530588
111,blocks.0.ln1.bias,7.51106241e-03,3.00000000e-03,5.530588
111,blocks.0.attn.in_proj_weight,3.55487638e-03,3.00000000e-03,5.530588
111,blocks.0.attn.in_proj_bias,7.42473115e-03,3.00000000e-03,5.530588
111,blocks.0.attn.out_proj.weight,5.92730141e-03,3.00000000e-03,5.530588
111,blocks.0.attn.out_proj.bias,7.40814617e-03,3.00000000e-03,5.530588
111,blocks.0.ln2.weight,4.34519120e-04,3.00000000e-03,5.530588
111,blocks.0.ln2.bias,6.49998234e-03,3.00000000e-03,5.530588
111,blocks.0.mlp.0.weight,3.68123232e-03,3.00000000e-03,5.530588
111,blocks.0.mlp.0.bias,3.36125077e-03,3.00000000e-03,5.530588
111,blocks.0.mlp.2.weight,7.23529918e-03,3.00000000e-03,5.530588
111,blocks.0.mlp.2.bias,5.31368284e-03,3.00000000e-03,5.530588
111,blocks.1.ln1.weight,4.88592324e-04,3.00000000e-03,5.530588
111,blocks.1.ln1.bias,8.95362878e-03,3.00000000e-03,5.530588
111,blocks.1.attn.in_proj_weight,2.98386169e-03,3.00000000e-03,5.530588
111,blocks.1.attn.in_proj_bias,6.11448901e-03,3.00000000e-03,5.530588
111,blocks.1.attn.out_proj.weight,7.62114811e-03,3.00000000e-03,5.530588
111,blocks.1.attn.out_proj.bias,8.64341572e-03,3.00000000e-03,5.530588
111,blocks.1.ln2.weight,4.91949722e-04,3.00000000e-03,5.530588
111,blocks.1.ln2.bias,9.46090500e-03,3.00000000e-03,5.530588
111,blocks.1.mlp.0.weight,2.99948560e-03,3.00000000e-03,5.530588
111,blocks.1.mlp.0.bias,3.77573162e-03,3.00000000e-03,5.530588
111,blocks.1.mlp.2.weight,7.90535853e-03,3.00000000e-03,5.530588
111,blocks.1.mlp.2.bias,5.17049394e-03,3.00000000e-03,5.530588
111,ln_f.weight,1.29577418e-03,3.00000000e-03,5.530588
111,ln_f.bias,2.29059741e-02,3.00000000e-03,5.530588
111,lm_head.weight,8.00830631e-03,3.00000000e-03,5.530588
112,token_emb.weight,3.99346900e-04,3.00000000e-03,5.579869
112,pos_emb.weight,4.06378657e-04,3.00000000e-03,5.579869
112,blocks.0.ln1.weight,3.06107026e-04,3.00000000e-03,5.579869
112,blocks.0.ln1.bias,7.15766522e-03,3.00000000e-03,5.579869
112,blocks.0.attn.in_proj_weight,3.63640012e-03,3.00000000e-03,5.579869
112,blocks.0.attn.in_proj_bias,7.57095970e-03,3.00000000e-03,5.579869
112,blocks.0.attn.out_proj.weight,6.25200271e-03,3.00000000e-03,5.579869
112,blocks.0.attn.out_proj.bias,7.69397492e-03,3.00000000e-03,5.579869
112,blocks.0.ln2.weight,4.19999412e-04,3.00000000e-03,5.579869
112,blocks.0.ln2.bias,6.42146316e-03,3.00000000e-03,5.579869
112,blocks.0.mlp.0.weight,3.76196772e-03,3.00000000e-03,5.579869
112,blocks.0.mlp.0.bias,3.48729463e-03,3.00000000e-03,5.579869
112,blocks.0.mlp.2.weight,7.54672655e-03,3.00000000e-03,5.579869
112,blocks.0.mlp.2.bias,5.58073361e-03,3.00000000e-03,5.579869
112,blocks.1.ln1.weight,4.70721612e-04,3.00000000e-03,5.579869
112,blocks.1.ln1.bias,8.53541219e-03,3.00000000e-03,5.579869
112,blocks.1.attn.in_proj_weight,3.00770807e-03,3.00000000e-03,5.579869
112,blocks.1.attn.in_proj_bias,6.12710220e-03,3.00000000e-03,5.579869
112,blocks.1.attn.out_proj.weight,7.96664624e-03,3.00000000e-03,5.579869
112,blocks.1.attn.out_proj.bias,9.22958811e-03,3.00000000e-03,5.579869
112,blocks.1.ln2.weight,4.71457175e-04,3.00000000e-03,5.579869
112,blocks.1.ln2.bias,8.61000173e-03,3.00000000e-03,5.579869
112,blocks.1.mlp.0.weight,3.10488453e-03,3.00000000e-03,5.579869
112,blocks.1.mlp.0.bias,3.94027346e-03,3.00000000e-03,5.579869
112,blocks.1.mlp.2.weight,8.34116346e-03,3.00000000e-03,5.579869
112,blocks.1.mlp.2.bias,5.55141368e-03,3.00000000e-03,5.579869
112,ln_f.weight,1.32538739e-03,3.00000000e-03,5.579869
112,ln_f.bias,2.32996467e-02,3.00000000e-03,5.579869
112,lm_head.weight,8.23184362e-03,3.00000000e-03,5.579869
113,token_emb.weight,4.02531826e-04,3.00000000e-03,5.577985
113,pos_emb.weight,4.09504076e-04,3.00000000e-03,5.577985
113,blocks.0.ln1.weight,2.83792444e-04,3.00000000e-03,5.577985
113,blocks.0.ln1.bias,7.32809443e-03,3.00000000e-03,5.577985
113,blocks.0.attn.in_proj_weight,3.61383563e-03,3.00000000e-03,5.577985
113,blocks.0.attn.in_proj_bias,7.41810023e-03,3.00000000e-03,5.577985
113,blocks.0.attn.out_proj.weight,5.90396912e-03,3.00000000e-03,5.577985
113,blocks.0.attn.out_proj.bias,7.19795113e-03,3.00000000e-03,5.577985
113,blocks.0.ln2.weight,4.37131709e-04,3.00000000e-03,5.577985
113,blocks.0.ln2.bias,6.42290691e-03,3.00000000e-03,5.577985
113,blocks.0.mlp.0.weight,3.74526209e-03,3.00000000e-03,5.577985
113,blocks.0.mlp.0.bias,3.45314007e-03,3.00000000e-03,5.577985
113,blocks.0.mlp.2.weight,7.36972697e-03,3.00000000e-03,5.577985
113,blocks.0.mlp.2.bias,5.35612052e-03,3.00000000e-03,5.577985
113,blocks.1.ln1.weight,4.66609393e-04,3.00000000e-03,5.577985
113,blocks.1.ln1.bias,8.97817517e-03,3.00000000e-03,5.577985
113,blocks.1.attn.in_proj_weight,2.87909673e-03,3.00000000e-03,5.577985
113,blocks.1.attn.in_proj_bias,5.88520933e-03,3.00000000e-03,5.577985
113,blocks.1.attn.out_proj.weight,7.74997506e-03,3.00000000e-03,5.577985
113,blocks.1.attn.out_proj.bias,8.96755447e-03,3.00000000e-03,5.577985
113,blocks.1.ln2.weight,4.64823154e-04,3.00000000e-03,5.577985
113,blocks.1.ln2.bias,8.67991884e-03,3.00000000e-03,5.577985
113,blocks.1.mlp.0.weight,3.03408170e-03,3.00000000e-03,5.577985
113,blocks.1.mlp.0.bias,3.83517523e-03,3.00000000e-03,5.577985
113,blocks.1.mlp.2.weight,8.12913565e-03,3.00000000e-03,5.577985
113,blocks.1.mlp.2.bias,5.41347852e-03,3.00000000e-03,5.577985
113,ln_f.weight,1.32058184e-03,3.00000000e-03,5.577985
113,ln_f.bias,2.26420636e-02,3.00000000e-03,5.577985
113,lm_head.weight,8.12515196e-03,3.00000000e-03,5.577985
114,token_emb.weight,4.03823464e-04,3.00000000e-03,5.588341
114,pos_emb.weight,4.10876919e-04,3.00000000e-03,5.588341
114,blocks.0.ln1.weight,2.98970721e-04,3.00000000e-03,5.588341
114,blocks.0.ln1.bias,6.76756414e-03,3.00000000e-03,5.588341
114,blocks.0.attn.in_proj_weight,3.61746090e-03,3.00000000e-03,5.588341
114,blocks.0.attn.in_proj_bias,6.94099996e-03,3.00000000e-03,5.588341
114,blocks.0.attn.out_proj.weight,6.01008376e-03,3.00000000e-03,5.588341
114,blocks.0.attn.out_proj.bias,7.32652547e-03,3.00000000e-03,5.588341
114,blocks.0.ln2.weight,4.20917918e-04,3.00000000e-03,5.588341
114,blocks.0.ln2.bias,7.54574980e-03,3.00000000e-03,5.588341
114,blocks.0.mlp.0.weight,3.94361711e-03,3.00000000e-03,5.588341
114,blocks.0.mlp.0.bias,3.71711580e-03,3.00000000e-03,5.588341
114,blocks.0.mlp.2.weight,7.58571466e-03,3.00000000e-03,5.588341
114,blocks.0.mlp.2.bias,5.47782553e-03,3.00000000e-03,5.588341
114,blocks.1.ln1.weight,4.27404691e-04,3.00000000e-03,5.588341
114,blocks.1.ln1.bias,8.17369165e-03,3.00000000e-03,5.588341
114,blocks.1.attn.in_proj_weight,3.02857078e-03,3.00000000e-03,5.588341
114,blocks.1.attn.in_proj_bias,6.15315294e-03,3.00000000e-03,5.588341
114,blocks.1.attn.out_proj.weight,7.95383718e-03,3.00000000e-03,5.588341
114,blocks.1.attn.out_proj.bias,9.31232113e-03,3.00000000e-03,5.588341
114,blocks.1.ln2.weight,4.44026704e-04,3.00000000e-03,5.588341
114,blocks.1.ln2.bias,8.82237549e-03,3.00000000e-03,5.588341
114,blocks.1.mlp.0.weight,3.02034392e-03,3.00000000e-03,5.588341
114,blocks.1.mlp.0.bias,3.80399642e-03,3.00000000e-03,5.588341
114,blocks.1.mlp.2.weight,8.41706313e-03,3.00000000e-03,5.588341
114,blocks.1.mlp.2.bias,5.64987039e-03,3.00000000e-03,5.588341
114,ln_f.weight,1.34436705e-03,3.00000000e-03,5.588341
114,ln_f.bias,2.27496546e-02,3.00000000e-03,5.588341
114,lm_head.weight,8.03258667e-03,3.00000000e-03,5.588341
115,token_emb.weight,4.03064014e-04,3.00000000e-03,5.594331
115,pos_emb.weight,4.11331520e-04,3.00000000e-03,5.594331
115,blocks.0.ln1.weight,3.24248875e-04,3.00000000e-03,5.594331
115,blocks.0.ln1.bias,7.38323465e-03,3.00000000e-03,5.594331
115,blocks.0.attn.in_proj_weight,3.66628349e-03,3.00000000e-03,5.594331
115,blocks.0.attn.in_proj_bias,7.30802562e-03,3.00000000e-03,5.594331
115,blocks.0.attn.out_proj.weight,6.00249317e-03,3.00000000e-03,5.594331
115,blocks.0.attn.out_proj.bias,7.12847687e-03,3.00000000e-03,5.594331
115,blocks.0.ln2.weight,3.93442931e-04,3.00000000e-03,5.594331
115,blocks.0.ln2.bias,7.56566188e-03,3.00000000e-03,5.594331
115,blocks.0.mlp.0.weight,4.00968252e-03,3.00000000e-03,5.594331
115,blocks.0.mlp.0.bias,3.77841635e-03,3.00000000e-03,5.594331
115,blocks.0.mlp.2.weight,7.67897841e-03,3.00000000e-03,5.594331
115,blocks.0.mlp.2.bias,5.38845751e-03,3.00000000e-03,5.594331
115,blocks.1.ln1.weight,4.07316666e-04,3.00000000e-03,5.594331
115,blocks.1.ln1.bias,6.81212923e-03,3.00000000e-03,5.594331
115,blocks.1.attn.in_proj_weight,2.87754233e-03,3.00000000e-03,5.594331
115,blocks.1.attn.in_proj_bias,5.86755496e-03,3.00000000e-03,5.594331
115,blocks.1.attn.out_proj.weight,8.05572930e-03,3.00000000e-03,5.594331
115,blocks.1.attn.out_proj.bias,9.25809061e-03,3.00000000e-03,5.594331
115,blocks.1.ln2.weight,4.35399186e-04,3.00000000e-03,5.594331
115,blocks.1.ln2.bias,9.27101650e-03,3.00000000e-03,5.594331
115,blocks.1.mlp.0.weight,3.08528125e-03,3.00000000e-03,5.594331
115,blocks.1.mlp.0.bias,3.91465960e-03,3.00000000e-03,5.594331
115,blocks.1.mlp.2.weight,8.52060306e-03,3.00000000e-03,5.594331
115,blocks.1.mlp.2.bias,5.66747774e-03,3.00000000e-03,5.594331
115,ln_f.weight,1.37570149e-03,3.00000000e-03,5.594331
115,ln_f.bias,2.27255676e-02,3.00000000e-03,5.594331
115,lm_head.weight,8.44953510e-03,3.00000000e-03,5.594331
116,token_emb.weight,4.04796869e-04,3.00000000e-03,5.567088
116,pos_emb.weight,4.11456182e-04,3.00000000e-03,5.567088
116,blocks.0.ln1.weight,2.87120828e-04,3.00000000e-03,5.567088
116,blocks.0.ln1.bias,6.26040552e-03,3.00000000e-03,5.567088
116,blocks.0.attn.in_proj_weight,3.68970765e-03,3.00000000e-03,5.567088
116,blocks.0.attn.in_proj_bias,6.72919220e-03,3.00000000e-03,5.567088
116,blocks.0.attn.out_proj.weight,6.51345008e-03,3.00000000e-03,5.567088
116,blocks.0.attn.out_proj.bias,7.90385933e-03,3.00000000e-03,5.567088
116,blocks.0.ln2.weight,3.92219770e-04,3.00000000e-03,5.567088
116,blocks.0.ln2.bias,8.05549283e-03,3.00000000e-03,5.567088
116,blocks.0.mlp.0.weight,4.14192587e-03,3.00000000e-03,5.567088
116,blocks.0.mlp.0.bias,4.03155435e-03,3.00000000e-03,5.567088
116,blocks.0.mlp.2.weight,8.22002486e-03,3.00000000e-03,5.567088
116,blocks.0.mlp.2.bias,5.86522332e-03,3.00000000e-03,5.567088
116,blocks.1.ln1.weight,4.37436108e-04,3.00000000e-03,5.567088
116,blocks.1.ln1.bias,6.63817588e-03,3.00000000e-03,5.567088
116,blocks.1.attn.in_proj_weight,3.05035518e-03,3.00000000e-03,5.567088
116,blocks.1.attn.in_proj_bias,6.26721971e-03,3.00000000e-03,5.567088
116,blocks.1.attn.out_proj.weight,8.65945359e-03,3.00000000e-03,5.567088
116,blocks.1.attn.out_proj.bias,1.01339514e-02,3.00000000e-03,5.567088
116,blocks.1.ln2.weight,4.20513633e-04,3.00000000e-03,5.567088
116,blocks.1.ln2.bias,8.87262608e-03,3.00000000e-03,5.567088
116,blocks.1.mlp.0.weight,3.36577849e-03,3.00000000e-03,5.567088
116,blocks.1.mlp.0.bias,4.32880716e-03,3.00000000e-03,5.567088
116,blocks.1.mlp.2.weight,9.23992381e-03,3.00000000e-03,5.567088
116,blocks.1.mlp.2.bias,6.24731059e-03,3.00000000e-03,5.567088
116,ln_f.weight,1.38214935e-03,3.00000000e-03,5.567088
116,ln_f.bias,2.24946177e-02,3.00000000e-03,5.567088
116,lm_head.weight,8.53643460e-03,3.00000000e-03,5.567088
117,token_emb.weight,4.07251504e-04,3.00000000e-03,5.574171
117,pos_emb.weight,4.10075178e-04,3.00000000e-03,5.574171
117,blocks.0.ln1.weight,2.91151437e-04,3.00000000e-03,5.574171
117,blocks.0.ln1.bias,4.31531008e-03,3.00000000e-03,5.574171
117,blocks.0.attn.in_proj_weight,3.67704203e-03,3.00000000e-03,5.574171
117,blocks.0.attn.in_proj_bias,5.97355962e-03,3.00000000e-03,5.574171
117,blocks.0.attn.out_proj.weight,6.31493277e-03,3.00000000e-03,5.574171
117,blocks.0.attn.out_proj.bias,7.49461308e-03,3.00000000e-03,5.574171
117,blocks.0.ln2.weight,4.11030250e-04,3.00000000e-03,5.574171
117,blocks.0.ln2.bias,7.64424195e-03,3.00000000e-03,5.574171
117,blocks.0.mlp.0.weight,4.08588424e-03,3.00000000e-03,5.574171
117,blocks.0.mlp.0.bias,3.83033296e-03,3.00000000e-03,5.574171
117,blocks.0.mlp.2.weight,8.08493543e-03,3.00000000e-03,5.574171
117,blocks.0.mlp.2.bias,5.57602077e-03,3.00000000e-03,5.574171
117,blocks.1.ln1.weight,4.17050609e-04,3.00000000e-03,5.574171
117,blocks.1.ln1.bias,7.32391782e-03,3.00000000e-03,5.574171
117,blocks.1.attn.in_proj_weight,3.15978184e-03,3.00000000e-03,5.574171
117,blocks.1.attn.in_proj_bias,6.51467651e-03,3.00000000e-03,5.574171
117,blocks.1.attn.out_proj.weight,8.18443453e-03,3.00000000e-03,5.574171
117,blocks.1.attn.out_proj.bias,9.70189405e-03,3.00000000e-03,5.574171
117,blocks.1.ln2.weight,4.13995721e-04,3.00000000e-03,5.574171
117,blocks.1.ln2.bias,9.53688938e-03,3.00000000e-03,5.574171
117,blocks.1.mlp.0.weight,3.29297177e-03,3.00000000e-03,5.574171
117,blocks.1.mlp.0.bias,4.23121216e-03,3.00000000e-03,5.574171
117,blocks.1.mlp.2.weight,8.84002402e-03,3.00000000e-03,5.574171
117,blocks.1.mlp.2.bias,5.98810333e-03,3.00000000e-03,5.574171
117,ln_f.weight,1.38122414e-03,3.00000000e-03,5.574171
117,ln_f.bias,2.15100882e-02,3.00000000e-03,5.574171
117,lm_head.weight,8.37013449e-03,3.00000000e-03,5.574171
118,token_emb.weight,4.09933377e-04,3.00000000e-03,5.560040
118,pos_emb.weight,4.15323024e-04,3.00000000e-03,5.560040
118,blocks.0.ln1.weight,2.84976734e-04,3.00000000e-03,5.560040
118,blocks.0.ln1.bias,5.18396256e-03,3.00000000e-03,5.560040
118,blocks.0.attn.in_proj_weight,3.69918989e-03,3.00000000e-03,5.560040
118,blocks.0.attn.in_proj_bias,6.21013394e-03,3.00000000e-03,5.560040
118,blocks.0.attn.out_proj.weight,6.32847439e-03,3.00000000e-03,5.560040
118,blocks.0.attn.out_proj.bias,7.46206440e-03,3.00000000e-03,5.560040
118,blocks.0.ln2.weight,3.93358385e-04,3.00000000e-03,5.560040
118,blocks.0.ln2.bias,8.12880791e-03,3.00000000e-03,5.560040
118,blocks.0.mlp.0.weight,4.07639840e-03,3.00000000e-03,5.560040
118,blocks.0.mlp.0.bias,3.82142390e-03,3.00000000e-03,5.560040
118,blocks.0.mlp.2.weight,8.05406621e-03,3.00000000e-03,5.560040
118,blocks.0.mlp.2.bias,5.57145413e-03,3.00000000e-03,5.560040
118,blocks.1.ln1.weight,4.31382197e-04,3.00000000e-03,5.560040
118,blocks.1.ln1.bias,7.20958670e-03,3.00000000e-03,5.560040
118,blocks.1.attn.in_proj_weight,3.05359427e-03,3.00000000e-03,5.560040
118,blocks.1.attn.in_proj_bias,6.29029935e-03,3.00000000e-03,5.560040
118,blocks.1.attn.out_proj.weight,7.98099409e-03,3.00000000e-03,5.560040
118,blocks.1.attn.out_proj.bias,9.59704504e-03,3.00000000e-03,5.560040
118,blocks.1.ln2.weight,3.94790128e-04,3.00000000e-03,5.560040
118,blocks.1.ln2.bias,9.99872301e-03,3.00000000e-03,5.560040
118,blocks.1.mlp.0.weight,3.22174630e-03,3.00000000e-03,5.560040
118,blocks.1.mlp.0.bias,4.15936933e-03,3.00000000e-03,5.560040
118,blocks.1.mlp.2.weight,8.68001714e-03,3.00000000e-03,5.560040
118,blocks.1.mlp.2.bias,5.96774311e-03,3.00000000e-03,5.560040
118,ln_f.weight,1.35221752e-03,3.00000000e-03,5.560040
118,ln_f.bias,2.05541621e-02,3.00000000e-03,5.560040
118,lm_head.weight,8.32683736e-03,3.00000000e-03,5.560040
119,token_emb.weight,4.12360108e-04,3.00000000e-03,5.575413
119,pos_emb.weight,4.18729624e-04,3.00000000e-03,5.575413
119,blocks.0.ln1.weight,2.87277362e-04,3.00000000e-03,5.575413
119,blocks.0.ln1.bias,5.19808361e-03,3.00000000e-03,5.575413
119,blocks.0.attn.in_proj_weight,3.68312791e-03,3.00000000e-03,5.575413
119,blocks.0.attn.in_proj_bias,5.92817858e-03,3.00000000e-03,5.575413
119,blocks.0.attn.out_proj.weight,6.20391245e-03,3.00000000e-03,5.575413
119,blocks.0.attn.out_proj.bias,7.06136820e-03,3.00000000e-03,5.575413
119,blocks.0.ln2.weight,4.21120758e-04,3.00000000e-03,5.575413
119,blocks.0.ln2.bias,7.53924696e-03,3.00000000e-03,5.575413
119,blocks.0.mlp.0.weight,4.01085461e-03,3.00000000e-03,5.575413
119,blocks.0.mlp.0.bias,3.63592146e-03,3.00000000e-03,5.575413
119,blocks.0.mlp.2.weight,8.07745930e-03,3.00000000e-03,5.575413
119,blocks.0.mlp.2.bias,5.43059324e-03,3.00000000e-03,5.575413
119,blocks.1.ln1.weight,4.61740587e-04,3.00000000e-03,5.575413
119,blocks.1.ln1.bias,8.32410560e-03,3.00000000e-03,5.575413
119,blocks.1.attn.in_proj_weight,3.30245996e-03,3.00000000e-03,5.575413
119,blocks.1.attn.in_proj_bias,6.99667436e-03,3.00000000e-03,5.575413
119,blocks.1.attn.out_proj.weight,7.95438635e-03,3.00000000e-03,5.575413
119,blocks.1.attn.out_proj.bias,9.48305752e-03,3.00000000e-03,5.575413
119,blocks.1.ln2.weight,3.96011795e-04,3.00000000e-03,5.575413
119,blocks.1.ln2.bias,9.40561378e-03,3.00000000e-03,5.575413
119,blocks.1.mlp.0.weight,3.10138610e-03,3.00000000e-03,5.575413
119,blocks.1.mlp.0.bias,4.01487560e-03,3.00000000e-03,5.575413
119,blocks.1.mlp.2.weight,8.71144930e-03,3.00000000e-03,5.575413
119,blocks.1.mlp.2.bias,5.95894347e-03,3.00000000e-03,5.575413
119,ln_f.weight,1.34955211e-03,3.00000000e-03,5.575413
119,ln_f.bias,2.01503488e-02,3.00000000e-03,5.575413
119,lm_head.weight,8.43628788e-03,3.00000000e-03,5.575413
120,token_emb.weight,4.13030286e-04,3.00000000e-03,5.552787
120,pos_emb.weight,4.17780759e-04,3.00000000e-03,5.552787
120,blocks.0.ln1.weight,3.26870769e-04,3.00000000e-03,5.552787
120,blocks.0.ln1.bias,3.25482885e-03,3.00000000e-03,5.552787
120,blocks.0.attn.in_proj_weight,3.60396137e-03,3.00000000e-03,5.552787
120,blocks.0.attn.in_proj_bias,4.94773781e-03,3.00000000e-03,5.552787
120,blocks.0.attn.out_proj.weight,6.28591781e-03,3.00000000e-03,5.552787
120,blocks.0.attn.out_proj.bias,7.17485663e-03,3.00000000e-03,5.552787
120,blocks.0.ln2.weight,4.19091907e-04,3.00000000e-03,5.552787
120,blocks.0.ln2.bias,6.38801638e-03,3.00000000e-03,5.552787
120,blocks.0.mlp.0.weight,4.00046832e-03,3.00000000e-03,5.552787
120,blocks.0.mlp.0.bias,3.51724920e-03,3.00000000e-03,5.552787
120,blocks.0.mlp.2.weight,8.16075988e-03,3.00000000e-03,5.552787
120,blocks.0.mlp.2.bias,5.48527166e-03,3.00000000e-03,5.552787
120,blocks.1.ln1.weight,4.32042017e-04,3.00000000e-03,5.552787
120,blocks.1.ln1.bias,7.75010880e-03,3.00000000e-03,5.552787
120,blocks.1.attn.in_proj_weight,3.13297640e-03,3.00000000e-03,5.552787
120,blocks.1.attn.in_proj_bias,6.64051162e-03,3.00000000e-03,5.552787
120,blocks.1.attn.out_proj.weight,7.93953655e-03,3.00000000e-03,5.552787
120,blocks.1.attn.out_proj.bias,9.58504019e-03,3.00000000e-03,5.552787
120,blocks.1.ln2.weight,4.12734361e-04,3.00000000e-03,5.552787
120,blocks.1.ln2.bias,9.22640737e-03,3.00000000e-03,5.552787
120,blocks.1.mlp.0.weight,3.15343809e-03,3.00000000e-03,5.552787
120,blocks.1.mlp.0.bias,4.10037189e-03,3.00000000e-03,5.552787
120,blocks.1.mlp.2.weight,8.72967519e-03,3.00000000e-03,5.552787
120,blocks.1.mlp.2.bias,5.98147801e-03,3.00000000e-03,5.552787
120,ln_f.weight,1.31445465e-03,3.00000000e-03,5.552787
120,ln_f.bias,1.95181191e-02,3.00000000e-03,5.552787
120,lm_head.weight,8.41745343e-03,3.00000000e-03,5.552787
121,token_emb.weight,4.15206458e-04,3.00000000e-03,5.561101
121,pos_emb.weight,4.22118115e-04,3.00000000e-03,5.561101
121,blocks.0.ln1.weight,2.98179541e-04,3.00000000e-03,5.561101
121,blocks.0.ln1.bias,4.85887339e-03,3.00000000e-03,5.561101
121,blocks.0.attn.in_proj_weight,3.75257670e-03,3.00000000e-03,5.561101
121,blocks.0.attn.in_proj_bias,5.90175767e-03,3.00000000e-03,5.561101
121,blocks.0.attn.out_proj.weight,6.32836188e-03,3.00000000e-03,5.561101
121,blocks.0.attn.out_proj.bias,7.26650903e-03,3.00000000e-03,5.561101
121,blocks.0.ln2.weight,4.39751865e-04,3.00000000e-03,5.561101
121,blocks.0.ln2.bias,6.95423359e-03,3.00000000e-03,5.561101
121,blocks.0.mlp.0.weight,4.12713203e-03,3.00000000e-03,5.561101
121,blocks.0.mlp.0.bias,3.71076538e-03,3.00000000e-03,5.561101
121,blocks.0.mlp.2.weight,8.34640523e-03,3.00000000e-03,5.561101
121,blocks.0.mlp.2.bias,5.68872744e-03,3.00000000e-03,5.561101
121,blocks.1.ln1.weight,4.62094684e-04,3.00000000e-03,5.561101
121,blocks.1.ln1.bias,7.09692469e-03,3.00000000e-03,5.561101
121,blocks.1.attn.in_proj_weight,2.95265489e-03,3.00000000e-03,5.561101
121,blocks.1.attn.in_proj_bias,6.23595250e-03,3.00000000e-03,5.561101
121,blocks.1.attn.out_proj.weight,8.02263502e-03,3.00000000e-03,5.561101
121,blocks.1.attn.out_proj.bias,9.83307715e-03,3.00000000e-03,5.561101
121,blocks.1.ln2.weight,4.27135817e-04,3.00000000e-03,5.561101
121,blocks.1.ln2.bias,1.02748818e-02,3.00000000e-03,5.561101
121,blocks.1.mlp.0.weight,3.22643663e-03,3.00000000e-03,5.561101
121,blocks.1.mlp.0.bias,4.23828652e-03,3.00000000e-03,5.561101
121,blocks.1.mlp.2.weight,8.90341867e-03,3.00000000e-03,5.561101
121,blocks.1.mlp.2.bias,6.17385970e-03,3.00000000e-03,5.561101
121,ln_f.weight,1.29198748e-03,3.00000000e-03,5.561101
121,ln_f.bias,1.93483487e-02,3.00000000e-03,5.561101
121,lm_head.weight,8.84967154e-03,3.00000000e-03,5.561101
122,token_emb.weight,4.18575884e-04,3.00000000e-03,5.572439
122,pos_emb.weight,4.27416316e-04,3.00000000e-03,5.572439
122,blocks.0.ln1.weight,2.91544317e-04,3.00000000e-03,5.572439
122,blocks.0.ln1.bias,5.46335477e-03,3.00000000e-03,5.572439
122,blocks.0.attn.in_proj_weight,3.83543097e-03,3.00000000e-03,5.572439
122,blocks.0.attn.in_proj_bias,6.47124293e-03,3.00000000e-03,5.572439
122,blocks.0.attn.out_proj.weight,6.78406712e-03,3.00000000e-03,5.572439
122,blocks.0.attn.out_proj.bias,7.94376085e-03,3.00000000e-03,5.572439
122,blocks.0.ln2.weight,4.34802226e-04,3.00000000e-03,5.572439
122,blocks.0.ln2.bias,6.91246826e-03,3.00000000e-03,5.572439
122,blocks.0.mlp.0.weight,4.21864518e-03,3.00000000e-03,5.572439
122,blocks.0.mlp.0.bias,3.86206124e-03,3.00000000e-03,5.572439
122,blocks.0.mlp.2.weight,8.82626423e-03,3.00000000e-03,5.572439
122,blocks.0.mlp.2.bias,6.23638338e-03,3.00000000e-03,5.572439
122,blocks.1.ln1.weight,4.95221568e-04,3.00000000e-03,5.572439
122,blocks.1.ln1.bias,8.21680680e-03,3.00000000e-03,5.572439
122,blocks.1.attn.in_proj_weight,3.29135583e-03,3.00000000e-03,5.572439
122,blocks.1.attn.in_proj_bias,7.01509986e-03,3.00000000e-03,5.572439
122,blocks.1.attn.out_proj.weight,8.62199356e-03,3.00000000e-03,5.572439
122,blocks.1.attn.out_proj.bias,1.08205076e-02,3.00000000e-03,5.572439
122,blocks.1.ln2.weight,4.49245936e-04,3.00000000e-03,5.572439
122,blocks.1.ln2.bias,1.06125547e-02,3.00000000e-03,5.572439
122,blocks.1.mlp.0.weight,3.45200128e-03,3.00000000e-03,5.572439
122,blocks.1.mlp.0.bias,4.57592620e-03,3.00000000e-03,5.572439
122,blocks.1.mlp.2.weight,9.68062245e-03,3.00000000e-03,5.572439
122,blocks.1.mlp.2.bias,6.78327302e-03,3.00000000e-03,5.572439
122,ln_f.weight,1.29820635e-03,3.00000000e-03,5.572439
122,ln_f.bias,1.94437550e-02,3.00000000e-03,5.572439
122,lm_head.weight,9.09850669e-03,3.00000000e-03,5.572439
123,token_emb.weight,4.22287266e-04,3.00000000e-03,5.566852
123,pos_emb.weight,4.33789389e-04,3.00000000e-03,5.566852
123,blocks.0.ln1.weight,2.94995048e-04,3.00000000e-03,5.566852
123,blocks.0.ln1.bias,7.11781364e-03,3.00000000e-03,5.566852
123,blocks.0.attn.in_proj_weight,3.90209674e-03,3.00000000e-03,5.566852
123,blocks.0.attn.in_proj_bias,7.02499465e-03,3.00000000e-03,5.566852
123,blocks.0.attn.out_proj.weight,6.73843915e-03,3.00000000e-03,5.566852
123,blocks.0.attn.out_proj.bias,8.04220056e-03,3.00000000e-03,5.566852
123,blocks.0.ln2.weight,4.54702295e-04,3.00000000e-03,5.566852
123,blocks.0.ln2.bias,7.80939185e-03,3.00000000e-03,5.566852
123,blocks.0.mlp.0.weight,4.31341295e-03,3.00000000e-03,5.566852
123,blocks.0.mlp.0.bias,3.98665417e-03,3.00000000e-03,5.566852
123,blocks.0.mlp.2.weight,8.72012016e-03,3.00000000e-03,5.566852
123,blocks.0.mlp.2.bias,6.27419024e-03,3.00000000e-03,5.566852
123,blocks.1.ln1.weight,4.72031834e-04,3.00000000e-03,5.566852
123,blocks.1.ln1.bias,8.66598230e-03,3.00000000e-03,5.566852
123,blocks.1.attn.in_proj_weight,3.16538825e-03,3.00000000e-03,5.566852
123,blocks.1.attn.in_proj_bias,6.82683359e-03,3.00000000e-03,5.566852
123,blocks.1.attn.out_proj.weight,8.43723615e-03,3.00000000e-03,5.566852
123,blocks.1.attn.out_proj.bias,1.08737230e-02,3.00000000e-03,5.566852
123,blocks.1.ln2.weight,4.64423769e-04,3.00000000e-03,5.566852
123,blocks.1.ln2.bias,1.11883273e-02,3.00000000e-03,5.566852
123,blocks.1.mlp.0.weight,3.52977383e-03,3.00000000e-03,5.566852
123,blocks.1.mlp.0.bias,4.69662250e-03,3.00000000e-03,5.566852
123,blocks.1.mlp.2.weight,9.60453431e-03,3.00000000e-03,5.566852
123,blocks.1.mlp.2.bias,6.85860715e-03,3.00000000e-03,5.566852
123,ln_f.weight,1.30325524e-03,3.00000000e-03,5.566852
123,ln_f.bias,1.90539068e-02,3.00000000e-03,5.566852
123,lm_head.weight,9.07668133e-03,3.00000000e-03,5.566852
124,token_emb.weight,4.23655199e-04,3.00000000e-03,5.583770
124,pos_emb.weight,4.34052094e-04,3.00000000e-03,5.583770
124,blocks.0.ln1.weight,2.97089043e-04,3.00000000e-03,5.583770
124,blocks.0.ln1.bias,6.58166276e-03,3.00000000e-03,5.583770
124,blocks.0.attn.in_proj_weight,3.98411851e-03,3.00000000e-03,5.583770
124,blocks.0.attn.in_proj_bias,7.10451622e-03,3.00000000e-03,5.583770
124,blocks.0.attn.out_proj.weight,6.80238762e-03,3.00000000e-03,5.583770
124,blocks.0.attn.out_proj.bias,8.07606029e-03,3.00000000e-03,5.583770
124,blocks.0.ln2.weight,4.74311914e-04,3.00000000e-03,5.583770
124,blocks.0.ln2.bias,7.11648850e-03,3.00000000e-03,5.583770
124,blocks.0.mlp.0.weight,4.22302909e-03,3.00000000e-03,5.583770
124,blocks.0.mlp.0.bias,3.70841431e-03,3.00000000e-03,5.583770
124,blocks.0.mlp.2.weight,8.71556839e-03,3.00000000e-03,5.583770
124,blocks.0.mlp.2.bias,6.23539030e-03,3.00000000e-03,5.583770
124,blocks.1.ln1.weight,4.81235607e-04,3.00000000e-03,5.583770
124,blocks.1.ln1.bias,9.15187640e-03,3.00000000e-03,5.583770
124,blocks.1.attn.in_proj_weight,3.23204337e-03,3.00000000e-03,5.583770
124,blocks.1.attn.in_proj_bias,6.97675719e-03,3.00000000e-03,5.583770
124,blocks.1.attn.out_proj.weight,8.38346899e-03,3.00000000e-03,5.583770
124,blocks.1.attn.out_proj.bias,1.08469089e-02,3.00000000e-03,5.583770
124,blocks.1.ln2.weight,4.44805934e-04,3.00000000e-03,5.583770
124,blocks.1.ln2.bias,1.00356518e-02,3.00000000e-03,5.583770
124,blocks.1.mlp.0.weight,3.50001662e-03,3.00000000e-03,5.583770
124,blocks.1.mlp.0.bias,4.65954925e-03,3.00000000e-03,5.583770
124,blocks.1.mlp.2.weight,9.52766652e-03,3.00000000e-03,5.583770
124,blocks.1.mlp.2.bias,6.79734071e-03,3.00000000e-03,5.583770
124,ln_f.weight,1.33547378e-03,3.00000000e-03,5.583770
124,ln_f.bias,1.88689874e-02,3.00000000e-03,5.583770
124,lm_head.weight,9.04628521e-03,3.00000000e-03,5.583770
125,token_emb.weight,4.27907444e-04,3.00000000e-03,5.554317
125,pos_emb.weight,4.36887158e-04,3.00000000e-03,5.554317
125,blocks.0.ln1.weight,3.16673168e-04,3.00000000e-03,5.554317
125,blocks.0.ln1.bias,6.14186560e-03,3.00000000e-03,5.554317
125,blocks.0.attn.in_proj_weight,4.05819639e-03,3.00000000e-03,5.554317
125,blocks.0.attn.in_proj_bias,6.82406088e-03,3.00000000e-03,5.554317
125,blocks.0.attn.out_proj.weight,6.68962303e-03,3.00000000e-03,5.554317
125,blocks.0.attn.out_proj.bias,7.86109451e-03,3.00000000e-03,5.554317
125,blocks.0.ln2.weight,4.49427025e-04,3.00000000e-03,5.554317
125,blocks.0.ln2.bias,6.96787343e-03,3.00000000e-03,5.554317
125,blocks.0.mlp.0.weight,4.28410986e-03,3.00000000e-03,5.554317
125,blocks.0.mlp.0.bias,3.70378138e-03,3.00000000e-03,5.554317
125,blocks.0.mlp.2.weight,8.56737461e-03,3.00000000e-03,5.554317
125,blocks.0.mlp.2.bias,5.96747489e-03,3.00000000e-03,5.554317
125,blocks.1.ln1.weight,5.07857334e-04,3.00000000e-03,5.554317
125,blocks.1.ln1.bias,9.84151649e-03,3.00000000e-03,5.554317
125,blocks.1.attn.in_proj_weight,3.07735256e-03,3.00000000e-03,5.554317
125,blocks.1.attn.in_proj_bias,6.58790285e-03,3.00000000e-03,5.554317
125,blocks.1.attn.out_proj.weight,7.95149858e-03,3.00000000e-03,5.554317
125,blocks.1.attn.out_proj.bias,1.03226813e-02,3.00000000e-03,5.554317
125,blocks.1.ln2.weight,4.14719923e-04,3.00000000e-03,5.554317
125,blocks.1.ln2.bias,9.52348947e-03,3.00000000e-03,5.554317
125,blocks.1.mlp.0.weight,3.24935678e-03,3.00000000e-03,5.554317
125,blocks.1.mlp.0.bias,4.27706207e-03,3.00000000e-03,5.554317
125,blocks.1.mlp.2.weight,9.09550155e-03,3.00000000e-03,5.554317
125,blocks.1.mlp.2.bias,6.49100761e-03,3.00000000e-03,5.554317
125,ln_f.weight,1.30534099e-03,3.00000000e-03,5.554317
125,ln_f.bias,1.76117820e-02,3.00000000e-03,5.554317
125,lm_head.weight,8.87836755e-03,3.00000000e-03,5.554317
126,token_emb.weight,4.28534388e-04,3.00000000e-03,5.563245
126,pos_emb.weight,4.36736858e-04,3.00000000e-03,5.563245
126,blocks.0.ln1.weight,2.89059853e-04,3.00000000e-03,5.563245
126,blocks.0.ln1.bias,5.11601853e-03,3.00000000e-03,5.563245
126,blocks.0.attn.in_proj_weight,4.02636804e-03,3.00000000e-03,5.563245
126,blocks.0.attn.in_proj_bias,6.40322455e-03,3.00000000e-03,5.563245
126,blocks.0.attn.out_proj.weight,6.82218400e-03,3.00000000e-03,5.563245
126,blocks.0.attn.out_proj.bias,7.98749975e-03,3.00000000e-03,5.563245
126,blocks.0.ln2.weight,4.74807447e-04,3.00000000e-03,5.563245
126,blocks.0.ln2.bias,6.32498474e-03,3.00000000e-03,5.563245
126,blocks.0.mlp.0.weight,4.24388480e-03,3.00000000e-03,5.563245
126,blocks.0.mlp.0.bias,3.57563470e-03,3.00000000e-03,5.563245
126,blocks.0.mlp.2.weight,8.59152221e-03,3.00000000e-03,5.563245
126,blocks.0.mlp.2.bias,5.99631876e-03,3.00000000e-03,5.563245
126,blocks.1.ln1.weight,4.82228921e-04,3.00000000e-03,5.563245
126,blocks.1.ln1.bias,9.27422383e-03,3.00000000e-03,5.563245
126,blocks.1.attn.in_proj_weight,3.04085408e-03,3.00000000e-03,5.563245
126,blocks.1.attn.in_proj_bias,6.60390341e-03,3.00000000e-03,5.563245
126,blocks.1.attn.out_proj.weight,8.01424787e-03,3.00000000e-03,5.563245
126,blocks.1.attn.out_proj.bias,1.04209764e-02,3.00000000e-03,5.563245
126,blocks.1.ln2.weight,3.99036919e-04,3.00000000e-03,5.563245
126,blocks.1.ln2.bias,9.56513057e-03,3.00000000e-03,5.563245
126,blocks.1.mlp.0.weight,3.24601712e-03,3.00000000e-03,5.563245
126,blocks.1.mlp.0.bias,4.29406108e-03,3.00000000e-03,5.563245
126,blocks.1.mlp.2.weight,9.16351530e-03,3.00000000e-03,5.563245
126,blocks.1.mlp.2.bias,6.55276183e-03,3.00000000e-03,5.563245
126,ln_f.weight,1.32258823e-03,3.00000000e-03,5.563245
126,ln_f.bias,1.78144954e-02,3.00000000e-03,5.563245
126,lm_head.weight,8.78301451e-03,3.00000000e-03,5.563245
127,token_emb.weight,4.32172844e-04,3.00000000e-03,5.555881
127,pos_emb.weight,4.37797526e-04,3.00000000e-03,5.555881
127,blocks.0.ln1.weight,2.73178651e-04,3.00000000e-03,5.555881
127,blocks.0.ln1.bias,5.05568462e-03,3.00000000e-03,5.555881
127,blocks.0.attn.in_proj_weight,4.06189813e-03,3.00000000e-03,5.555881
127,blocks.0.attn.in_proj_bias,6.28871728e-03,3.00000000e-03,5.555881
127,blocks.0.attn.out_proj.weight,6.38421771e-03,3.00000000e-03,5.555881
127,blocks.0.attn.out_proj.bias,7.31480631e-03,3.00000000e-03,5.555881
127,blocks.0.ln2.weight,5.08502898e-04,3.00000000e-03,5.555881
127,blocks.0.ln2.bias,6.60767909e-03,3.00000000e-03,5.555881
127,blocks.0.mlp.0.weight,4.29188499e-03,3.00000000e-03,5.555881
127,blocks.0.mlp.0.bias,3.69358985e-03,3.00000000e-03,5.555881
127,blocks.0.mlp.2.weight,8.15284455e-03,3.00000000e-03,5.555881
127,blocks.0.mlp.2.bias,5.51117525e-03,3.00000000e-03,5.555881
127,blocks.1.ln1.weight,4.64470163e-04,3.00000000e-03,5.555881
127,blocks.1.ln1.bias,9.22093374e-03,3.00000000e-03,5.555881
127,blocks.1.attn.in_proj_weight,2.96966079e-03,3.00000000e-03,5.555881
127,blocks.1.attn.in_proj_bias,6.46223071e-03,3.00000000e-03,5.555881
127,blocks.1.attn.out_proj.weight,7.20922041e-03,3.00000000e-03,5.555881
127,blocks.1.attn.out_proj.bias,9.45524793e-03,3.00000000e-03,5.555881
127,blocks.1.ln2.weight,3.89141349e-04,3.00000000e-03,5.555881
127,blocks.1.ln2.bias,8.94389632e-03,3.00000000e-03,5.555881
127,blocks.1.mlp.0.weight,3.02293568e-03,3.00000000e-03,5.555881
127,blocks.1.mlp.0.bias,3.98937336e-03,3.00000000e-03,5.555881
127,blocks.1.mlp.2.weight,8.27992951e-03,3.00000000e-03,5.555881
127,blocks.1.mlp.2.bias,5.97257820e-03,3.00000000e-03,5.555881
127,ln_f.weight,1.27474053e-03,3.00000000e-03,5.555881
127,ln_f.bias,1.61137969e-02,3.00000000e-03,5.555881
127,lm_head.weight,8.42312751e-03,3.00000000e-03,5.555881
128,token_emb.weight,4.34793391e-04,3.00000000e-03,5.584042
128,pos_emb.weight,4.40991446e-04,3.00000000e-03,5.584042
128,blocks.0.ln1.weight,2.97726867e-04,3.00000000e-03,5.584042
128,blocks.0.ln1.bias,5.41298575e-03,3.00000000e-03,5.584042
128,blocks.0.attn.in_proj_weight,4.11604605e-03,3.00000000e-03,5.584042
128,blocks.0.attn.in_proj_bias,6.41012514e-03,3.00000000e-03,5.584042
128,blocks.0.attn.out_proj.weight,6.24688537e-03,3.00000000e-03,5.584042
128,blocks.0.attn.out_proj.bias,7.12077651e-03,3.00000000e-03,5.584042
128,blocks.0.ln2.weight,5.05346535e-04,3.00000000e-03,5.584042
128,blocks.0.ln2.bias,5.74990398e-03,3.00000000e-03,5.584042
128,blocks.0.mlp.0.weight,4.23557239e-03,3.00000000e-03,5.584042
128,blocks.0.mlp.0.bias,3.53337287e-03,3.00000000e-03,5.584042
128,blocks.0.mlp.2.weight,7.89370873e-03,3.00000000e-03,5.584042
128,blocks.0.mlp.2.bias,5.26444503e-03,3.00000000e-03,5.584042
128,blocks.1.ln1.weight,3.79102982e-04,3.00000000e-03,5.584042
128,blocks.1.ln1.bias,7.27443048e-03,3.00000000e-03,5.584042
128,blocks.1.attn.in_proj_weight,2.65310006e-03,3.00000000e-03,5.584042
128,blocks.1.attn.in_proj_bias,5.77267000e-03,3.00000000e-03,5.584042
128,blocks.1.attn.out_proj.weight,6.71952883e-03,3.00000000e-03,5.584042
128,blocks.1.attn.out_proj.bias,8.82525305e-03,3.00000000e-03,5.584042
128,blocks.1.ln2.weight,3.68308869e-04,3.00000000e-03,5.584042
128,blocks.1.ln2.bias,7.53130716e-03,3.00000000e-03,5.584042
128,blocks.1.mlp.0.weight,2.72606536e-03,3.00000000e-03,5.584042
128,blocks.1.mlp.0.bias,3.55606794e-03,3.00000000e-03,5.584042
128,blocks.1.mlp.2.weight,7.69174075e-03,3.00000000e-03,5.584042
128,blocks.1.mlp.2.bias,5.55046285e-03,3.00000000e-03,5.584042
128,ln_f.weight,1.25074109e-03,3.00000000e-03,5.584042
128,ln_f.bias,1.58558523e-02,3.00000000e-03,5.584042
128,lm_head.weight,8.41928926e-03,3.00000000e-03,5.584042
129,token_emb.weight,4.39026494e-04,3.00000000e-03,5.576416
129,pos_emb.weight,4.47532707e-04,3.00000000e-03,5.576416
129,blocks.0.ln1.weight,3.16478515e-04,3.00000000e-03,5.576416
129,blocks.0.ln1.bias,5.55814341e-03,3.00000000e-03,5.576416
129,blocks.0.attn.in_proj_weight,4.19813613e-03,3.00000000e-03,5.576416
129,blocks.0.attn.in_proj_bias,6.93109092e-03,3.00000000e-03,5.576416
129,blocks.0.attn.out_proj.weight,6.59803003e-03,3.00000000e-03,5.576416
129,blocks.0.attn.out_proj.bias,7.67345871e-03,3.00000000e-03,5.576416
129,blocks.0.ln2.weight,5.04241855e-04,3.00000000e-03,5.576416
129,blocks.0.ln2.bias,6.56549014e-03,3.00000000e-03,5.576416
129,blocks.0.mlp.0.weight,4.40481090e-03,3.00000000e-03,5.576416
129,blocks.0.mlp.0.bias,3.83006035e-03,3.00000000e-03,5.576416
129,blocks.0.mlp.2.weight,8.28819959e-03,3.00000000e-03,5.576416
129,blocks.0.mlp.2.bias,5.63135364e-03,3.00000000e-03,5.576416
129,blocks.1.ln1.weight,3.78717226e-04,3.00000000e-03,5.576416
129,blocks.1.ln1.bias,7.35770828e-03,3.00000000e-03,5.576416
129,blocks.1.attn.in_proj_weight,2.70818565e-03,3.00000000e-03,5.576416
129,blocks.1.attn.in_proj_bias,5.95082979e-03,3.00000000e-03,5.576416
129,blocks.1.attn.out_proj.weight,7.09493084e-03,3.00000000e-03,5.576416
129,blocks.1.attn.out_proj.bias,9.37066783e-03,3.00000000e-03,5.576416
129,blocks.1.ln2.weight,3.37477234e-04,3.00000000e-03,5.576416
129,blocks.1.ln2.bias,9.35243002e-03,3.00000000e-03,5.576416
129,blocks.1.mlp.0.weight,3.07781668e-03,3.00000000e-03,5.576416
129,blocks.1.mlp.0.bias,4.10961884e-03,3.00000000e-03,5.576416
129,blocks.1.mlp.2.weight,8.15992836e-03,3.00000000e-03,5.576416
129,blocks.1.mlp.2.bias,5.93768286e-03,3.00000000e-03,5.576416
129,ln_f.weight,1.27589926e-03,3.00000000e-03,5.576416
129,ln_f.bias,1.64207167e-02,3.00000000e-03,5.576416
129,lm_head.weight,8.56328521e-03,3.00000000e-03,5.576416
130,token_emb.weight,4.42686755e-04,3.00000000e-03,5.590180
130,pos_emb.weight,4.52532568e-04,3.00000000e-03,5.590180
130,blocks.0.ln1.weight,3.40365808e-04,3.00000000e-03,5.590180
130,blocks.0.ln1.bias,6.25943925e-03,3.00000000e-03,5.590180
130,blocks.0.attn.in_proj_weight,4.22489353e-03,3.00000000e-03,5.590180
130,blocks.0.attn.in_proj_bias,7.15289792e-03,3.00000000e-03,5.590180
130,blocks.0.attn.out_proj.weight,6.49959051e-03,3.00000000e-03,5.590180
130,blocks.0.attn.out_proj.bias,7.74146003e-03,3.00000000e-03,5.590180
130,blocks.0.ln2.weight,4.69376799e-04,3.00000000e-03,5.590180
130,blocks.0.ln2.bias,6.21357212e-03,3.00000000e-03,5.590180
130,blocks.0.mlp.0.weight,4.46230316e-03,3.00000000e-03,5.590180
130,blocks.0.mlp.0.bias,3.91770294e-03,3.00000000e-03,5.590180
130,blocks.0.mlp.2.weight,8.32749552e-03,3.00000000e-03,5.590180
130,blocks.0.mlp.2.bias,5.67038236e-03,3.00000000e-03,5.590180
130,blocks.1.ln1.weight,3.91185503e-04,3.00000000e-03,5.590180
130,blocks.1.ln1.bias,7.40993326e-03,3.00000000e-03,5.590180
130,blocks.1.attn.in_proj_weight,2.80188982e-03,3.00000000e-03,5.590180
130,blocks.1.attn.in_proj_bias,6.24087951e-03,3.00000000e-03,5.590180
130,blocks.1.attn.out_proj.weight,7.02394878e-03,3.00000000e-03,5.590180
130,blocks.1.attn.out_proj.bias,9.39301032e-03,3.00000000e-03,5.590180
130,blocks.1.ln2.weight,3.24200495e-04,3.00000000e-03,5.590180
130,blocks.1.ln2.bias,9.17696837e-03,3.00000000e-03,5.590180
130,blocks.1.mlp.0.weight,3.05728484e-03,3.00000000e-03,5.590180
130,blocks.1.mlp.0.bias,4.05539822e-03,3.00000000e-03,5.590180
130,blocks.1.mlp.2.weight,8.10017790e-03,3.00000000e-03,5.590180
130,blocks.1.mlp.2.bias,5.93696677e-03,3.00000000e-03,5.590180
130,ln_f.weight,1.30940320e-03,3.00000000e-03,5.590180
130,ln_f.bias,1.64855234e-02,3.00000000e-03,5.590180
130,lm_head.weight,8.70344673e-03,3.00000000e-03,5.590180
131,token_emb.weight,4.43863286e-04,3.00000000e-03,5.564891
131,pos_emb.weight,4.53013341e-04,3.00000000e-03,5.564891
131,blocks.0.ln1.weight,3.53230517e-04,3.00000000e-03,5.564891
131,blocks.0.ln1.bias,5.87531092e-03,3.00000000e-03,5.564891
131,blocks.0.attn.in_proj_weight,4.22320193e-03,3.00000000e-03,5.564891
131,blocks.0.attn.in_proj_bias,6.57275019e-03,3.00000000e-03,5.564891
131,blocks.0.attn.out_proj.weight,6.09020780e-03,3.00000000e-03,5.564891
131,blocks.0.attn.out_proj.bias,7.21864502e-03,3.00000000e-03,5.564891
131,blocks.0.ln2.weight,4.70266965e-04,3.00000000e-03,5.564891
131,blocks.0.ln2.bias,6.28942413e-03,3.00000000e-03,5.564891
131,blocks.0.mlp.0.weight,4.38093425e-03,3.00000000e-03,5.564891
131,blocks.0.mlp.0.bias,3.76184796e-03,3.00000000e-03,5.564891
131,blocks.0.mlp.2.weight,8.01361309e-03,3.00000000e-03,5.564891
131,blocks.0.mlp.2.bias,5.38566222e-03,3.00000000e-03,5.564891
131,blocks.1.ln1.weight,3.41186084e-04,3.00000000e-03,5.564891
131,blocks.1.ln1.bias,6.61253914e-03,3.00000000e-03,5.564891
131,blocks.1.attn.in_proj_weight,2.65861820e-03,3.00000000e-03,5.564891
131,blocks.1.attn.in_proj_bias,5.90237678e-03,3.00000000e-03,5.564891
131,blocks.1.attn.out_proj.weight,6.60394127e-03,3.00000000e-03,5.564891
131,blocks.1.attn.out_proj.bias,8.99252863e-03,3.00000000e-03,5.564891
131,blocks.1.ln2.weight,3.20479403e-04,3.00000000e-03,5.564891
131,blocks.1.ln2.bias,8.51110616e-03,3.00000000e-03,5.564891
131,blocks.1.mlp.0.weight,2.95425460e-03,3.00000000e-03,5.564891
131,blocks.1.mlp.0.bias,3.90105007e-03,3.00000000e-03,5.564891
131,blocks.1.mlp.2.weight,7.69564036e-03,3.00000000e-03,5.564891
131,blocks.1.mlp.2.bias,5.68670343e-03,3.00000000e-03,5.564891
131,ln_f.weight,1.29437575e-03,3.00000000e-03,5.564891
131,ln_f.bias,1.57748269e-02,3.00000000e-03,5.564891
131,lm_head.weight,8.51667495e-03,3.00000000e-03,5.564891
132,token_emb.weight,4.45036667e-04,3.00000000e-03,5.582539
132,pos_emb.weight,4.55418365e-04,3.00000000e-03,5.582539
132,blocks.0.ln1.weight,3.57941865e-04,3.00000000e-03,5.582539
132,blocks.0.ln1.bias,5.30778126e-03,3.00000000e-03,5.582539
132,blocks.0.attn.in_proj_weight,4.24715694e-03,3.00000000e-03,5.582539
132,blocks.0.attn.in_proj_bias,6.70560201e-03,3.00000000e-03,5.582539
132,blocks.0.attn.out_proj.weight,6.24046127e-03,3.00000000e-03,5.582539
132,blocks.0.attn.out_proj.bias,7.65866408e-03,3.00000000e-03,5.582539
132,blocks.0.ln2.weight,4.98222208e-04,3.00000000e-03,5.582539
132,blocks.0.ln2.bias,7.23867691e-03,3.00000000e-03,5.582539
132,blocks.0.mlp.0.weight,4.59286208e-03,3.00000000e-03,5.582539
132,blocks.0.mlp.0.bias,4.07688074e-03,3.00000000e-03,5.582539
132,blocks.0.mlp.2.weight,8.37211618e-03,3.00000000e-03,5.582539
132,blocks.0.mlp.2.bias,5.81526275e-03,3.00000000e-03,5.582539
132,blocks.1.ln1.weight,3.76705260e-04,3.00000000e-03,5.582539
132,blocks.1.ln1.bias,6.06601452e-03,3.00000000e-03,5.582539
132,blocks.1.attn.in_proj_weight,2.81474515e-03,3.00000000e-03,5.582539
132,blocks.1.attn.in_proj_bias,6.36449044e-03,3.00000000e-03,5.582539
132,blocks.1.attn.out_proj.weight,6.96073095e-03,3.00000000e-03,5.582539
132,blocks.1.attn.out_proj.bias,9.52141135e-03,3.00000000e-03,5.582539
132,blocks.1.ln2.weight,3.42633163e-04,3.00000000e-03,5.582539
132,blocks.1.ln2.bias,9.47209756e-03,3.00000000e-03,5.582539
132,blocks.1.mlp.0.weight,3.18594257e-03,3.00000000e-03,5.582539
132,blocks.1.mlp.0.bias,4.28171029e-03,3.00000000e-03,5.582539
132,blocks.1.mlp.2.weight,8.14823315e-03,3.00000000e-03,5.582539
132,blocks.1.mlp.2.bias,6.02478561e-03,3.00000000e-03,5.582539
132,ln_f.weight,1.31996422e-03,3.00000000e-03,5.582539
132,ln_f.bias,1.62597142e-02,3.00000000e-03,5.582539
132,lm_head.weight,8.50021810e-03,3.00000000e-03,5.582539
133,token_emb.weight,4.47581082e-04,3.00000000e-03,5.587330
133,pos_emb.weight,4.59987555e-04,3.00000000e-03,5.587330
133,blocks.0.ln1.weight,3.76050530e-04,3.00000000e-03,5.587330
133,blocks.0.ln1.bias,5.64889211e-03,3.00000000e-03,5.587330
133,blocks.0.attn.in_proj_weight,4.34843959e-03,3.00000000e-03,5.587330
133,blocks.0.attn.in_proj_bias,7.09607414e-03,3.00000000e-03,5.587330
133,blocks.0.attn.out_proj.weight,6.39599456e-03,3.00000000e-03,5.587330
133,blocks.0.attn.out_proj.bias,7.94402413e-03,3.00000000e-03,5.587330
133,blocks.0.ln2.weight,5.24423998e-04,3.00000000e-03,5.587330
133,blocks.0.ln2.bias,7.54178482e-03,3.00000000e-03,5.587330
133,blocks.0.mlp.0.weight,4.75408013e-03,3.00000000e-03,5.587330
133,blocks.0.mlp.0.bias,4.21197477e-03,3.00000000e-03,5.587330
133,blocks.0.mlp.2.weight,8.71792532e-03,3.00000000e-03,5.587330
133,blocks.0.mlp.2.bias,6.17663120e-03,3.00000000e-03,5.587330
133,blocks.1.ln1.weight,3.45985124e-04,3.00000000e-03,5.587330
133,blocks.1.ln1.bias,6.33702717e-03,3.00000000e-03,5.587330
133,blocks.1.attn.in_proj_weight,2.86573615e-03,3.00000000e-03,5.587330
133,blocks.1.attn.in_proj_bias,6.55637143e-03,3.00000000e-03,5.587330
133,blocks.1.attn.out_proj.weight,7.32561718e-03,3.00000000e-03,5.587330
133,blocks.1.attn.out_proj.bias,1.01569726e-02,3.00000000e-03,5.587330
133,blocks.1.ln2.weight,3.45918946e-04,3.00000000e-03,5.587330
133,blocks.1.ln2.bias,1.07593797e-02,3.00000000e-03,5.587330
133,blocks.1.mlp.0.weight,3.37419787e-03,3.00000000e-03,5.587330
133,blocks.1.mlp.0.bias,4.57028684e-03,3.00000000e-03,5.587330
133,blocks.1.mlp.2.weight,8.62639250e-03,3.00000000e-03,5.587330
133,blocks.1.mlp.2.bias,6.41920659e-03,3.00000000e-03,5.587330
133,ln_f.weight,1.37931119e-03,3.00000000e-03,5.587330
133,ln_f.bias,1.66974749e-02,3.00000000e-03,5.587330
133,lm_head.weight,8.29238590e-03,3.00000000e-03,5.587330
134,token_emb.weight,4.52058412e-04,3.00000000e-03,5.575962
134,pos_emb.weight,4.60552039e-04,3.00000000e-03,5.575962
134,blocks.0.ln1.weight,3.75856743e-04,3.00000000e-03,5.575962
134,blocks.0.ln1.bias,6.64422367e-03,3.00000000e-03,5.575962
134,blocks.0.attn.in_proj_weight,4.41211458e-03,3.00000000e-03,5.575962
134,blocks.0.attn.in_proj_bias,7.89479060e-03,3.00000000e-03,5.575962
134,blocks.0.attn.out_proj.weight,7.05322950e-03,3.00000000e-03,5.575962
134,blocks.0.attn.out_proj.bias,9.10561418e-03,3.00000000e-03,5.575962
134,blocks.0.ln2.weight,5.75546810e-04,3.00000000e-03,5.575962
134,blocks.0.ln2.bias,9.15338763e-03,3.00000000e-03,5.575962
134,blocks.0.mlp.0.weight,5.02862558e-03,3.00000000e-03,5.575962
134,blocks.0.mlp.0.bias,4.85746832e-03,3.00000000e-03,5.575962
134,blocks.0.mlp.2.weight,9.31746720e-03,3.00000000e-03,5.575962
134,blocks.0.mlp.2.bias,7.00527211e-03,3.00000000e-03,5.575962
134,blocks.1.ln1.weight,3.73268551e-04,3.00000000e-03,5.575962
134,blocks.1.ln1.bias,6.68054359e-03,3.00000000e-03,5.575962
134,blocks.1.attn.in_proj_weight,3.09383316e-03,3.00000000e-03,5.575962
134,blocks.1.attn.in_proj_bias,7.23593755e-03,3.00000000e-03,5.575962
134,blocks.1.attn.out_proj.weight,7.93618408e-03,3.00000000e-03,5.575962
134,blocks.1.attn.out_proj.bias,1.14070196e-02,3.00000000e-03,5.575962
134,blocks.1.ln2.weight,3.93404286e-04,3.00000000e-03,5.575962
134,blocks.1.ln2.bias,1.28882498e-02,3.00000000e-03,5.575962
134,blocks.1.mlp.0.weight,3.88045740e-03,3.00000000e-03,5.575962
134,blocks.1.mlp.0.bias,5.38172949e-03,3.00000000e-03,5.575962
134,blocks.1.mlp.2.weight,9.49703111e-03,3.00000000e-03,5.575962
134,blocks.1.mlp.2.bias,7.22656639e-03,3.00000000e-03,5.575962
134,ln_f.weight,1.37153605e-03,3.00000000e-03,5.575962
134,ln_f.bias,1.72613888e-02,3.00000000e-03,5.575962
134,lm_head.weight,8.50450808e-03,3.00000000e-03,5.575962
135,token_emb.weight,4.54180230e-04,3.00000000e-03,5.575213
135,pos_emb.weight,4.63635449e-04,3.00000000e-03,5.575213
135,blocks.0.ln1.weight,3.86594734e-04,3.00000000e-03,5.575213
135,blocks.0.ln1.bias,7.77619228e-03,3.00000000e-03,5.575213
135,blocks.0.attn.in_proj_weight,4.59799074e-03,3.00000000e-03,5.575213
135,blocks.0.attn.in_proj_bias,9.17952335e-03,3.00000000e-03,5.575213
135,blocks.0.attn.out_proj.weight,7.03996608e-03,3.00000000e-03,5.575213
135,blocks.0.attn.out_proj.bias,9.26080949e-03,3.00000000e-03,5.575213
135,blocks.0.ln2.weight,5.62478100e-04,3.00000000e-03,5.575213
135,blocks.0.ln2.bias,8.10504611e-03,3.00000000e-03,5.575213
135,blocks.0.mlp.0.weight,4.95424514e-03,3.00000000e-03,5.575213
135,blocks.0.mlp.0.bias,4.73361055e-03,3.00000000e-03,5.575213
135,blocks.0.mlp.2.weight,9.41052018e-03,3.00000000e-03,5.575213
135,blocks.0.mlp.2.bias,7.12313210e-03,3.00000000e-03,5.575213
135,blocks.1.ln1.weight,4.08056047e-04,3.00000000e-03,5.575213
135,blocks.1.ln1.bias,6.92036389e-03,3.00000000e-03,5.575213
135,blocks.1.attn.in_proj_weight,3.20480618e-03,3.00000000e-03,5.575213
135,blocks.1.attn.in_proj_bias,7.66906896e-03,3.00000000e-03,5.575213
135,blocks.1.attn.out_proj.weight,7.90680533e-03,3.00000000e-03,5.575213
135,blocks.1.attn.out_proj.bias,1.14232758e-02,3.00000000e-03,5.575213
135,blocks.1.ln2.weight,4.06359278e-04,3.00000000e-03,5.575213
135,blocks.1.ln2.bias,1.36897664e-02,3.00000000e-03,5.575213
135,blocks.1.mlp.0.weight,3.79455733e-03,3.00000000e-03,5.575213
135,blocks.1.mlp.0.bias,5.26033705e-03,3.00000000e-03,5.575213
135,blocks.1.mlp.2.weight,9.45063397e-03,3.00000000e-03,5.575213
135,blocks.1.mlp.2.bias,7.17379837e-03,3.00000000e-03,5.575213
135,ln_f.weight,1.37740901e-03,3.00000000e-03,5.575213
135,ln_f.bias,1.67328090e-02,3.00000000e-03,5.575213
135,lm_head.weight,8.52489479e-03,3.00000000e-03,5.575213
136,token_emb.weight,4.56060111e-04,3.00000000e-03,5.544124
136,pos_emb.weight,4.62198158e-04,3.00000000e-03,5.544124
136,blocks.0.ln1.weight,3.77548826e-04,3.00000000e-03,5.544124
136,blocks.0.ln1.bias,7.44008949e-03,3.00000000e-03,5.544124
136,blocks.0.attn.in_proj_weight,4.59472903e-03,3.00000000e-03,5.544124
136,blocks.0.attn.in_proj_bias,8.89539387e-03,3.00000000e-03,5.544124
136,blocks.0.attn.out_proj.weight,6.95079816e-03,3.00000000e-03,5.544124
136,blocks.0.attn.out_proj.bias,9.10833100e-03,3.00000000e-03,5.544124
136,blocks.0.ln2.weight,5.67087796e-04,3.00000000e-03,5.544124
136,blocks.0.ln2.bias,7.99230934e-03,3.00000000e-03,5.544124
136,blocks.0.mlp.0.weight,4.91286439e-03,3.00000000e-03,5.544124
136,blocks.0.mlp.0.bias,4.59437705e-03,3.00000000e-03,5.544124
136,blocks.0.mlp.2.weight,9.48328529e-03,3.00000000e-03,5.544124
136,blocks.0.mlp.2.bias,7.25959355e-03,3.00000000e-03,5.544124
136,blocks.1.ln1.weight,4.38492980e-04,3.00000000e-03,5.544124
136,blocks.1.ln1.bias,7.31013554e-03,3.00000000e-03,5.544124
136,blocks.1.attn.in_proj_weight,3.37028575e-03,3.00000000e-03,5.544124
136,blocks.1.attn.in_proj_bias,8.26498909e-03,3.00000000e-03,5.544124
136,blocks.1.attn.out_proj.weight,7.98783261e-03,3.00000000e-03,5.544124
136,blocks.1.attn.out_proj.bias,1.17136538e-02,3.00000000e-03,5.544124
136,blocks.1.ln2.weight,4.21594323e-04,3.00000000e-03,5.544124
136,blocks.1.ln2.bias,1.33802932e-02,3.00000000e-03,5.544124
136,blocks.1.mlp.0.weight,3.85729704e-03,3.00000000e-03,5.544124
136,blocks.1.mlp.0.bias,5.37181688e-03,3.00000000e-03,5.544124
136,blocks.1.mlp.2.weight,9.74563903e-03,3.00000000e-03,5.544124
136,blocks.1.mlp.2.bias,7.44944599e-03,3.00000000e-03,5.544124
136,ln_f.weight,1.33002120e-03,3.00000000e-03,5.544124
136,ln_f.bias,1.64055221e-02,3.00000000e-03,5.544124
136,lm_head.weight,8.44644560e-03,3.00000000e-03,5.544124
137,token_emb.weight,4.61622342e-04,3.00000000e-03,5.579743
137,pos_emb.weight,4.65605227e-04,3.00000000e-03,5.579743
137,blocks.0.ln1.weight,3.84319355e-04,3.00000000e-03,5.579743
137,blocks.0.ln1.bias,7.33364794e-03,3.00000000e-03,5.579743
137,blocks.0.attn.in_proj_weight,4.56617219e-03,3.00000000e-03,5.579743
137,blocks.0.attn.in_proj_bias,8.93159925e-03,3.00000000e-03,5.579743
137,blocks.0.attn.out_proj.weight,6.73835654e-03,3.00000000e-03,5.579743
137,blocks.0.attn.out_proj.bias,8.96643341e-03,3.00000000e-03,5.579743
137,blocks.0.ln2.weight,5.30475204e-04,3.00000000e-03,5.579743
137,blocks.0.ln2.bias,7.80409452e-03,3.00000000e-03,5.579743
137,blocks.0.mlp.0.weight,4.82416485e-03,3.00000000e-03,5.579743
137,blocks.0.mlp.0.bias,4.52320041e-03,3.00000000e-03,5.579743
137,blocks.0.mlp.2.weight,9.31182490e-03,3.00000000e-03,5.579743
137,blocks.0.mlp.2.bias,7.14527398e-03,3.00000000e-03,5.579743
137,blocks.1.ln1.weight,4.18668858e-04,3.00000000e-03,5.579743
137,blocks.1.ln1.bias,7.53054040e-03,3.00000000e-03,5.579743
137,blocks.1.attn.in_proj_weight,3.25713333e-03,3.00000000e-03,5.579743
137,blocks.1.attn.in_proj_bias,8.04108598e-03,3.00000000e-03,5.579743
137,blocks.1.attn.out_proj.weight,7.71929060e-03,3.00000000e-03,5.579743
137,blocks.1.attn.out_proj.bias,1.13825161e-02,3.00000000e-03,5.579743
137,blocks.1.ln2.weight,4.02872407e-04,3.00000000e-03,5.579743
137,blocks.1.ln2.bias,1.21380618e-02,3.00000000e-03,5.579743
137,blocks.1.mlp.0.weight,3.72880083e-03,3.00000000e-03,5.579743
137,blocks.1.mlp.0.bias,5.19273514e-03,3.00000000e-03,5.579743
137,blocks.1.mlp.2.weight,9.43128762e-03,3.00000000e-03,5.579743
137,blocks.1.mlp.2.bias,7.20609454e-03,3.00000000e-03,5.579743
137,ln_f.weight,1.32316847e-03,3.00000000e-03,5.579743
137,ln_f.bias,1.60027384e-02,3.00000000e-03,5.579743
137,lm_head.weight,8.36105792e-03,3.00000000e-03,5.579743
138,token_emb.weight,4.63398271e-04,3.00000000e-03,5.539526
138,pos_emb.weight,4.66754747e-04,3.00000000e-03,5.539526
138,blocks.0.ln1.weight,3.95536817e-04,3.00000000e-03,5.539526
138,blocks.0.ln1.bias,7.96698343e-03,3.00000000e-03,5.539526
138,blocks.0.attn.in_proj_weight,4.55151907e-03,3.00000000e-03,5.539526
138,blocks.0.attn.in_proj_bias,9.13585614e-03,3.00000000e-03,5.539526
138,blocks.0.attn.out_proj.weight,6.53998631e-03,3.00000000e-03,5.539526
138,blocks.0.attn.out_proj.bias,8.62383516e-03,3.00000000e-03,5.539526
138,blocks.0.ln2.weight,5.28370375e-04,3.00000000e-03,5.539526
138,blocks.0.ln2.bias,7.70530622e-03,3.00000000e-03,5.539526
138,blocks.0.mlp.0.weight,4.72519132e-03,3.00000000e-03,5.539526
138,blocks.0.mlp.0.bias,4.40982514e-03,3.00000000e-03,5.539526
138,blocks.0.mlp.2.weight,9.00486749e-03,3.00000000e-03,5.539526
138,blocks.0.mlp.2.bias,6.89681702e-03,3.00000000e-03,5.539526
138,blocks.1.ln1.weight,4.00116075e-04,3.00000000e-03,5.539526
138,blocks.1.ln1.bias,6.84375286e-03,3.00000000e-03,5.539526
138,blocks.1.attn.in_proj_weight,3.10892379e-03,3.00000000e-03,5.539526
138,blocks.1.attn.in_proj_bias,7.69011021e-03,3.00000000e-03,5.539526
138,blocks.1.attn.out_proj.weight,7.37556799e-03,3.00000000e-03,5.539526
138,blocks.1.attn.out_proj.bias,1.09415367e-02,3.00000000e-03,5.539526
138,blocks.1.ln2.weight,4.14435380e-04,3.00000000e-03,5.539526
138,blocks.1.ln2.bias,1.11552301e-02,3.00000000e-03,5.539526
138,blocks.1.mlp.0.weight,3.56865563e-03,3.00000000e-03,5.539526
138,blocks.1.mlp.0.bias,4.97940708e-03,3.00000000e-03,5.539526
138,blocks.1.mlp.2.weight,9.10256862e-03,3.00000000e-03,5.539526
138,blocks.1.mlp.2.bias,6.95456562e-03,3.00000000e-03,5.539526
138,ln_f.weight,1.26687145e-03,3.00000000e-03,5.539526
138,ln_f.bias,1.50517635e-02,3.00000000e-03,5.539526
138,lm_head.weight,8.50097543e-03,3.00000000e-03,5.539526
139,token_emb.weight,4.68333808e-04,3.00000000e-03,5.597933
139,pos_emb.weight,4.75774836e-04,3.00000000e-03,5.597933
139,blocks.0.ln1.weight,4.32057441e-04,3.00000000e-03,5.597933
139,blocks.0.ln1.bias,8.74690105e-03,3.00000000e-03,5.597933
139,blocks.0.attn.in_proj_weight,4.65497498e-03,3.00000000e-03,5.597933
139,blocks.0.attn.in_proj_bias,9.20165730e-03,3.00000000e-03,5.597933
139,blocks.0.attn.out_proj.weight,6.34860633e-03,3.00000000e-03,5.597933
139,blocks.0.attn.out_proj.bias,8.45075564e-03,3.00000000e-03,5.597933
139,blocks.0.ln2.weight,4.59226508e-04,3.00000000e-03,5.597933
139,blocks.0.ln2.bias,6.91804301e-03,3.00000000e-03,5.597933
139,blocks.0.mlp.0.weight,4.58743770e-03,3.00000000e-03,5.597933
139,blocks.0.mlp.0.bias,4.11859779e-03,3.00000000e-03,5.597933
139,blocks.0.mlp.2.weight,8.80935004e-03,3.00000000e-03,5.597933
139,blocks.0.mlp.2.bias,6.77873646e-03,3.00000000e-03,5.597933
139,blocks.1.ln1.weight,3.70334134e-04,3.00000000e-03,5.597933
139,blocks.1.ln1.bias,6.13860460e-03,3.00000000e-03,5.597933
139,blocks.1.attn.in_proj_weight,2.80655265e-03,3.00000000e-03,5.597933
139,blocks.1.attn.in_proj_bias,6.87941243e-03,3.00000000e-03,5.597933
139,blocks.1.attn.out_proj.weight,7.09827296e-03,3.00000000e-03,5.597933
139,blocks.1.attn.out_proj.bias,1.07805446e-02,3.00000000e-03,5.597933
139,blocks.1.ln2.weight,3.94692047e-04,3.00000000e-03,5.597933
139,blocks.1.ln2.bias,9.54856726e-03,3.00000000e-03,5.597933
139,blocks.1.mlp.0.weight,3.36103481e-03,3.00000000e-03,5.597933
139,blocks.1.mlp.0.bias,4.67554679e-03,3.00000000e-03,5.597933
139,blocks.1.mlp.2.weight,8.84721616e-03,3.00000000e-03,5.597933
139,blocks.1.mlp.2.bias,6.87281993e-03,3.00000000e-03,5.597933
139,ln_f.weight,1.29038942e-03,3.00000000e-03,5.597933
139,ln_f.bias,1.50821838e-02,3.00000000e-03,5.597933
139,lm_head.weight,8.42984025e-03,3.00000000e-03,5.597933
140,token_emb.weight,4.72113271e-04,3.00000000e-03,5.548842
140,pos_emb.weight,4.78558037e-04,3.00000000e-03,5.548842
140,blocks.0.ln1.weight,4.45487641e-04,3.00000000e-03,5.548842
140,blocks.0.ln1.bias,8.85468180e-03,3.00000000e-03,5.548842
140,blocks.0.attn.in_proj_weight,4.74886371e-03,3.00000000e-03,5.548842
140,blocks.0.attn.in_proj_bias,9.40128698e-03,3.00000000e-03,5.548842
140,blocks.0.attn.out_proj.weight,6.55574642e-03,3.00000000e-03,5.548842
140,blocks.0.attn.out_proj.bias,8.68904330e-03,3.00000000e-03,5.548842
140,blocks.0.ln2.weight,4.76696916e-04,3.00000000e-03,5.548842
140,blocks.0.ln2.bias,8.36591730e-03,3.00000000e-03,5.548842
140,blocks.0.mlp.0.weight,4.71821083e-03,3.00000000e-03,5.548842
140,blocks.0.mlp.0.bias,4.47131321e-03,3.00000000e-03,5.548842
140,blocks.0.mlp.2.weight,9.02360877e-03,3.00000000e-03,5.548842
140,blocks.0.mlp.2.bias,7.04219549e-03,3.00000000e-03,5.548842
140,blocks.1.ln1.weight,4.31818204e-04,3.00000000e-03,5.548842
140,blocks.1.ln1.bias,7.59668558e-03,3.00000000e-03,5.548842
140,blocks.1.attn.in_proj_weight,3.17458576e-03,3.00000000e-03,5.548842
140,blocks.1.attn.in_proj_bias,7.84597911e-03,3.00000000e-03,5.548842
140,blocks.1.attn.out_proj.weight,7.34984398e-03,3.00000000e-03,5.548842
140,blocks.1.attn.out_proj.bias,1.11464133e-02,3.00000000e-03,5.548842
140,blocks.1.ln2.weight,4.09784928e-04,3.00000000e-03,5.548842
140,blocks.1.ln2.bias,1.09424712e-02,3.00000000e-03,5.548842
140,blocks.1.mlp.0.weight,3.62103221e-03,3.00000000e-03,5.548842
140,blocks.1.mlp.0.bias,5.12072157e-03,3.00000000e-03,5.548842
140,blocks.1.mlp.2.weight,9.17831514e-03,3.00000000e-03,5.548842
140,blocks.1.mlp.2.bias,7.11878728e-03,3.00000000e-03,5.548842
140,ln_f.weight,1.22970339e-03,3.00000000e-03,5.548842
140,ln_f.bias,1.47450734e-02,3.00000000e-03,5.548842
140,lm_head.weight,8.51013810e-03,3.00000000e-03,5.548842
141,token_emb.weight,4.76145184e-04,3.00000000e-03,5.548808
141,pos_emb.weight,4.79345284e-04,3.00000000e-03,5.548808
141,blocks.0.ln1.weight,4.16234304e-04,3.00000000e-03,5.548808
141,blocks.0.ln1.bias,7.01054958e-03,3.00000000e-03,5.548808
141,blocks.0.attn.in_proj_weight,4.74848695e-03,3.00000000e-03,5.548808
141,blocks.0.attn.in_proj_bias,8.58581180e-03,3.00000000e-03,5.548808
141,blocks.0.attn.out_proj.weight,6.77448650e-03,3.00000000e-03,5.548808
141,blocks.0.attn.out_proj.bias,8.83449089e-03,3.00000000e-03,5.548808
141,blocks.0.ln2.weight,4.65121132e-04,3.00000000e-03,5.548808
141,blocks.0.ln2.bias,8.35642123e-03,3.00000000e-03,5.548808
141,blocks.0.mlp.0.weight,4.72740323e-03,3.00000000e-03,5.548808
141,blocks.0.mlp.0.bias,4.40480226e-03,3.00000000e-03,5.548808
141,blocks.0.mlp.2.weight,9.15440071e-03,3.00000000e-03,5.548808
141,blocks.0.mlp.2.bias,7.18520794e-03,3.00000000e-03,5.548808
141,blocks.1.ln1.weight,4.25518707e-04,3.00000000e-03,5.548808
141,blocks.1.ln1.bias,7.77481858e-03,3.00000000e-03,5.548808
141,blocks.1.attn.in_proj_weight,3.18069361e-03,3.00000000e-03,5.548808
141,blocks.1.attn.in_proj_bias,7.79640508e-03,3.00000000e-03,5.548808
141,blocks.1.attn.out_proj.weight,7.60714339e-03,3.00000000e-03,5.548808
141,blocks.1.attn.out_proj.bias,1.15039067e-02,3.00000000e-03,5.548808
141,blocks.1.ln2.weight,4.04935551e-04,3.00000000e-03,5.548808
141,blocks.1.ln2.bias,1.08238306e-02,3.00000000e-03,5.548808
141,blocks.1.mlp.0.weight,3.67942980e-03,3.00000000e-03,5.548808
141,blocks.1.mlp.0.bias,5.19914778e-03,3.00000000e-03,5.548808
141,blocks.1.mlp.2.weight,9.45935156e-03,3.00000000e-03,5.548808
141,blocks.1.mlp.2.bias,7.34485121e-03,3.00000000e-03,5.548808
141,ln_f.weight,1.21157334e-03,3.00000000e-03,5.548808
141,ln_f.bias,1.44102829e-02,3.00000000e-03,5.548808
141,lm_head.weight,8.56544598e-03,3.00000000e-03,5.548808
142,token_emb.weight,4.79046654e-04,3.00000000e-03,5.586650
142,pos_emb.weight,4.83067357e-04,3.00000000e-03,5.586650
142,blocks.0.ln1.weight,4.54244859e-04,3.00000000e-03,5.586650
142,blocks.0.ln1.bias,8.31896696e-03,3.00000000e-03,5.586650
142,blocks.0.attn.in_proj_weight,4.75040636e-03,3.00000000e-03,5.586650
142,blocks.0.attn.in_proj_bias,8.40960702e-03,3.00000000e-03,5.586650
142,blocks.0.attn.out_proj.weight,6.17032701e-03,3.00000000e-03,5.586650
142,blocks.0.attn.out_proj.bias,8.21543262e-03,3.00000000e-03,5.586650
142,blocks.0.ln2.weight,4.62360610e-04,3.00000000e-03,5.586650
142,blocks.0.ln2.bias,7.80384209e-03,3.00000000e-03,5.586650
142,blocks.0.mlp.0.weight,4.63191342e-03,3.00000000e-03,5.586650
142,blocks.0.mlp.0.bias,4.15759638e-03,3.00000000e-03,5.586650
142,blocks.0.mlp.2.weight,8.63545064e-03,3.00000000e-03,5.586650
142,blocks.0.mlp.2.bias,6.70782433e-03,3.00000000e-03,5.586650
142,blocks.1.ln1.weight,3.90941391e-04,3.00000000e-03,5.586650
142,blocks.1.ln1.bias,7.22161221e-03,3.00000000e-03,5.586650
142,blocks.1.attn.in_proj_weight,2.87249840e-03,3.00000000e-03,5.586650
142,blocks.1.attn.in_proj_bias,7.05644256e-03,3.00000000e-03,5.586650
142,blocks.1.attn.out_proj.weight,6.88236939e-03,3.00000000e-03,5.586650
142,blocks.1.attn.out_proj.bias,1.07281649e-02,3.00000000e-03,5.586650
142,blocks.1.ln2.weight,3.61370204e-04,3.00000000e-03,5.586650
142,blocks.1.ln2.bias,9.95203642e-03,3.00000000e-03,5.586650
142,blocks.1.mlp.0.weight,3.31372667e-03,3.00000000e-03,5.586650
142,blocks.1.mlp.0.bias,4.63029923e-03,3.00000000e-03,5.586650
142,blocks.1.mlp.2.weight,8.69141364e-03,3.00000000e-03,5.586650
142,blocks.1.mlp.2.bias,6.87015602e-03,3.00000000e-03,5.586650
142,ln_f.weight,1.22202865e-03,3.00000000e-03,5.586650
142,ln_f.bias,1.37100951e-02,3.00000000e-03,5.586650
142,lm_head.weight,8.47061964e-03,3.00000000e-03,5.586650
143,token_emb.weight,4.84417620e-04,3.00000000e-03,5.575488
143,pos_emb.weight,4.85022779e-04,3.00000000e-03,5.575488
143,blocks.0.ln1.weight,4.28360956e-04,3.00000000e-03,5.575488
143,blocks.0.ln1.bias,7.67738710e-03,3.00000000e-03,5.575488
143,blocks.0.attn.in_proj_weight,4.73828344e-03,3.00000000e-03,5.575488
143,blocks.0.attn.in_proj_bias,7.99930262e-03,3.00000000e-03,5.575488
143,blocks.0.attn.out_proj.weight,6.00041173e-03,3.00000000e-03,5.575488
143,blocks.0.attn.out_proj.bias,8.00141489e-03,3.00000000e-03,5.575488
143,blocks.0.ln2.weight,4.40271023e-04,3.00000000e-03,5.575488
143,blocks.0.ln2.bias,7.62420020e-03,3.00000000e-03,5.575488
143,blocks.0.mlp.0.weight,4.51763514e-03,3.00000000e-03,5.575488
143,blocks.0.mlp.0.bias,3.92686956e-03,3.00000000e-03,5.575488
143,blocks.0.mlp.2.weight,8.31380082e-03,3.00000000e-03,5.575488
143,blocks.0.mlp.2.bias,6.39332419e-03,3.00000000e-03,5.575488
143,blocks.1.ln1.weight,3.68767783e-04,3.00000000e-03,5.575488
143,blocks.1.ln1.bias,6.50234889e-03,3.00000000e-03,5.575488
143,blocks.1.attn.in_proj_weight,2.74142917e-03,3.00000000e-03,5.575488
143,blocks.1.attn.in_proj_bias,6.70664395e-03,3.00000000e-03,5.575488
143,blocks.1.attn.out_proj.weight,6.54103604e-03,3.00000000e-03,5.575488
143,blocks.1.attn.out_proj.bias,1.02087537e-02,3.00000000e-03,5.575488
143,blocks.1.ln2.weight,3.45979401e-04,3.00000000e-03,5.575488
143,blocks.1.ln2.bias,1.03910904e-02,3.00000000e-03,5.575488
143,blocks.1.mlp.0.weight,3.23900712e-03,3.00000000e-03,5.575488
143,blocks.1.mlp.0.bias,4.48935232e-03,3.00000000e-03,5.575488
143,blocks.1.mlp.2.weight,8.28213755e-03,3.00000000e-03,5.575488
143,blocks.1.mlp.2.bias,6.53969151e-03,3.00000000e-03,5.575488
143,ln_f.weight,1.24248543e-03,3.00000000e-03,5.575488
143,ln_f.bias,1.35079548e-02,3.00000000e-03,5.575488
143,lm_head.weight,8.15420399e-03,3.00000000e-03,5.575488
144,token_emb.weight,4.89347506e-04,3.00000000e-03,5.581657
144,pos_emb.weight,4.92969771e-04,3.00000000e-03,5.581657
144,blocks.0.ln1.weight,4.63907281e-04,3.00000000e-03,5.581657
144,blocks.0.ln1.bias,8.09230750e-03,3.00000000e-03,5.581657
144,blocks.0.attn.in_proj_weight,4.88630082e-03,3.00000000e-03,5.581657
144,blocks.0.attn.in_proj_bias,8.51256028e-03,3.00000000e-03,5.581657
144,blocks.0.attn.out_proj.weight,5.87423887e-03,3.00000000e-03,5.581657
144,blocks.0.attn.out_proj.bias,7.69077703e-03,3.00000000e-03,5.581657
144,blocks.0.ln2.weight,4.53227225e-04,3.00000000e-03,5.581657
144,blocks.0.ln2.bias,8.45125354e-03,3.00000000e-03,5.581657
144,blocks.0.mlp.0.weight,4.65720621e-03,3.00000000e-03,5.581657
144,blocks.0.mlp.0.bias,4.11268526e-03,3.00000000e-03,5.581657
144,blocks.0.mlp.2.weight,8.07346993e-03,3.00000000e-03,5.581657
144,blocks.0.mlp.2.bias,5.90996199e-03,3.00000000e-03,5.581657
144,blocks.1.ln1.weight,2.99109236e-04,3.00000000e-03,5.581657
144,blocks.1.ln1.bias,5.87460416e-03,3.00000000e-03,5.581657
144,blocks.1.attn.in_proj_weight,2.46765148e-03,3.00000000e-03,5.581657
144,blocks.1.attn.in_proj_bias,6.05206163e-03,3.00000000e-03,5.581657
144,blocks.1.attn.out_proj.weight,6.05483206e-03,3.00000000e-03,5.581657
144,blocks.1.attn.out_proj.bias,9.43120249e-03,3.00000000e-03,5.581657
144,blocks.1.ln2.weight,3.51347867e-04,3.00000000e-03,5.581657
144,blocks.1.ln2.bias,1.04156348e-02,3.00000000e-03,5.581657
144,blocks.1.mlp.0.weight,3.13052826e-03,3.00000000e-03,5.581657
144,blocks.1.mlp.0.bias,4.31435674e-03,3.00000000e-03,5.581657
144,blocks.1.mlp.2.weight,7.70806424e-03,3.00000000e-03,5.581657
144,blocks.1.mlp.2.bias,6.05648608e-03,3.00000000e-03,5.581657
144,ln_f.weight,1.26344920e-03,3.00000000e-03,5.581657
144,ln_f.bias,1.31306169e-02,3.00000000e-03,5.581657
144,lm_head.weight,8.31578419e-03,3.00000000e-03,5.581657
145,token_emb.weight,4.91141166e-04,3.00000000e-03,5.547384
145,pos_emb.weight,4.95177841e-04,3.00000000e-03,5.547384
145,blocks.0.ln1.weight,4.10382403e-04,3.00000000e-03,5.547384
145,blocks.0.ln1.bias,7.45264679e-03,3.00000000e-03,5.547384
145,blocks.0.attn.in_proj_weight,4.80577285e-03,3.00000000e-03,5.547384
145,blocks.0.attn.in_proj_bias,8.18311898e-03,3.00000000e-03,5.547384
145,blocks.0.attn.out_proj.weight,6.02128305e-03,3.00000000e-03,5.547384
145,blocks.0.attn.out_proj.bias,8.06442928e-03,3.00000000e-03,5.547384
145,blocks.0.ln2.weight,4.15887508e-04,3.00000000e-03,5.547384
145,blocks.0.ln2.bias,8.61226428e-03,3.00000000e-03,5.547384
145,blocks.0.mlp.0.weight,4.82274214e-03,3.00000000e-03,5.547384
145,blocks.0.mlp.0.bias,4.35838208e-03,3.00000000e-03,5.547384
145,blocks.0.mlp.2.weight,8.41737302e-03,3.00000000e-03,5.547384
145,blocks.0.mlp.2.bias,6.30712629e-03,3.00000000e-03,5.547384
145,blocks.1.ln1.weight,3.18022598e-04,3.00000000e-03,5.547384
145,blocks.1.ln1.bias,6.31739649e-03,3.00000000e-03,5.547384
145,blocks.1.attn.in_proj_weight,2.74327420e-03,3.00000000e-03,5.547384
145,blocks.1.attn.in_proj_bias,6.71579536e-03,3.00000000e-03,5.547384
145,blocks.1.attn.out_proj.weight,6.52580758e-03,3.00000000e-03,5.547384
145,blocks.1.attn.out_proj.bias,1.01382864e-02,3.00000000e-03,5.547384
145,blocks.1.ln2.weight,3.79997652e-04,3.00000000e-03,5.547384
145,blocks.1.ln2.bias,1.21086685e-02,3.00000000e-03,5.547384
145,blocks.1.mlp.0.weight,3.37817921e-03,3.00000000e-03,5.547384
145,blocks.1.mlp.0.bias,4.73318438e-03,3.00000000e-03,5.547384
145,blocks.1.mlp.2.weight,8.30257808e-03,3.00000000e-03,5.547384
145,blocks.1.mlp.2.bias,6.54774135e-03,3.00000000e-03,5.547384
145,ln_f.weight,1.26062444e-03,3.00000000e-03,5.547384
145,ln_f.bias,1.32227778e-02,3.00000000e-03,5.547384
145,lm_head.weight,8.28291355e-03,3.00000000e-03,5.547384
146,token_emb.weight,4.94412066e-04,3.00000000e-03,5.594760
146,pos_emb.weight,4.95766905e-04,3.00000000e-03,5.594760
146,blocks.0.ln1.weight,3.64665964e-04,3.00000000e-03,5.594760
146,blocks.0.ln1.bias,6.30118192e-03,3.00000000e-03,5.594760
146,blocks.0.attn.in_proj_weight,4.76400885e-03,3.00000000e-03,5.594760
146,blocks.0.attn.in_proj_bias,7.78447213e-03,3.00000000e-03,5.594760
146,blocks.0.attn.out_proj.weight,6.22450825e-03,3.00000000e-03,5.594760
146,blocks.0.attn.out_proj.bias,8.40701398e-03,3.00000000e-03,5.594760
146,blocks.0.ln2.weight,4.28589632e-04,3.00000000e-03,5.594760
146,blocks.0.ln2.bias,8.19470320e-03,3.00000000e-03,5.594760
146,blocks.0.mlp.0.weight,4.81969792e-03,3.00000000e-03,5.594760
146,blocks.0.mlp.0.bias,4.40991968e-03,3.00000000e-03,5.594760
146,blocks.0.mlp.2.weight,8.56487665e-03,3.00000000e-03,5.594760
146,blocks.0.mlp.2.bias,6.63418273e-03,3.00000000e-03,5.594760
146,blocks.1.ln1.weight,3.22954573e-04,3.00000000e-03,5.594760
146,blocks.1.ln1.bias,6.98302425e-03,3.00000000e-03,5.594760
146,blocks.1.attn.in_proj_weight,2.72976076e-03,3.00000000e-03,5.594760
146,blocks.1.attn.in_proj_bias,6.65051066e-03,3.00000000e-03,5.594760
146,blocks.1.attn.out_proj.weight,6.78244525e-03,3.00000000e-03,5.594760
146,blocks.1.attn.out_proj.bias,1.06936099e-02,3.00000000e-03,5.594760
146,blocks.1.ln2.weight,3.78651705e-04,3.00000000e-03,5.594760
146,blocks.1.ln2.bias,1.22777029e-02,3.00000000e-03,5.594760
146,blocks.1.mlp.0.weight,3.51136422e-03,3.00000000e-03,5.594760
146,blocks.1.mlp.0.bias,4.92880759e-03,3.00000000e-03,5.594760
146,blocks.1.mlp.2.weight,8.61909060e-03,3.00000000e-03,5.594760
146,blocks.1.mlp.2.bias,6.93484345e-03,3.00000000e-03,5.594760
146,ln_f.weight,1.33420288e-03,3.00000000e-03,5.594760
146,ln_f.bias,1.39215277e-02,3.00000000e-03,5.594760
146,lm_head.weight,8.09161799e-03,3.00000000e-03,5.594760
147,token_emb.weight,4.96193499e-04,3.00000000e-03,5.566864
147,pos_emb.weight,4.97106414e-04,3.00000000e-03,5.566864
147,blocks.0.ln1.weight,4.01632559e-04,3.00000000e-03,5.566864
147,blocks.0.ln1.bias,5.22088162e-03,3.00000000e-03,5.566864
147,blocks.0.attn.in_proj_weight,4.79565507e-03,3.00000000e-03,5.566864
147,blocks.0.attn.in_proj_bias,6.93755262e-03,3.00000000e-03,5.566864
147,blocks.0.attn.out_proj.weight,6.75644393e-03,3.00000000e-03,5.566864
147,blocks.0.attn.out_proj.bias,9.28369143e-03,3.00000000e-03,5.566864
147,blocks.0.ln2.weight,4.35150470e-04,3.00000000e-03,5.566864
147,blocks.0.ln2.bias,8.63360521e-03,3.00000000e-03,5.566864
147,blocks.0.mlp.0.weight,4.94920739e-03,3.00000000e-03,5.566864
147,blocks.0.mlp.0.bias,4.65260597e-03,3.00000000e-03,5.566864
147,blocks.0.mlp.2.weight,8.95611125e-03,3.00000000e-03,5.566864
147,blocks.0.mlp.2.bias,7.15125717e-03,3.00000000e-03,5.566864
147,blocks.1.ln1.weight,3.31589331e-04,3.00000000e-03,5.566864
147,blocks.1.ln1.bias,6.65338254e-03,3.00000000e-03,5.566864
147,blocks.1.attn.in_proj_weight,3.06226458e-03,3.00000000e-03,5.566864
147,blocks.1.attn.in_proj_bias,7.47723585e-03,3.00000000e-03,5.566864
147,blocks.1.attn.out_proj.weight,7.25033027e-03,3.00000000e-03,5.566864
147,blocks.1.attn.out_proj.bias,1.15452795e-02,3.00000000e-03,5.566864
147,blocks.1.ln2.weight,3.77044212e-04,3.00000000e-03,5.566864
147,blocks.1.ln2.bias,1.25531345e-02,3.00000000e-03,5.566864
147,blocks.1.mlp.0.weight,3.62825309e-03,3.00000000e-03,5.566864
147,blocks.1.mlp.0.bias,5.11034567e-03,3.00000000e-03,5.566864
147,blocks.1.mlp.2.weight,9.20929845e-03,3.00000000e-03,5.566864
147,blocks.1.mlp.2.bias,7.48824833e-03,3.00000000e-03,5.566864
147,ln_f.weight,1.32612879e-03,3.00000000e-03,5.566864
147,ln_f.bias,1.43041586e-02,3.00000000e-03,5.566864
147,lm_head.weight,8.28908934e-03,3.00000000e-03,5.566864
148,token_emb.weight,4.96405807e-04,3.00000000e-03,5.589511
148,pos_emb.weight,4.98615198e-04,3.00000000e-03,5.589511
148,blocks.0.ln1.weight,4.08562223e-04,3.00000000e-03,5.589511
148,blocks.0.ln1.bias,4.93137828e-03,3.00000000e-03,5.589511
148,blocks.0.attn.in_proj_weight,4.93970936e-03,3.00000000e-03,5.589511
148,blocks.0.attn.in_proj_bias,7.24689709e-03,3.00000000e-03,5.589511
148,blocks.0.attn.out_proj.weight,6.96811630e-03,3.00000000e-03,5.589511
148,blocks.0.attn.out_proj.bias,9.43330360e-03,3.00000000e-03,5.589511
148,blocks.0.ln2.weight,4.90814426e-04,3.00000000e-03,5.589511
148,blocks.0.ln2.bias,9.36840971e-03,3.00000000e-03,5.589511
148,blocks.0.mlp.0.weight,5.14078444e-03,3.00000000e-03,5.589511
148,blocks.0.mlp.0.bias,4.87910977e-03,3.00000000e-03,5.589511
148,blocks.0.mlp.2.weight,9.34579123e-03,3.00000000e-03,5.589511
148,blocks.0.mlp.2.bias,7.36801008e-03,3.00000000e-03,5.589511
148,blocks.1.ln1.weight,3.97531257e-04,3.00000000e-03,5.589511
148,blocks.1.ln1.bias,8.22127908e-03,3.00000000e-03,5.589511
148,blocks.1.attn.in_proj_weight,3.23230960e-03,3.00000000e-03,5.589511
148,blocks.1.attn.in_proj_bias,7.89126184e-03,3.00000000e-03,5.589511
148,blocks.1.attn.out_proj.weight,7.42164886e-03,3.00000000e-03,5.589511
148,blocks.1.attn.out_proj.bias,1.19633296e-02,3.00000000e-03,5.589511
148,blocks.1.ln2.weight,3.97293306e-04,3.00000000e-03,5.589511
148,blocks.1.ln2.bias,1.26729064e-02,3.00000000e-03,5.589511
148,blocks.1.mlp.0.weight,3.72131976e-03,3.00000000e-03,5.589511
148,blocks.1.mlp.0.bias,5.25502567e-03,3.00000000e-03,5.589511
148,blocks.1.mlp.2.weight,9.52193170e-03,3.00000000e-03,5.589511
148,blocks.1.mlp.2.bias,7.74642227e-03,3.00000000e-03,5.589511
148,ln_f.weight,1.37279765e-03,3.00000000e-03,5.589511
148,ln_f.bias,1.44931167e-02,3.00000000e-03,5.589511
148,lm_head.weight,8.26046368e-03,3.00000000e-03,5.589511
149,token_emb.weight,4.98388261e-04,3.00000000e-03,5.559222
149,pos_emb.weight,4.98266434e-04,3.00000000e-03,5.559222
149,blocks.0.ln1.weight,4.35656951e-04,3.00000000e-03,5.559222
149,blocks.0.ln1.bias,5.47905613e-03,3.00000000e-03,5.559222
149,blocks.0.attn.in_proj_weight,5.06275872e-03,3.00000000e-03,5.559222
149,blocks.0.attn.in_proj_bias,8.59000732e-03,3.00000000e-03,5.559222
149,blocks.0.attn.out_proj.weight,7.66066199e-03,3.00000000e-03,5.559222
149,blocks.0.attn.out_proj.bias,1.07419516e-02,3.00000000e-03,5.559222
149,blocks.0.ln2.weight,5.40366107e-04,3.00000000e-03,5.559222
149,blocks.0.ln2.bias,1.02450463e-02,3.00000000e-03,5.559222
149,blocks.0.mlp.0.weight,5.33068196e-03,3.00000000e-03,5.559222
149,blocks.0.mlp.0.bias,5.23326946e-03,3.00000000e-03,5.559222
149,blocks.0.mlp.2.weight,1.00981434e-02,3.00000000e-03,5.559222
149,blocks.0.mlp.2.bias,8.27987459e-03,3.00000000e-03,5.559222
149,blocks.1.ln1.weight,4.76904109e-04,3.00000000e-03,5.559222
149,blocks.1.ln1.bias,9.36122986e-03,3.00000000e-03,5.559222
149,blocks.1.attn.in_proj_weight,3.68798102e-03,3.00000000e-03,5.559222
149,blocks.1.attn.in_proj_bias,9.24306442e-03,3.00000000e-03,5.559222
149,blocks.1.attn.out_proj.weight,8.14538231e-03,3.00000000e-03,5.559222
149,blocks.1.attn.out_proj.bias,1.34931215e-02,3.00000000e-03,5.559222
149,blocks.1.ln2.weight,4.34004440e-04,3.00000000e-03,5.559222
149,blocks.1.ln2.bias,1.36489089e-02,3.00000000e-03,5.559222
149,blocks.1.mlp.0.weight,4.02582167e-03,3.00000000e-03,5.559222
149,blocks.1.mlp.0.bias,5.72636110e-03,3.00000000e-03,5.559222
149,blocks.1.mlp.2.weight,1.05896334e-02,3.00000000e-03,5.559222
149,blocks.1.mlp.2.bias,8.74095269e-03,3.00000000e-03,5.559222
149,ln_f.weight,1.39977686e-03,3.00000000e-03,5.559222
149,ln_f.bias,1.50060684e-02,3.00000000e-03,5.559222
149,lm_head.weight,8.60091679e-03,3.00000000e-03,5.559222
150,token_emb.weight,5.03543164e-04,3.00000000e-03,5.565908
150,pos_emb.weight,5.02757731e-04,3.00000000e-03,5.565908
150,blocks.0.ln1.weight,5.22515033e-04,3.00000000e-03,5.565908
150,blocks.0.ln1.bias,6.59686903e-03,3.00000000e-03,5.565908
150,blocks.0.attn.in_proj_weight,5.33111653e-03,3.00000000e-03,5.565908
150,blocks.0.attn.in_proj_bias,1.00248446e-02,3.00000000e-03,5.565908
150,blocks.0.attn.out_proj.weight,8.13316573e-03,3.00000000e-03,5.565908
150,blocks.0.attn.out_proj.bias,1.14709328e-02,3.00000000e-03,5.565908
150,blocks.0.ln2.weight,5.25910452e-04,3.00000000e-03,5.565908
150,blocks.0.ln2.bias,1.07788888e-02,3.00000000e-03,5.565908
150,blocks.0.mlp.0.weight,5.49964181e-03,3.00000000e-03,5.565908
150,blocks.0.mlp.0.bias,5.50423037e-03,3.00000000e-03,5.565908
150,blocks.0.mlp.2.weight,1.06505190e-02,3.00000000e-03,5.565908
150,blocks.0.mlp.2.bias,8.84694029e-03,3.00000000e-03,5.565908
150,blocks.1.ln1.weight,5.25494107e-04,3.00000000e-03,5.565908
150,blocks.1.ln1.bias,9.36297888e-03,3.00000000e-03,5.565908
150,blocks.1.attn.in_proj_weight,3.93566228e-03,3.00000000e-03,5.565908
150,blocks.1.attn.in_proj_bias,9.99553631e-03,3.00000000e-03,5.565908
150,blocks.1.attn.out_proj.weight,8.63453197e-03,3.00000000e-03,5.565908
150,blocks.1.attn.out_proj.bias,1.44451513e-02,3.00000000e-03,5.565908
150,blocks.1.ln2.weight,4.48579779e-04,3.00000000e-03,5.565908
150,blocks.1.ln2.bias,1.49643167e-02,3.00000000e-03,5.565908
150,blocks.1.mlp.0.weight,4.24842649e-03,3.00000000e-03,5.565908
150,blocks.1.mlp.0.bias,6.10685084e-03,3.00000000e-03,5.565908
150,blocks.1.mlp.2.weight,1.13088713e-02,3.00000000e-03,5.565908
150,blocks.1.mlp.2.bias,9.39755379e-03,3.00000000e-03,5.565908
150,ln_f.weight,1.41189216e-03,3.00000000e-03,5.565908
150,ln_f.bias,1.55439086e-02,3.00000000e-03,5.565908
150,lm_head.weight,8.70433450e-03,3.00000000e-03,5.565908
151,token_emb.weight,5.05953480e-04,3.00000000e-03,5.576318
151,pos_emb.weight,4.99930943e-04,3.00000000e-03,5.576318
151,blocks.0.ln1.weight,4.91700289e-04,3.00000000e-03,5.576318
151,blocks.0.ln1.bias,6.05255347e-03,3.00000000e-03,5.576318
151,blocks.0.attn.in_proj_weight,5.32692692e-03,3.00000000e-03,5.576318
151,blocks.0.attn.in_proj_bias,9.46942546e-03,3.00000000e-03,5.576318
151,blocks.0.attn.out_proj.weight,7.85573409e-03,3.00000000e-03,5.576318
151,blocks.0.attn.out_proj.bias,1.12696863e-02,3.00000000e-03,5.576318
151,blocks.0.ln2.weight,5.15397237e-04,3.00000000e-03,5.576318
151,blocks.0.ln2.bias,9.91733391e-03,3.00000000e-03,5.576318
151,blocks.0.mlp.0.weight,5.26847803e-03,3.00000000e-03,5.576318
151,blocks.0.mlp.0.bias,5.15412976e-03,3.00000000e-03,5.576318
151,blocks.0.mlp.2.weight,1.03187690e-02,3.00000000e-03,5.576318
151,blocks.0.mlp.2.bias,8.47798984e-03,3.00000000e-03,5.576318
151,blocks.1.ln1.weight,4.93456498e-04,3.00000000e-03,5.576318
151,blocks.1.ln1.bias,9.03638927e-03,3.00000000e-03,5.576318
151,blocks.1.attn.in_proj_weight,3.90708735e-03,3.00000000e-03,5.576318
151,blocks.1.attn.in_proj_bias,9.93143499e-03,3.00000000e-03,5.576318
151,blocks.1.attn.out_proj.weight,8.23949252e-03,3.00000000e-03,5.576318
151,blocks.1.attn.out_proj.bias,1.39347834e-02,3.00000000e-03,5.576318
151,blocks.1.ln2.weight,4.28995376e-04,3.00000000e-03,5.576318
151,blocks.1.ln2.bias,1.42293931e-02,3.00000000e-03,5.576318
151,blocks.1.mlp.0.weight,4.12137318e-03,3.00000000e-03,5.576318
151,blocks.1.mlp.0.bias,5.90159447e-03,3.00000000e-03,5.576318
151,blocks.1.mlp.2.weight,1.09325243e-02,3.00000000e-03,5.576318
151,blocks.1.mlp.2.bias,9.11969508e-03,3.00000000e-03,5.576318
151,ln_f.weight,1.40360684e-03,3.00000000e-03,5.576318
151,ln_f.bias,1.51565296e-02,3.00000000e-03,5.576318
151,lm_head.weight,8.90413772e-03,3.00000000e-03,5.576318
152,token_emb.weight,5.07795091e-04,3.00000000e-03,5.558936
152,pos_emb.weight,5.06485670e-04,3.00000000e-03,5.558936
152,blocks.0.ln1.weight,4.97424536e-04,3.00000000e-03,5.558936
152,blocks.0.ln1.bias,6.33254386e-03,3.00000000e-03,5.558936
152,blocks.0.attn.in_proj_weight,5.14604016e-03,3.00000000e-03,5.558936
152,blocks.0.attn.in_proj_bias,8.81407436e-03,3.00000000e-03,5.558936
152,blocks.0.attn.out_proj.weight,7.64207729e-03,3.00000000e-03,5.558936
152,blocks.0.attn.out_proj.bias,1.09427559e-02,3.00000000e-03,5.558936
152,blocks.0.ln2.weight,5.43060531e-04,3.00000000e-03,5.558936
152,blocks.0.ln2.bias,7.96131658e-03,3.00000000e-03,5.558936
152,blocks.0.mlp.0.weight,4.97007654e-03,3.00000000e-03,5.558936
152,blocks.0.mlp.0.bias,4.62837811e-03,3.00000000e-03,5.558936
152,blocks.0.mlp.2.weight,1.02159559e-02,3.00000000e-03,5.558936
152,blocks.0.mlp.2.bias,8.39173149e-03,3.00000000e-03,5.558936
152,blocks.1.ln1.weight,5.33316009e-04,3.00000000e-03,5.558936
152,blocks.1.ln1.bias,1.00674088e-02,3.00000000e-03,5.558936
152,blocks.1.attn.in_proj_weight,3.75551117e-03,3.00000000e-03,5.558936
152,blocks.1.attn.in_proj_bias,9.64584099e-03,3.00000000e-03,5.558936
152,blocks.1.attn.out_proj.weight,7.98190315e-03,3.00000000e-03,5.558936
152,blocks.1.attn.out_proj.bias,1.36918129e-02,3.00000000e-03,5.558936
152,blocks.1.ln2.weight,4.17590386e-04,3.00000000e-03,5.558936
152,blocks.1.ln2.bias,1.36183528e-02,3.00000000e-03,5.558936
152,blocks.1.mlp.0.weight,4.08599458e-03,3.00000000e-03,5.558936
152,blocks.1.mlp.0.bias,5.86271688e-03,3.00000000e-03,5.558936
152,blocks.1.mlp.2.weight,1.06446728e-02,3.00000000e-03,5.558936
152,blocks.1.mlp.2.bias,8.95776111e-03,3.00000000e-03,5.558936
152,ln_f.weight,1.38526418e-03,3.00000000e-03,5.558936
152,ln_f.bias,1.44043113e-02,3.00000000e-03,5.558936
152,lm_head.weight,9.11013103e-03,3.00000000e-03,5.558936
153,token_emb.weight,5.12657156e-04,3.00000000e-03,5.585697
153,pos_emb.weight,5.14234192e-04,3.00000000e-03,5.585697
153,blocks.0.ln1.weight,4.68848425e-04,3.00000000e-03,5.585697
153,blocks.0.ln1.bias,5.90361317e-03,3.00000000e-03,5.585697
153,blocks.0.attn.in_proj_weight,5.32448966e-03,3.00000000e-03,5.585697
153,blocks.0.attn.in_proj_bias,9.34711415e-03,3.00000000e-03,5.585697
153,blocks.0.attn.out_proj.weight,8.04999644e-03,3.00000000e-03,5.585697
153,blocks.0.attn.out_proj.bias,1.14296231e-02,3.00000000e-03,5.585697
153,blocks.0.ln2.weight,6.41155727e-04,3.00000000e-03,5.585697
153,blocks.0.ln2.bias,1.10349565e-02,3.00000000e-03,5.585697
153,blocks.0.mlp.0.weight,5.24175985e-03,3.00000000e-03,5.585697
153,blocks.0.mlp.0.bias,5.09600001e-03,3.00000000e-03,5.585697
153,blocks.0.mlp.2.weight,1.06203786e-02,3.00000000e-03,5.585697
153,blocks.0.mlp.2.bias,8.68448619e-03,3.00000000e-03,5.585697
153,blocks.1.ln1.weight,5.82656348e-04,3.00000000e-03,5.585697
153,blocks.1.ln1.bias,1.23415077e-02,3.00000000e-03,5.585697
153,blocks.1.attn.in_proj_weight,4.03537977e-03,3.00000000e-03,5.585697
153,blocks.1.attn.in_proj_bias,1.05283801e-02,3.00000000e-03,5.585697
153,blocks.1.attn.out_proj.weight,8.17841699e-03,3.00000000e-03,5.585697
153,blocks.1.attn.out_proj.bias,1.41274009e-02,3.00000000e-03,5.585697
153,blocks.1.ln2.weight,4.03525313e-04,3.00000000e-03,5.585697
153,blocks.1.ln2.bias,1.39716179e-02,3.00000000e-03,5.585697
153,blocks.1.mlp.0.weight,4.17605049e-03,3.00000000e-03,5.585697
153,blocks.1.mlp.0.bias,6.01264000e-03,3.00000000e-03,5.585697
153,blocks.1.mlp.2.weight,1.09940929e-02,3.00000000e-03,5.585697
153,blocks.1.mlp.2.bias,9.32395502e-03,3.00000000e-03,5.585697
153,ln_f.weight,1.41162432e-03,3.00000000e-03,5.585697
153,ln_f.bias,1.44541462e-02,3.00000000e-03,5.585697
153,lm_head.weight,9.11707794e-03,3.00000000e-03,5.585697
154,token_emb.weight,5.17848604e-04,3.00000000e-03,5.560840
154,pos_emb.weight,5.15565895e-04,3.00000000e-03,5.560840
154,blocks.0.ln1.weight,5.01970293e-04,3.00000000e-03,5.560840
154,blocks.0.ln1.bias,6.03829211e-03,3.00000000e-03,5.560840
154,blocks.0.attn.in_proj_weight,5.39966509e-03,3.00000000e-03,5.560840
154,blocks.0.attn.in_proj_bias,8.99023260e-03,3.00000000e-03,5.560840
154,blocks.0.attn.out_proj.weight,7.74690260e-03,3.00000000e-03,5.560840
154,blocks.0.attn.out_proj.bias,1.07949227e-02,3.00000000e-03,5.560840
154,blocks.0.ln2.weight,5.74918621e-04,3.00000000e-03,5.560840
154,blocks.0.ln2.bias,9.41692580e-03,3.00000000e-03,5.560840
154,blocks.0.mlp.0.weight,5.04440210e-03,3.00000000e-03,5.560840
154,blocks.0.mlp.0.bias,4.70464282e-03,3.00000000e-03,5.560840
154,blocks.0.mlp.2.weight,1.02268347e-02,3.00000000e-03,5.560840
154,blocks.0.mlp.2.bias,8.17382666e-03,3.00000000e-03,5.560840
154,blocks.1.ln1.weight,5.41950694e-04,3.00000000e-03,5.560840
154,blocks.1.ln1.bias,1.13535289e-02,3.00000000e-03,5.560840
154,blocks.1.attn.in_proj_weight,3.88279206e-03,3.00000000e-03,5.560840
154,blocks.1.attn.in_proj_bias,1.02048426e-02,3.00000000e-03,5.560840
154,blocks.1.attn.out_proj.weight,7.81654811e-03,3.00000000e-03,5.560840
154,blocks.1.attn.out_proj.bias,1.34174375e-02,3.00000000e-03,5.560840
154,blocks.1.ln2.weight,3.85844031e-04,3.00000000e-03,5.560840
154,blocks.1.ln2.bias,1.28692681e-02,3.00000000e-03,5.560840
154,blocks.1.mlp.0.weight,4.08774280e-03,3.00000000e-03,5.560840
154,blocks.1.mlp.0.bias,5.88177760e-03,3.00000000e-03,5.560840
154,blocks.1.mlp.2.weight,1.05041812e-02,3.00000000e-03,5.560840
154,blocks.1.mlp.2.bias,8.87076950e-03,3.00000000e-03,5.560840
154,ln_f.weight,1.40426866e-03,3.00000000e-03,5.560840
154,ln_f.bias,1.37346450e-02,3.00000000e-03,5.560840
154,lm_head.weight,8.94254373e-03,3.00000000e-03,5.560840
155,token_emb.weight,5.22441624e-04,3.00000000e-03,5.565759
155,pos_emb.weight,5.20881666e-04,3.00000000e-03,5.565759
155,blocks.0.ln1.weight,5.26559725e-04,3.00000000e-03,5.565759
155,blocks.0.ln1.bias,6.30111833e-03,3.00000000e-03,5.565759
155,blocks.0.attn.in_proj_weight,5.44295581e-03,3.00000000e-03,5.565759
155,blocks.0.attn.in_proj_bias,8.71516575e-03,3.00000000e-03,5.565759
155,blocks.0.attn.out_proj.weight,7.52576578e-03,3.00000000e-03,5.565759
155,blocks.0.attn.out_proj.bias,1.06064937e-02,3.00000000e-03,5.565759
155,blocks.0.ln2.weight,5.87765445e-04,3.00000000e-03,5.565759
155,blocks.0.ln2.bias,8.59869457e-03,3.00000000e-03,5.565759
155,blocks.0.mlp.0.weight,5.06297785e-03,3.00000000e-03,5.565759
155,blocks.0.mlp.0.bias,4.59421621e-03,3.00000000e-03,5.565759
155,blocks.0.mlp.2.weight,1.01276536e-02,3.00000000e-03,5.565759
155,blocks.0.mlp.2.bias,8.10758711e-03,3.00000000e-03,5.565759
155,blocks.1.ln1.weight,5.39782069e-04,3.00000000e-03,5.565759
155,blocks.1.ln1.bias,1.10785668e-02,3.00000000e-03,5.565759
155,blocks.1.attn.in_proj_weight,3.92263056e-03,3.00000000e-03,5.565759
155,blocks.1.attn.in_proj_bias,1.03288519e-02,3.00000000e-03,5.565759
155,blocks.1.attn.out_proj.weight,7.57301113e-03,3.00000000e-03,5.565759
155,blocks.1.attn.out_proj.bias,1.31955533e-02,3.00000000e-03,5.565759
155,blocks.1.ln2.weight,3.95883261e-04,3.00000000e-03,5.565759
155,blocks.1.ln2.bias,1.18642243e-02,3.00000000e-03,5.565759
155,blocks.1.mlp.0.weight,3.85095587e-03,3.00000000e-03,5.565759
155,blocks.1.mlp.0.bias,5.49292980e-03,3.00000000e-03,5.565759
155,blocks.1.mlp.2.weight,1.02314886e-02,3.00000000e-03,5.565759
155,blocks.1.mlp.2.bias,8.71822231e-03,3.00000000e-03,5.565759
155,ln_f.weight,1.39800141e-03,3.00000000e-03,5.565759
155,ln_f.bias,1.32834790e-02,3.00000000e-03,5.565759
155,lm_head.weight,8.54096094e-03,3.00000000e-03,5.565759
156,token_emb.weight,5.23848717e-04,3.00000000e-03,5.567766
156,pos_emb.weight,5.22864205e-04,3.00000000e-03,5.567766
156,blocks.0.ln1.weight,5.33172856e-04,3.00000000e-03,5.567766
156,blocks.0.ln1.bias,6.03399868e-03,3.00000000e-03,5.567766
156,blocks.0.attn.in_proj_weight,5.47364205e-03,3.00000000e-03,5.567766
156,blocks.0.attn.in_proj_bias,9.21046659e-03,3.00000000e-03,5.567766
156,blocks.0.attn.out_proj.weight,7.62121116e-03,3.00000000e-03,5.567766
156,blocks.0.attn.out_proj.bias,1.08822711e-02,3.00000000e-03,5.567766
156,blocks.0.ln2.weight,5.90353982e-04,3.00000000e-03,5.567766
156,blocks.0.ln2.bias,8.95539818e-03,3.00000000e-03,5.567766
156,blocks.0.mlp.0.weight,5.09418319e-03,3.00000000e-03,5.567766
156,blocks.0.mlp.0.bias,4.66319117e-03,3.00000000e-03,5.567766
156,blocks.0.mlp.2.weight,1.02643286e-02,3.00000000e-03,5.567766
156,blocks.0.mlp.2.bias,8.31836988e-03,3.00000000e-03,5.567766
156,blocks.1.ln1.weight,5.51981165e-04,3.00000000e-03,5.567766
156,blocks.1.ln1.bias,1.10020290e-02,3.00000000e-03,5.567766
156,blocks.1.attn.in_proj_weight,3.87093804e-03,3.00000000e-03,5.567766
156,blocks.1.attn.in_proj_bias,1.02844314e-02,3.00000000e-03,5.567766
156,blocks.1.attn.out_proj.weight,7.60644841e-03,3.00000000e-03,5.567766
156,blocks.1.attn.out_proj.bias,1.34675607e-02,3.00000000e-03,5.567766
156,blocks.1.ln2.weight,3.72493861e-04,3.00000000e-03,5.567766
156,blocks.1.ln2.bias,1.23345005e-02,3.00000000e-03,5.567766
156,blocks.1.mlp.0.weight,4.01515606e-03,3.00000000e-03,5.567766
156,blocks.1.mlp.0.bias,5.78588041e-03,3.00000000e-03,5.567766
156,blocks.1.mlp.2.weight,1.03259912e-02,3.00000000e-03,5.567766
156,blocks.1.mlp.2.bias,8.94693241e-03,3.00000000e-03,5.567766
156,ln_f.weight,1.39259580e-03,3.00000000e-03,5.567766
156,ln_f.bias,1.33430102e-02,3.00000000e-03,5.567766
156,lm_head.weight,8.78937065e-03,3.00000000e-03,5.567766
157,token_emb.weight,5.27939397e-04,3.00000000e-03,5.555366
157,pos_emb.weight,5.27971885e-04,3.00000000e-03,5.555366
157,blocks.0.ln1.weight,5.61215250e-04,3.00000000e-03,5.555366
157,blocks.0.ln1.bias,6.06089027e-03,3.00000000e-03,5.555366
157,blocks.0.attn.in_proj_weight,5.46180018e-03,3.00000000e-03,5.555366
157,blocks.0.attn.in_proj_bias,8.86079874e-03,3.00000000e-03,5.555366
157,blocks.0.attn.out_proj.weight,7.17129948e-03,3.00000000e-03,5.555366
157,blocks.0.attn.out_proj.bias,1.02351621e-02,3.00000000e-03,5.555366
157,blocks.0.ln2.weight,5.76642611e-04,3.00000000e-03,5.555366
157,blocks.0.ln2.bias,8.53077121e-03,3.00000000e-03,5.555366
157,blocks.0.mlp.0.weight,5.13259095e-03,3.00000000e-03,5.555366
157,blocks.0.mlp.0.bias,4.71106729e-03,3.00000000e-03,5.555366
157,blocks.0.mlp.2.weight,9.90504656e-03,3.00000000e-03,5.555366
157,blocks.0.mlp.2.bias,7.83321619e-03,3.00000000e-03,5.555366
157,blocks.1.ln1.weight,5.28938062e-04,3.00000000e-03,5.555366
157,blocks.1.ln1.bias,9.87151240e-03,3.00000000e-03,5.555366
157,blocks.1.attn.in_proj_weight,3.36503433e-03,3.00000000e-03,5.555366
157,blocks.1.attn.in_proj_bias,8.85125821e-03,3.00000000e-03,5.555366
157,blocks.1.attn.out_proj.weight,7.17723309e-03,3.00000000e-03,5.555366
157,blocks.1.attn.out_proj.bias,1.27313190e-02,3.00000000e-03,5.555366
157,blocks.1.ln2.weight,3.59027515e-04,3.00000000e-03,5.555366
157,blocks.1.ln2.bias,1.18422213e-02,3.00000000e-03,5.555366
157,blocks.1.mlp.0.weight,3.68338444e-03,3.00000000e-03,5.555366
157,blocks.1.mlp.0.bias,5.28695468e-03,3.00000000e-03,5.555366
157,blocks.1.mlp.2.weight,9.73090800e-03,3.00000000e-03,5.555366
157,blocks.1.mlp.2.bias,8.41248550e-03,3.00000000e-03,5.555366
157,ln_f.weight,1.35926343e-03,3.00000000e-03,5.555366
157,ln_f.bias,1.23171902e-02,3.00000000e-03,5.555366
157,lm_head.weight,8.93489560e-03,3.00000000e-03,5.555366
158,token_emb.weight,5.34988450e-04,3.00000000e-03,5.569955
158,pos_emb.weight,5.33753500e-04,3.00000000e-03,5.569955
158,blocks.0.ln1.weight,5.95283531e-04,3.00000000e-03,5.569955
158,blocks.0.ln1.bias,7.42819338e-03,3.00000000e-03,5.569955
158,blocks.0.attn.in_proj_weight,5.80802474e-03,3.00000000e-03,5.569955
158,blocks.0.attn.in_proj_bias,1.04019400e-02,3.00000000e-03,5.569955
158,blocks.0.attn.out_proj.weight,7.92664277e-03,3.00000000e-03,5.569955
158,blocks.0.attn.out_proj.bias,1.15515574e-02,3.00000000e-03,5.569955
158,blocks.0.ln2.weight,5.70496824e-04,3.00000000e-03,5.569955
158,blocks.0.ln2.bias,8.56800415e-03,3.00000000e-03,5.569955
158,blocks.0.mlp.0.weight,5.26898182e-03,3.00000000e-03,5.569955
158,blocks.0.mlp.0.bias,4.91196331e-03,3.00000000e-03,5.569955
158,blocks.0.mlp.2.weight,1.07564057e-02,3.00000000e-03,5.569955
158,blocks.0.mlp.2.bias,8.84056756e-03,3.00000000e-03,5.569955
158,blocks.1.ln1.weight,5.66021066e-04,3.00000000e-03,5.569955
158,blocks.1.ln1.bias,1.07979430e-02,3.00000000e-03,5.569955
158,blocks.1.attn.in_proj_weight,3.66122780e-03,3.00000000e-03,5.569955
158,blocks.1.attn.in_proj_bias,9.79163028e-03,3.00000000e-03,5.569955
158,blocks.1.attn.out_proj.weight,7.93255411e-03,3.00000000e-03,5.569955
158,blocks.1.attn.out_proj.bias,1.43304186e-02,3.00000000e-03,5.569955
158,blocks.1.ln2.weight,3.41913783e-04,3.00000000e-03,5.569955
158,blocks.1.ln2.bias,1.14561981e-02,3.00000000e-03,5.569955
158,blocks.1.mlp.0.weight,3.85878746e-03,3.00000000e-03,5.569955
158,blocks.1.mlp.0.bias,5.60313895e-03,3.00000000e-03,5.569955
158,blocks.1.mlp.2.weight,1.07468940e-02,3.00000000e-03,5.569955
158,blocks.1.mlp.2.bias,9.48059324e-03,3.00000000e-03,5.569955
158,ln_f.weight,1.39227074e-03,3.00000000e-03,5.569955
158,ln_f.bias,1.30787221e-02,3.00000000e-03,5.569955
158,lm_head.weight,8.80606333e-03,3.00000000e-03,5.569955
159,token_emb.weight,5.35163471e-04,3.00000000e-03,5.563471
159,pos_emb.weight,5.31841703e-04,3.00000000e-03,5.563471
159,blocks.0.ln1.weight,5.47705635e-04,3.00000000e-03,5.563471
159,blocks.0.ln1.bias,6.13650815e-03,3.00000000e-03,5.563471
159,blocks.0.attn.in_proj_weight,5.69911284e-03,3.00000000e-03,5.563471
159,blocks.0.attn.in_proj_bias,9.30368893e-03,3.00000000e-03,5.563471
159,blocks.0.attn.out_proj.weight,7.62386752e-03,3.00000000e-03,5.563471
159,blocks.0.attn.out_proj.bias,1.11856525e-02,3.00000000e-03,5.563471
159,blocks.0.ln2.weight,5.51546124e-04,3.00000000e-03,5.563471
159,blocks.0.ln2.bias,8.07986819e-03,3.00000000e-03,5.563471
159,blocks.0.mlp.0.weight,5.21894568e-03,3.00000000e-03,5.563471
159,blocks.0.mlp.0.bias,4.78211100e-03,3.00000000e-03,5.563471
159,blocks.0.mlp.2.weight,1.03067264e-02,3.00000000e-03,5.563471
159,blocks.0.mlp.2.bias,8.42503130e-03,3.00000000e-03,5.563471
159,blocks.1.ln1.weight,5.49724405e-04,3.00000000e-03,5.563471
159,blocks.1.ln1.bias,1.05554140e-02,3.00000000e-03,5.563471
159,blocks.1.attn.in_proj_weight,3.54292425e-03,3.00000000e-03,5.563471
159,blocks.1.attn.in_proj_bias,9.45992462e-03,3.00000000e-03,5.563471
159,blocks.1.attn.out_proj.weight,7.46667204e-03,3.00000000e-03,5.563471
159,blocks.1.attn.out_proj.bias,1.35342616e-02,3.00000000e-03,5.563471
159,blocks.1.ln2.weight,3.48177833e-04,3.00000000e-03,5.563471
159,blocks.1.ln2.bias,1.02185244e-02,3.00000000e-03,5.563471
159,blocks.1.mlp.0.weight,3.68868475e-03,3.00000000e-03,5.563471
159,blocks.1.mlp.0.bias,5.32389773e-03,3.00000000e-03,5.563471
159,blocks.1.mlp.2.weight,1.00563860e-02,3.00000000e-03,5.563471
159,blocks.1.mlp.2.bias,8.94917341e-03,3.00000000e-03,5.563471
159,ln_f.weight,1.36420393e-03,3.00000000e-03,5.563471
159,ln_f.bias,1.23439887e-02,3.00000000e-03,5.563471
159,lm_head.weight,8.85656148e-03,3.00000000e-03,5.563471
160,token_emb.weight,5.37202104e-04,3.00000000e-03,5.567310
160,pos_emb.weight,5.34232984e-04,3.00000000e-03,5.567310
160,blocks.0.ln1.weight,6.01968135e-04,3.00000000e-03,5.567310
160,blocks.0.ln1.bias,5.83991543e-03,3.00000000e-03,5.567310
160,blocks.0.attn.in_proj_weight,5.67232331e-03,3.00000000e-03,5.567310
160,blocks.0.attn.in_proj_bias,8.81775686e-03,3.00000000e-03,5.567310
160,blocks.0.attn.out_proj.weight,7.52718029e-03,3.00000000e-03,5.567310
160,blocks.0.attn.out_proj.bias,1.12199051e-02,3.00000000e-03,5.567310
160,blocks.0.ln2.weight,5.72879701e-04,3.00000000e-03,5.567310
160,blocks.0.ln2.bias,9.70087285e-03,3.00000000e-03,5.567310
160,blocks.0.mlp.0.weight,5.34604123e-03,3.00000000e-03,5.567310
160,blocks.0.mlp.0.bias,5.08182736e-03,3.00000000e-03,5.567310
160,blocks.0.mlp.2.weight,1.02920243e-02,3.00000000e-03,5.567310
160,blocks.0.mlp.2.bias,8.56119742e-03,3.00000000e-03,5.567310
160,blocks.1.ln1.weight,4.97797115e-04,3.00000000e-03,5.567310
160,blocks.1.ln1.bias,9.79698345e-03,3.00000000e-03,5.567310
160,blocks.1.attn.in_proj_weight,3.40594837e-03,3.00000000e-03,5.567310
160,blocks.1.attn.in_proj_bias,9.15693628e-03,3.00000000e-03,5.567310
160,blocks.1.attn.out_proj.weight,7.41343111e-03,3.00000000e-03,5.567310
160,blocks.1.attn.out_proj.bias,1.36924595e-02,3.00000000e-03,5.567310
160,blocks.1.ln2.weight,3.55768312e-04,3.00000000e-03,5.567310
160,blocks.1.ln2.bias,1.04069948e-02,3.00000000e-03,5.567310
160,blocks.1.mlp.0.weight,3.82050624e-03,3.00000000e-03,5.567310
160,blocks.1.mlp.0.bias,5.56948027e-03,3.00000000e-03,5.567310
160,blocks.1.mlp.2.weight,1.00890109e-02,3.00000000e-03,5.567310
160,blocks.1.mlp.2.bias,9.11679912e-03,3.00000000e-03,5.567310
160,ln_f.weight,1.34712357e-03,3.00000000e-03,5.567310
160,ln_f.bias,1.22864173e-02,3.00000000e-03,5.567310
160,lm_head.weight,8.68093150e-03,3.00000000e-03,5.567310
161,token_emb.weight,5.41706041e-04,3.00000000e-03,5.554713
161,pos_emb.weight,5.38021324e-04,3.00000000e-03,5.554713
161,blocks.0.ln1.weight,6.38749226e-04,3.00000000e-03,5.554713
161,blocks.0.ln1.bias,6.14951374e-03,3.00000000e-03,5.554713
161,blocks.0.attn.in_proj_weight,5.79491037e-03,3.00000000e-03,5.554713
161,blocks.0.attn.in_proj_bias,9.09736182e-03,3.00000000e-03,5.554713
161,blocks.0.attn.out_proj.weight,7.80288831e-03,3.00000000e-03,5.554713
161,blocks.0.attn.out_proj.bias,1.15961675e-02,3.00000000e-03,5.554713
161,blocks.0.ln2.weight,6.19715964e-04,3.00000000e-03,5.554713
161,blocks.0.ln2.bias,1.05975401e-02,3.00000000e-03,5.554713
161,blocks.0.mlp.0.weight,5.54580525e-03,3.00000000e-03,5.554713
161,blocks.0.mlp.0.bias,5.42162395e-03,3.00000000e-03,5.554713
161,blocks.0.mlp.2.weight,1.06920111e-02,3.00000000e-03,5.554713
161,blocks.0.mlp.2.bias,8.99526452e-03,3.00000000e-03,5.554713
161,blocks.1.ln1.weight,4.87229556e-04,3.00000000e-03,5.554713
161,blocks.1.ln1.bias,9.37027876e-03,3.00000000e-03,5.554713
161,blocks.1.attn.in_proj_weight,3.46269324e-03,3.00000000e-03,5.554713
161,blocks.1.attn.in_proj_bias,9.36630955e-03,3.00000000e-03,5.554713
161,blocks.1.attn.out_proj.weight,7.64606707e-03,3.00000000e-03,5.554713
161,blocks.1.attn.out_proj.bias,1.42980102e-02,3.00000000e-03,5.554713
161,blocks.1.ln2.weight,3.45622860e-04,3.00000000e-03,5.554713
161,blocks.1.ln2.bias,1.12429839e-02,3.00000000e-03,5.554713
161,blocks.1.mlp.0.weight,4.10378323e-03,3.00000000e-03,5.554713
161,blocks.1.mlp.0.bias,6.06456770e-03,3.00000000e-03,5.554713
161,blocks.1.mlp.2.weight,1.04557099e-02,3.00000000e-03,5.554713
161,blocks.1.mlp.2.bias,9.58879720e-03,3.00000000e-03,5.554713
161,ln_f.weight,1.33104628e-03,3.00000000e-03,5.554713
161,ln_f.bias,1.24370730e-02,3.00000000e-03,5.554713
161,lm_head.weight,8.64079105e-03,3.00000000e-03,5.554713
162,token_emb.weight,5.47165293e-04,3.00000000e-03,5.551414
162,pos_emb.weight,5.41497926e-04,3.00000000e-03,5.551414
162,blocks.0.ln1.weight,6.18898321e-04,3.00000000e-03,5.551414
162,blocks.0.ln1.bias,6.77411630e-03,3.00000000e-03,5.551414
162,blocks.0.attn.in_proj_weight,5.77815776e-03,3.00000000e-03,5.551414
162,blocks.0.attn.in_proj_bias,9.06271186e-03,3.00000000e-03,5.551414
162,blocks.0.attn.out_proj.weight,8.00153462e-03,3.00000000e-03,5.551414
162,blocks.0.attn.out_proj.bias,1.19392577e-02,3.00000000e-03,5.551414
162,blocks.0.ln2.weight,6.19655542e-04,3.00000000e-03,5.551414
162,blocks.0.ln2.bias,1.13719758e-02,3.00000000e-03,5.551414
162,blocks.0.mlp.0.weight,5.68157852e-03,3.00000000e-03,5.551414
162,blocks.0.mlp.0.bias,5.67618262e-03,3.00000000e-03,5.551414
162,blocks.0.mlp.2.weight,1.07982711e-02,3.00000000e-03,5.551414
162,blocks.0.mlp.2.bias,9.21284578e-03,3.00000000e-03,5.551414
162,blocks.1.ln1.weight,4.96595977e-04,3.00000000e-03,5.551414
162,blocks.1.ln1.bias,9.74988769e-03,3.00000000e-03,5.551414
162,blocks.1.attn.in_proj_weight,3.52182798e-03,3.00000000e-03,5.551414
162,blocks.1.attn.in_proj_bias,9.65235617e-03,3.00000000e-03,5.551414
162,blocks.1.attn.out_proj.weight,7.77166853e-03,3.00000000e-03,5.551414
162,blocks.1.attn.out_proj.bias,1.45598613e-02,3.00000000e-03,5.551414
162,blocks.1.ln2.weight,3.68205310e-04,3.00000000e-03,5.551414
162,blocks.1.ln2.bias,1.24729020e-02,3.00000000e-03,5.551414
162,blocks.1.mlp.0.weight,4.11362865e-03,3.00000000e-03,5.551414
162,blocks.1.mlp.0.bias,6.06167448e-03,3.00000000e-03,5.551414
162,blocks.1.mlp.2.weight,1.06303381e-02,3.00000000e-03,5.551414
162,blocks.1.mlp.2.bias,9.75289188e-03,3.00000000e-03,5.551414
162,ln_f.weight,1.32683253e-03,3.00000000e-03,5.551414
162,ln_f.bias,1.23718843e-02,3.00000000e-03,5.551414
162,lm_head.weight,8.88952866e-03,3.00000000e-03,5.551414
163,token_emb.weight,5.52849836e-04,3.00000000e-03,5.564919
163,pos_emb.weight,5.47324590e-04,3.00000000e-03,5.564919
163,blocks.0.ln1.weight,6.60205830e-04,3.00000000e-03,5.564919
163,blocks.0.ln1.bias,7.96129631e-03,3.00000000e-03,5.564919
163,blocks.0.attn.in_proj_weight,5.75755005e-03,3.00000000e-03,5.564919
163,blocks.0.attn.in_proj_bias,9.32232069e-03,3.00000000e-03,5.564919
163,blocks.0.attn.out_proj.weight,8.11667387e-03,3.00000000e-03,5.564919
163,blocks.0.attn.out_proj.bias,1.19931437e-02,3.00000000e-03,5.564919
163,blocks.0.ln2.weight,5.64836257e-04,3.00000000e-03,5.564919
163,blocks.0.ln2.bias,1.13976465e-02,3.00000000e-03,5.564919
163,blocks.0.mlp.0.weight,5.75622186e-03,3.00000000e-03,5.564919
163,blocks.0.mlp.0.bias,5.82874228e-03,3.00000000e-03,5.564919
163,blocks.0.mlp.2.weight,1.08383727e-02,3.00000000e-03,5.564919
163,blocks.0.mlp.2.bias,9.28902815e-03,3.00000000e-03,5.564919
163,blocks.1.ln1.weight,4.97842351e-04,3.00000000e-03,5.564919
163,blocks.1.ln1.bias,9.96275791e-03,3.00000000e-03,5.564919
163,blocks.1.attn.in_proj_weight,3.63447751e-03,3.00000000e-03,5.564919
163,blocks.1.attn.in_proj_bias,1.00875850e-02,3.00000000e-03,5.564919
163,blocks.1.attn.out_proj.weight,7.80652747e-03,3.00000000e-03,5.564919
163,blocks.1.attn.out_proj.bias,1.47404623e-02,3.00000000e-03,5.564919
163,blocks.1.ln2.weight,3.87647690e-04,3.00000000e-03,5.564919
163,blocks.1.ln2.bias,1.18307414e-02,3.00000000e-03,5.564919
163,blocks.1.mlp.0.weight,4.17913889e-03,3.00000000e-03,5.564919
163,blocks.1.mlp.0.bias,6.18063580e-03,3.00000000e-03,5.564919
163,blocks.1.mlp.2.weight,1.07238678e-02,3.00000000e-03,5.564919
163,blocks.1.mlp.2.bias,9.90381211e-03,3.00000000e-03,5.564919
163,ln_f.weight,1.34015219e-03,3.00000000e-03,5.564919
163,ln_f.bias,1.22320938e-02,3.00000000e-03,5.564919
163,lm_head.weight,9.00786609e-03,3.00000000e-03,5.564919
164,token_emb.weight,5.58339512e-04,3.00000000e-03,5.556550
164,pos_emb.weight,5.55532369e-04,3.00000000e-03,5.556550
164,blocks.0.ln1.weight,7.24811546e-04,3.00000000e-03,5.556550
164,blocks.0.ln1.bias,1.05656662e-02,3.00000000e-03,5.556550
164,blocks.0.attn.in_proj_weight,5.81009746e-03,3.00000000e-03,5.556550
164,blocks.0.attn.in_proj_bias,1.09486466e-02,3.00000000e-03,5.556550
164,blocks.0.attn.out_proj.weight,7.84815533e-03,3.00000000e-03,5.556550
164,blocks.0.attn.out_proj.bias,1.15400284e-02,3.00000000e-03,5.556550
164,blocks.0.ln2.weight,5.85353616e-04,3.00000000e-03,5.556550
164,blocks.0.ln2.bias,1.09163243e-02,3.00000000e-03,5.556550
164,blocks.0.mlp.0.weight,5.69009392e-03,3.00000000e-03,5.556550
164,blocks.0.mlp.0.bias,5.71436555e-03,3.00000000e-03,5.556550
164,blocks.0.mlp.2.weight,1.05652399e-02,3.00000000e-03,5.556550
164,blocks.0.mlp.2.bias,8.99591120e-03,3.00000000e-03,5.556550
164,blocks.1.ln1.weight,4.72331111e-04,3.00000000e-03,5.556550
164,blocks.1.ln1.bias,8.96056723e-03,3.00000000e-03,5.556550
164,blocks.1.attn.in_proj_weight,3.43794264e-03,3.00000000e-03,5.556550
164,blocks.1.attn.in_proj_bias,9.49848181e-03,3.00000000e-03,5.556550
164,blocks.1.attn.out_proj.weight,7.54678428e-03,3.00000000e-03,5.556550
164,blocks.1.attn.out_proj.bias,1.42015932e-02,3.00000000e-03,5.556550
164,blocks.1.ln2.weight,4.29599504e-04,3.00000000e-03,5.556550
164,blocks.1.ln2.bias,1.13315643e-02,3.00000000e-03,5.556550
164,blocks.1.mlp.0.weight,4.17283024e-03,3.00000000e-03,5.556550
164,blocks.1.mlp.0.bias,6.16390887e-03,3.00000000e-03,5.556550
164,blocks.1.mlp.2.weight,1.04060684e-02,3.00000000e-03,5.556550
164,blocks.1.mlp.2.bias,9.57767517e-03,3.00000000e-03,5.556550
164,ln_f.weight,1.31719666e-03,3.00000000e-03,5.556550
164,ln_f.bias,1.16184558e-02,3.00000000e-03,5.556550
164,lm_head.weight,8.94488577e-03,3.00000000e-03,5.556550
165,token_emb.weight,5.60221952e-04,3.00000000e-03,5.574926
165,pos_emb.weight,5.51750813e-04,3.00000000e-03,5.574926
165,blocks.0.ln1.weight,6.62982954e-04,3.00000000e-03,5.574926
165,blocks.0.ln1.bias,8.91129486e-03,3.00000000e-03,5.574926
165,blocks.0.attn.in_proj_weight,5.78564842e-03,3.00000000e-03,5.574926
165,blocks.0.attn.in_proj_bias,9.84444175e-03,3.00000000e-03,5.574926
165,blocks.0.attn.out_proj.weight,7.95469572e-03,3.00000000e-03,5.574926
165,blocks.0.attn.out_proj.bias,1.16896332e-02,3.00000000e-03,5.574926
165,blocks.0.ln2.weight,5.89769360e-04,3.00000000e-03,5.574926
165,blocks.0.ln2.bias,9.25166004e-03,3.00000000e-03,5.574926
165,blocks.0.mlp.0.weight,5.55059606e-03,3.00000000e-03,5.574926
165,blocks.0.mlp.0.bias,5.42978333e-03,3.00000000e-03,5.574926
165,blocks.0.mlp.2.weight,1.07013031e-02,3.00000000e-03,5.574926
165,blocks.0.mlp.2.bias,9.16697258e-03,3.00000000e-03,5.574926
165,blocks.1.ln1.weight,5.15409878e-04,3.00000000e-03,5.574926
165,blocks.1.ln1.bias,9.69015841e-03,3.00000000e-03,5.574926
165,blocks.1.attn.in_proj_weight,3.52019660e-03,3.00000000e-03,5.574926
165,blocks.1.attn.in_proj_bias,9.84270535e-03,3.00000000e-03,5.574926
165,blocks.1.attn.out_proj.weight,7.68392793e-03,3.00000000e-03,5.574926
165,blocks.1.attn.out_proj.bias,1.45048883e-02,3.00000000e-03,5.574926
165,blocks.1.ln2.weight,4.61321089e-04,3.00000000e-03,5.574926
165,blocks.1.ln2.bias,1.22329618e-02,3.00000000e-03,5.574926
165,blocks.1.mlp.0.weight,4.27947178e-03,3.00000000e-03,5.574926
165,blocks.1.mlp.0.bias,6.33965655e-03,3.00000000e-03,5.574926
165,blocks.1.mlp.2.weight,1.05930125e-02,3.00000000e-03,5.574926
165,blocks.1.mlp.2.bias,9.78789761e-03,3.00000000e-03,5.574926
165,ln_f.weight,1.32582839e-03,3.00000000e-03,5.574926
165,ln_f.bias,1.17775310e-02,3.00000000e-03,5.574926
165,lm_head.weight,8.84040213e-03,3.00000000e-03,5.574926
166,token_emb.weight,5.63484128e-04,3.00000000e-03,5.552098
166,pos_emb.weight,5.55867269e-04,3.00000000e-03,5.552098
166,blocks.0.ln1.weight,6.36876072e-04,3.00000000e-03,5.552098
166,blocks.0.ln1.bias,7.43968366e-03,3.00000000e-03,5.552098
166,blocks.0.attn.in_proj_weight,5.66315409e-03,3.00000000e-03,5.552098
166,blocks.0.attn.in_proj_bias,8.47238609e-03,3.00000000e-03,5.552098
166,blocks.0.attn.out_proj.weight,7.34684193e-03,3.00000000e-03,5.552098
166,blocks.0.attn.out_proj.bias,1.08588244e-02,3.00000000e-03,5.552098
166,blocks.0.ln2.weight,5.29216736e-04,3.00000000e-03,5.552098
166,blocks.0.ln2.bias,8.30138376e-03,3.00000000e-03,5.552098
166,blocks.0.mlp.0.weight,5.42220283e-03,3.00000000e-03,5.552098
166,blocks.0.mlp.0.bias,5.04737919e-03,3.00000000e-03,5.552098
166,blocks.0.mlp.2.weight,1.02383634e-02,3.00000000e-03,5.552098
166,blocks.0.mlp.2.bias,8.59946575e-03,3.00000000e-03,5.552098
166,blocks.1.ln1.weight,5.18997831e-04,3.00000000e-03,5.552098
166,blocks.1.ln1.bias,9.68599418e-03,3.00000000e-03,5.552098
166,blocks.1.attn.in_proj_weight,3.51390494e-03,3.00000000e-03,5.552098
166,blocks.1.attn.in_proj_bias,9.80297090e-03,3.00000000e-03,5.552098
166,blocks.1.attn.out_proj.weight,7.09675365e-03,3.00000000e-03,5.552098
166,blocks.1.attn.out_proj.bias,1.35016597e-02,3.00000000e-03,5.552098
166,blocks.1.ln2.weight,4.92751458e-04,3.00000000e-03,5.552098
166,blocks.1.ln2.bias,1.11337605e-02,3.00000000e-03,5.552098
166,blocks.1.mlp.0.weight,3.99103928e-03,3.00000000e-03,5.552098
166,blocks.1.mlp.0.bias,5.85659511e-03,3.00000000e-03,5.552098
166,blocks.1.mlp.2.weight,9.83814382e-03,3.00000000e-03,5.552098
166,blocks.1.mlp.2.bias,9.13473070e-03,3.00000000e-03,5.552098
166,ln_f.weight,1.29992392e-03,3.00000000e-03,5.552098
166,ln_f.bias,1.10940222e-02,3.00000000e-03,5.552098
166,lm_head.weight,8.95637738e-03,3.00000000e-03,5.552098
167,token_emb.weight,5.66354288e-04,3.00000000e-03,5.536435
167,pos_emb.weight,5.57747743e-04,3.00000000e-03,5.536435
167,blocks.0.ln1.weight,6.36472125e-04,3.00000000e-03,5.536435
167,blocks.0.ln1.bias,7.71541364e-03,3.00000000e-03,5.536435
167,blocks.0.attn.in_proj_weight,5.73826347e-03,3.00000000e-03,5.536435
167,blocks.0.attn.in_proj_bias,8.48547040e-03,3.00000000e-03,5.536435
167,blocks.0.attn.out_proj.weight,7.13146317e-03,3.00000000e-03,5.536435
167,blocks.0.attn.out_proj.bias,1.03564208e-02,3.00000000e-03,5.536435
167,blocks.0.ln2.weight,4.98488453e-04,3.00000000e-03,5.536435
167,blocks.0.ln2.bias,7.80967755e-03,3.00000000e-03,5.536435
167,blocks.0.mlp.0.weight,5.35520025e-03,3.00000000e-03,5.536435
167,blocks.0.mlp.0.bias,4.87882025e-03,3.00000000e-03,5.536435
167,blocks.0.mlp.2.weight,1.01731188e-02,3.00000000e-03,5.536435
167,blocks.0.mlp.2.bias,8.34259622e-03,3.00000000e-03,5.536435
167,blocks.1.ln1.weight,5.53019591e-04,3.00000000e-03,5.536435
167,blocks.1.ln1.bias,9.49208179e-03,3.00000000e-03,5.536435
167,blocks.1.attn.in_proj_weight,3.50345971e-03,3.00000000e-03,5.536435
167,blocks.1.attn.in_proj_bias,9.67044112e-03,3.00000000e-03,5.536435
167,blocks.1.attn.out_proj.weight,7.05854844e-03,3.00000000e-03,5.536435
167,blocks.1.attn.out_proj.bias,1.32694828e-02,3.00000000e-03,5.536435
167,blocks.1.ln2.weight,5.41761116e-04,3.00000000e-03,5.536435
167,blocks.1.ln2.bias,1.14271007e-02,3.00000000e-03,5.536435
167,blocks.1.mlp.0.weight,3.97856690e-03,3.00000000e-03,5.536435
167,blocks.1.mlp.0.bias,5.79077602e-03,3.00000000e-03,5.536435
167,blocks.1.mlp.2.weight,9.77108971e-03,3.00000000e-03,5.536435
167,blocks.1.mlp.2.bias,9.00106107e-03,3.00000000e-03,5.536435
167,ln_f.weight,1.25868107e-03,3.00000000e-03,5.536435
167,ln_f.bias,1.06531365e-02,3.00000000e-03,5.536435
167,lm_head.weight,8.93288310e-03,3.00000000e-03,5.536435
168,token_emb.weight,5.68962277e-04,3.00000000e-03,5.557137
168,pos_emb.weight,5.62648321e-04,3.00000000e-03,5.557137
168,blocks.0.ln1.weight,6.18489160e-04,3.00000000e-03,5.557137
168,blocks.0.ln1.bias,6.39060203e-03,3.00000000e-03,5.557137
168,blocks.0.attn.in_proj_weight,5.80738315e-03,3.00000000e-03,5.557137
168,blocks.0.attn.in_proj_bias,7.51056847e-03,3.00000000e-03,5.557137
168,blocks.0.attn.out_proj.weight,6.79797316e-03,3.00000000e-03,5.557137
168,blocks.0.attn.out_proj.bias,9.97164674e-03,3.00000000e-03,5.557137
168,blocks.0.ln2.weight,5.22387334e-04,3.00000000e-03,5.557137
168,blocks.0.ln2.bias,7.57937179e-03,3.00000000e-03,5.557137
168,blocks.0.mlp.0.weight,5.37950971e-03,3.00000000e-03,5.557137
168,blocks.0.mlp.0.bias,4.73797721e-03,3.00000000e-03,5.557137
168,blocks.0.mlp.2.weight,9.85123674e-03,3.00000000e-03,5.557137
168,blocks.0.mlp.2.bias,7.96418197e-03,3.00000000e-03,5.557137
168,blocks.1.ln1.weight,5.18329427e-04,3.00000000e-03,5.557137
168,blocks.1.ln1.bias,8.75109772e-03,3.00000000e-03,5.557137
168,blocks.1.attn.in_proj_weight,3.19565646e-03,3.00000000e-03,5.557137
168,blocks.1.attn.in_proj_bias,8.73401002e-03,3.00000000e-03,5.557137
168,blocks.1.attn.out_proj.weight,6.67685722e-03,3.00000000e-03,5.557137
168,blocks.1.attn.out_proj.bias,1.25220240e-02,3.00000000e-03,5.557137
168,blocks.1.ln2.weight,5.14581735e-04,3.00000000e-03,5.557137
168,blocks.1.ln2.bias,1.12963546e-02,3.00000000e-03,5.557137
168,blocks.1.mlp.0.weight,3.84744134e-03,3.00000000e-03,5.557137
168,blocks.1.mlp.0.bias,5.56172030e-03,3.00000000e-03,5.557137
168,blocks.1.mlp.2.weight,9.25308432e-03,3.00000000e-03,5.557137
168,blocks.1.mlp.2.bias,8.51063095e-03,3.00000000e-03,5.557137
168,ln_f.weight,1.22346138e-03,3.00000000e-03,5.557137
168,ln_f.bias,1.01539328e-02,3.00000000e-03,5.557137
168,lm_head.weight,8.75316891e-03,3.00000000e-03,5.557137
169,token_emb.weight,5.70288498e-04,3.00000000e-03,5.571799
169,pos_emb.weight,5.70992953e-04,3.00000000e-03,5.571799
169,blocks.0.ln1.weight,6.33768040e-04,3.00000000e-03,5.571799
169,blocks.0.ln1.bias,6.76265160e-03,3.00000000e-03,5.571799
169,blocks.0.attn.in_proj_weight,5.91591274e-03,3.00000000e-03,5.571799
169,blocks.0.attn.in_proj_bias,7.86659283e-03,3.00000000e-03,5.571799
169,blocks.0.attn.out_proj.weight,7.36871426e-03,3.00000000e-03,5.571799
169,blocks.0.attn.out_proj.bias,1.10871718e-02,3.00000000e-03,5.571799
169,blocks.0.ln2.weight,5.76784082e-04,3.00000000e-03,5.571799
169,blocks.0.ln2.bias,1.04549482e-02,3.00000000e-03,5.571799
169,blocks.0.mlp.0.weight,5.82152681e-03,3.00000000e-03,5.571799
169,blocks.0.mlp.0.bias,5.60292574e-03,3.00000000e-03,5.571799
169,blocks.0.mlp.2.weight,1.08687541e-02,3.00000000e-03,5.571799
169,blocks.0.mlp.2.bias,9.19343238e-03,3.00000000e-03,5.571799
169,blocks.1.ln1.weight,5.83009782e-04,3.00000000e-03,5.571799
169,blocks.1.ln1.bias,1.00139957e-02,3.00000000e-03,5.571799
169,blocks.1.attn.in_proj_weight,3.42316037e-03,3.00000000e-03,5.571799
169,blocks.1.attn.in_proj_bias,9.43460520e-03,3.00000000e-03,5.571799
169,blocks.1.attn.out_proj.weight,7.58736193e-03,3.00000000e-03,5.571799
169,blocks.1.attn.out_proj.bias,1.43867756e-02,3.00000000e-03,5.571799
169,blocks.1.ln2.weight,4.61398797e-04,3.00000000e-03,5.571799
169,blocks.1.ln2.bias,1.22107990e-02,3.00000000e-03,5.571799
169,blocks.1.mlp.0.weight,4.37033366e-03,3.00000000e-03,5.571799
169,blocks.1.mlp.0.bias,6.42085033e-03,3.00000000e-03,5.571799
169,blocks.1.mlp.2.weight,1.05690999e-02,3.00000000e-03,5.571799
169,blocks.1.mlp.2.bias,9.85012431e-03,3.00000000e-03,5.571799
169,ln_f.weight,1.30134327e-03,3.00000000e-03,5.571799
169,ln_f.bias,1.10034791e-02,3.00000000e-03,5.571799
169,lm_head.weight,8.79430268e-03,3.00000000e-03,5.571799
170,token_emb.weight,5.70996634e-04,3.00000000e-03,5.567273
170,pos_emb.weight,5.74244209e-04,3.00000000e-03,5.567273
170,blocks.0.ln1.weight,5.41110712e-04,3.00000000e-03,5.567273
170,blocks.0.ln1.bias,3.73221137e-03,3.00000000e-03,5.567273
170,blocks.0.attn.in_proj_weight,5.88106814e-03,3.00000000e-03,5.567273
170,blocks.0.attn.in_proj_bias,6.36935103e-03,3.00000000e-03,5.567273
170,blocks.0.attn.out_proj.weight,7.29241449e-03,3.00000000e-03,5.567273
170,blocks.0.attn.out_proj.bias,1.10177549e-02,3.00000000e-03,5.567273
170,blocks.0.ln2.weight,5.01272809e-04,3.00000000e-03,5.567273
170,blocks.0.ln2.bias,8.72110555e-03,3.00000000e-03,5.567273
170,blocks.0.mlp.0.weight,5.59919991e-03,3.00000000e-03,5.567273
170,blocks.0.mlp.0.bias,5.26341785e-03,3.00000000e-03,5.567273
170,blocks.0.mlp.2.weight,1.05680826e-02,3.00000000e-03,5.567273
170,blocks.0.mlp.2.bias,8.93389368e-03,3.00000000e-03,5.567273
170,blocks.1.ln1.weight,5.65147681e-04,3.00000000e-03,5.567273
170,blocks.1.ln1.bias,1.09189074e-02,3.00000000e-03,5.567273
170,blocks.1.attn.in_proj_weight,3.36654109e-03,3.00000000e-03,5.567273
170,blocks.1.attn.in_proj_bias,9.51202366e-03,3.00000000e-03,5.567273
170,blocks.1.attn.out_proj.weight,7.27639685e-03,3.00000000e-03,5.567273
170,blocks.1.attn.out_proj.bias,1.39016407e-02,3.00000000e-03,5.567273
170,blocks.1.ln2.weight,4.36965396e-04,3.00000000e-03,5.567273
170,blocks.1.ln2.bias,1.17401527e-02,3.00000000e-03,5.567273
170,blocks.1.mlp.0.weight,4.17045392e-03,3.00000000e-03,5.567273
170,blocks.1.mlp.0.bias,6.09172305e-03,3.00000000e-03,5.567273
170,blocks.1.mlp.2.weight,1.01827596e-02,3.00000000e-03,5.567273
170,blocks.1.mlp.2.bias,9.54792377e-03,3.00000000e-03,5.567273
170,ln_f.weight,1.29682602e-03,3.00000000e-03,5.567273
170,ln_f.bias,1.07768905e-02,3.00000000e-03,5.567273
170,lm_head.weight,8.64059458e-03,3.00000000e-03,5.567273
171,token_emb.weight,5.76755977e-04,3.00000000e-03,5.561854
171,pos_emb.weight,5.75696816e-04,3.00000000e-03,5.561854
171,blocks.0.ln1.weight,5.83926429e-04,3.00000000e-03,5.561854
171,blocks.0.ln1.bias,4.33653206e-03,3.00000000e-03,5.561854
171,blocks.0.attn.in_proj_weight,6.00798441e-03,3.00000000e-03,5.561854
171,blocks.0.attn.in_proj_bias,6.72075532e-03,3.00000000e-03,5.561854
171,blocks.0.attn.out_proj.weight,7.36794524e-03,3.00000000e-03,5.561854
171,blocks.0.attn.out_proj.bias,1.12602251e-02,3.00000000e-03,5.561854
171,blocks.0.ln2.weight,5.17877772e-04,3.00000000e-03,5.561854
171,blocks.0.ln2.bias,9.15801736e-03,3.00000000e-03,5.561854
171,blocks.0.mlp.0.weight,5.82213796e-03,3.00000000e-03,5.561854
171,blocks.0.mlp.0.bias,5.55092981e-03,3.00000000e-03,5.561854
171,blocks.0.mlp.2.weight,1.07193352e-02,3.00000000e-03,5.561854
171,blocks.0.mlp.2.bias,9.13726917e-03,3.00000000e-03,5.561854
171,blocks.1.ln1.weight,5.28950062e-04,3.00000000e-03,5.561854
171,blocks.1.ln1.bias,1.03271305e-02,3.00000000e-03,5.561854
171,blocks.1.attn.in_proj_weight,3.29442320e-03,3.00000000e-03,5.561854
171,blocks.1.attn.in_proj_bias,9.23851394e-03,3.00000000e-03,5.561854
171,blocks.1.attn.out_proj.weight,7.33240639e-03,3.00000000e-03,5.561854
171,blocks.1.attn.out_proj.bias,1.40942676e-02,3.00000000e-03,5.561854
171,blocks.1.ln2.weight,4.63075315e-04,3.00000000e-03,5.561854
171,blocks.1.ln2.bias,1.14288827e-02,3.00000000e-03,5.561854
171,blocks.1.mlp.0.weight,4.16330157e-03,3.00000000e-03,5.561854
171,blocks.1.mlp.0.bias,6.05240098e-03,3.00000000e-03,5.561854
171,blocks.1.mlp.2.weight,1.02591031e-02,3.00000000e-03,5.561854
171,blocks.1.mlp.2.bias,9.67797738e-03,3.00000000e-03,5.561854
171,ln_f.weight,1.28565617e-03,3.00000000e-03,5.561854
171,ln_f.bias,1.07585283e-02,3.00000000e-03,5.561854
171,lm_head.weight,8.82728013e-03,3.00000000e-03,5.561854
172,token_emb.weight,5.77394339e-04,3.00000000e-03,5.568157
172,pos_emb.weight,5.82299013e-04,3.00000000e-03,5.568157
172,blocks.0.ln1.weight,5.08546300e-04,3.00000000e-03,5.568157
172,blocks.0.ln1.bias,5.03143704e-03,3.00000000e-03,5.568157
172,blocks.0.attn.in_proj_weight,6.06859332e-03,3.00000000e-03,5.568157
172,blocks.0.attn.in_proj_bias,8.58891203e-03,3.00000000e-03,5.568157
172,blocks.0.attn.out_proj.weight,7.90671627e-03,3.00000000e-03,5.568157
172,blocks.0.attn.out_proj.bias,1.24016248e-02,3.00000000e-03,5.568157
172,blocks.0.ln2.weight,5.01127745e-04,3.00000000e-03,5.568157
172,blocks.0.ln2.bias,8.85454360e-03,3.00000000e-03,5.568157
172,blocks.0.mlp.0.weight,5.88383937e-03,3.00000000e-03,5.568157
172,blocks.0.mlp.0.bias,5.69193258e-03,3.00000000e-03,5.568157
172,blocks.0.mlp.2.weight,1.13454299e-02,3.00000000e-03,5.568157
172,blocks.0.mlp.2.bias,9.92592755e-03,3.00000000e-03,5.568157
172,blocks.1.ln1.weight,5.37254815e-04,3.00000000e-03,5.568157
172,blocks.1.ln1.bias,1.06638014e-02,3.00000000e-03,5.568157
172,blocks.1.attn.in_proj_weight,3.34273215e-03,3.00000000e-03,5.568157
172,blocks.1.attn.in_proj_bias,9.44316973e-03,3.00000000e-03,5.568157
172,blocks.1.attn.out_proj.weight,7.93923800e-03,3.00000000e-03,5.568157
172,blocks.1.attn.out_proj.bias,1.54213663e-02,3.00000000e-03,5.568157
172,blocks.1.ln2.weight,4.47103635e-04,3.00000000e-03,5.568157
172,blocks.1.ln2.bias,1.17686206e-02,3.00000000e-03,5.568157
172,blocks.1.mlp.0.weight,4.44056532e-03,3.00000000e-03,5.568157
172,blocks.1.mlp.0.bias,6.52363975e-03,3.00000000e-03,5.568157
172,blocks.1.mlp.2.weight,1.11039601e-02,3.00000000e-03,5.568157
172,blocks.1.mlp.2.bias,1.05624361e-02,3.00000000e-03,5.568157
172,ln_f.weight,1.30121444e-03,3.00000000e-03,5.568157
172,ln_f.bias,1.15173320e-02,3.00000000e-03,5.568157
172,lm_head.weight,8.94322506e-03,3.00000000e-03,5.568157
173,token_emb.weight,5.80649779e-04,3.00000000e-03,5.576458
173,pos_emb.weight,5.84989184e-04,3.00000000e-03,5.576458
173,blocks.0.ln1.weight,5.67710107e-04,3.00000000e-03,5.576458
173,blocks.0.ln1.bias,5.90674828e-03,3.00000000e-03,5.576458
173,blocks.0.attn.in_proj_weight,6.20270191e-03,3.00000000e-03,5.576458
173,blocks.0.attn.in_proj_bias,9.56836275e-03,3.00000000e-03,5.576458
173,blocks.0.attn.out_proj.weight,7.76780156e-03,3.00000000e-03,5.576458
173,blocks.0.attn.out_proj.bias,1.23102631e-02,3.00000000e-03,5.576458
173,blocks.0.ln2.weight,5.21763476e-04,3.00000000e-03,5.576458
173,blocks.0.ln2.bias,9.56283941e-03,3.00000000e-03,5.576458
173,blocks.0.mlp.0.weight,5.95861908e-03,3.00000000e-03,5.576458
173,blocks.0.mlp.0.bias,5.77479405e-03,3.00000000e-03,5.576458
173,blocks.0.mlp.2.weight,1.12736792e-02,3.00000000e-03,5.576458
173,blocks.0.mlp.2.bias,9.87821620e-03,3.00000000e-03,5.576458
173,blocks.1.ln1.weight,4.91989937e-04,3.00000000e-03,5.576458
173,blocks.1.ln1.bias,9.79526445e-03,3.00000000e-03,5.576458
173,blocks.1.attn.in_proj_weight,3.35115229e-03,3.00000000e-03,5.576458
173,blocks.1.attn.in_proj_bias,9.50451941e-03,3.00000000e-03,5.576458
173,blocks.1.attn.out_proj.weight,7.78444465e-03,3.00000000e-03,5.576458
173,blocks.1.attn.out_proj.bias,1.53778257e-02,3.00000000e-03,5.576458
173,blocks.1.ln2.weight,4.20103779e-04,3.00000000e-03,5.576458
173,blocks.1.ln2.bias,1.26861994e-02,3.00000000e-03,5.576458
173,blocks.1.mlp.0.weight,4.54752489e-03,3.00000000e-03,5.576458
173,blocks.1.mlp.0.bias,6.68675631e-03,3.00000000e-03,5.576458
173,blocks.1.mlp.2.weight,1.10012748e-02,3.00000000e-03,5.576458
173,blocks.1.mlp.2.bias,1.05314583e-02,3.00000000e-03,5.576458
173,ln_f.weight,1.28305437e-03,3.00000000e-03,5.576458
173,ln_f.bias,1.14785095e-02,3.00000000e-03,5.576458
173,lm_head.weight,8.96396267e-03,3.00000000e-03,5.576458
174,token_emb.weight,5.82910627e-04,3.00000000e-03,5.546926
174,pos_emb.weight,5.84837891e-04,3.00000000e-03,5.546926
174,blocks.0.ln1.weight,5.85585942e-04,3.00000000e-03,5.546926
174,blocks.0.ln1.bias,5.89174024e-03,3.00000000e-03,5.546926
174,blocks.0.attn.in_proj_weight,6.39015089e-03,3.00000000e-03,5.546926
174,blocks.0.attn.in_proj_bias,1.11678818e-02,3.00000000e-03,5.546926
174,blocks.0.attn.out_proj.weight,7.41920511e-03,3.00000000e-03,5.546926
174,blocks.0.attn.out_proj.bias,1.19042044e-02,3.00000000e-03,5.546926
174,blocks.0.ln2.weight,5.71822389e-04,3.00000000e-03,5.546926
174,blocks.0.ln2.bias,1.03925374e-02,3.00000000e-03,5.546926
174,blocks.0.mlp.0.weight,6.08457824e-03,3.00000000e-03,5.546926
174,blocks.0.mlp.0.bias,5.96333745e-03,3.00000000e-03,5.546926
174,blocks.0.mlp.2.weight,1.09490942e-02,3.00000000e-03,5.546926
174,blocks.0.mlp.2.bias,9.45112931e-03,3.00000000e-03,5.546926
174,blocks.1.ln1.weight,4.81531693e-04,3.00000000e-03,5.546926
174,blocks.1.ln1.bias,9.07079738e-03,3.00000000e-03,5.546926
174,blocks.1.attn.in_proj_weight,3.22652798e-03,3.00000000e-03,5.546926
174,blocks.1.attn.in_proj_bias,9.15275979e-03,3.00000000e-03,5.546926
174,blocks.1.attn.out_proj.weight,7.51606054e-03,3.00000000e-03,5.546926
174,blocks.1.attn.out_proj.bias,1.48404879e-02,3.00000000e-03,5.546926
174,blocks.1.ln2.weight,4.06964325e-04,3.00000000e-03,5.546926
174,blocks.1.ln2.bias,1.24029525e-02,3.00000000e-03,5.546926
174,blocks.1.mlp.0.weight,4.39634189e-03,3.00000000e-03,5.546926
174,blocks.1.mlp.0.bias,6.41812801e-03,3.00000000e-03,5.546926
174,blocks.1.mlp.2.weight,1.06273416e-02,3.00000000e-03,5.546926
174,blocks.1.mlp.2.bias,1.01331985e-02,3.00000000e-03,5.546926
174,ln_f.weight,1.24783844e-03,3.00000000e-03,5.546926
174,ln_f.bias,1.07810860e-02,3.00000000e-03,5.546926
174,lm_head.weight,9.17466640e-03,3.00000000e-03,5.546926
175,token_emb.weight,5.85374394e-04,3.00000000e-03,5.589303
175,pos_emb.weight,5.91639379e-04,3.00000000e-03,5.589303
175,blocks.0.ln1.weight,5.14719338e-04,3.00000000e-03,5.589303
175,blocks.0.ln1.bias,5.66058944e-03,3.00000000e-03,5.589303
175,blocks.0.attn.in_proj_weight,6.42664863e-03,3.00000000e-03,5.589303
175,blocks.0.attn.in_proj_bias,1.11735452e-02,3.00000000e-03,5.589303
175,blocks.0.attn.out_proj.weight,7.56818927e-03,3.00000000e-03,5.589303
175,blocks.0.attn.out_proj.bias,1.21524594e-02,3.00000000e-03,5.589303
175,blocks.0.ln2.weight,5.50422181e-04,3.00000000e-03,5.589303
175,blocks.0.ln2.bias,8.51243781e-03,3.00000000e-03,5.589303
175,blocks.0.mlp.0.weight,5.98371155e-03,3.00000000e-03,5.589303
175,blocks.0.mlp.0.bias,5.74443245e-03,3.00000000e-03,5.589303
175,blocks.0.mlp.2.weight,1.13521168e-02,3.00000000e-03,5.589303
175,blocks.0.mlp.2.bias,9.80459382e-03,3.00000000e-03,5.589303
175,blocks.1.ln1.weight,5.29545949e-04,3.00000000e-03,5.589303
175,blocks.1.ln1.bias,1.03510022e-02,3.00000000e-03,5.589303
175,blocks.1.attn.in_proj_weight,3.32948702e-03,3.00000000e-03,5.589303
175,blocks.1.attn.in_proj_bias,9.41224068e-03,3.00000000e-03,5.589303
175,blocks.1.attn.out_proj.weight,7.81373236e-03,3.00000000e-03,5.589303
175,blocks.1.attn.out_proj.bias,1.52767050e-02,3.00000000e-03,5.589303
175,blocks.1.ln2.weight,4.66250133e-04,3.00000000e-03,5.589303
175,blocks.1.ln2.bias,1.27023367e-02,3.00000000e-03,5.589303
175,blocks.1.mlp.0.weight,4.55790724e-03,3.00000000e-03,5.589303
175,blocks.1.mlp.0.bias,6.61500779e-03,3.00000000e-03,5.589303
175,blocks.1.mlp.2.weight,1.10090056e-02,3.00000000e-03,5.589303
175,blocks.1.mlp.2.bias,1.04371420e-02,3.00000000e-03,5.589303
175,ln_f.weight,1.29091438e-03,3.00000000e-03,5.589303
175,ln_f.bias,1.13531777e-02,3.00000000e-03,5.589303
175,lm_head.weight,9.34503100e-03,3.00000000e-03,5.589303
176,token_emb.weight,5.87550363e-04,3.00000000e-03,5.576739
176,pos_emb.weight,5.98204136e-04,3.00000000e-03,5.576739
176,blocks.0.ln1.weight,4.89751613e-04,3.00000000e-03,5.576739
176,blocks.0.ln1.bias,5.55999775e-03,3.00000000e-03,5.576739
176,blocks.0.attn.in_proj_weight,6.39183470e-03,3.00000000e-03,5.576739
176,blocks.0.attn.in_proj_bias,1.04424159e-02,3.00000000e-03,5.576739
176,blocks.0.attn.out_proj.weight,7.26517881e-03,3.00000000e-03,5.576739
176,blocks.0.attn.out_proj.bias,1.17122192e-02,3.00000000e-03,5.576739
176,blocks.0.ln2.weight,5.40282005e-04,3.00000000e-03,5.576739
176,blocks.0.ln2.bias,7.67351133e-03,3.00000000e-03,5.576739
176,blocks.0.mlp.0.weight,5.89535717e-03,3.00000000e-03,5.576739
176,blocks.0.mlp.0.bias,5.41687744e-03,3.00000000e-03,5.576739
176,blocks.0.mlp.2.weight,1.11537859e-02,3.00000000e-03,5.576739
176,blocks.0.mlp.2.bias,9.56543020e-03,3.00000000e-03,5.576739
176,blocks.1.ln1.weight,5.61628892e-04,3.00000000e-03,5.576739
176,blocks.1.ln1.bias,1.15941745e-02,3.00000000e-03,5.576739
176,blocks.1.attn.in_proj_weight,3.41674539e-03,3.00000000e-03,5.576739
176,blocks.1.attn.in_proj_bias,9.69716529e-03,3.00000000e-03,5.576739
176,blocks.1.attn.out_proj.weight,7.55380575e-03,3.00000000e-03,5.576739
176,blocks.1.attn.out_proj.bias,1.49006333e-02,3.00000000e-03,5.576739
176,blocks.1.ln2.weight,5.52981126e-04,3.00000000e-03,5.576739
176,blocks.1.ln2.bias,1.44256820e-02,3.00000000e-03,5.576739
176,blocks.1.mlp.0.weight,4.71830869e-03,3.00000000e-03,5.576739
176,blocks.1.mlp.0.bias,6.86510617e-03,3.00000000e-03,5.576739
176,blocks.1.mlp.2.weight,1.06930466e-02,3.00000000e-03,5.576739
176,blocks.1.mlp.2.bias,1.01557043e-02,3.00000000e-03,5.576739
176,ln_f.weight,1.29133158e-03,3.00000000e-03,5.576739
176,ln_f.bias,1.12485994e-02,3.00000000e-03,5.576739
176,lm_head.weight,9.03435235e-03,3.00000000e-03,5.576739
177,token_emb.weight,5.91096117e-04,3.00000000e-03,5.572188
177,pos_emb.weight,5.99158951e-04,3.00000000e-03,5.572188
177,blocks.0.ln1.weight,5.22855403e-04,3.00000000e-03,5.572188
177,blocks.0.ln1.bias,6.38791884e-03,3.00000000e-03,5.572188
177,blocks.0.attn.in_proj_weight,6.51112462e-03,3.00000000e-03,5.572188
177,blocks.0.attn.in_proj_bias,1.13455191e-02,3.00000000e-03,5.572188
177,blocks.0.attn.out_proj.weight,7.66550979e-03,3.00000000e-03,5.572188
177,blocks.0.attn.out_proj.bias,1.24221696e-02,3.00000000e-03,5.572188
177,blocks.0.ln2.weight,5.76521140e-04,3.00000000e-03,5.572188
177,blocks.0.ln2.bias,8.95849264e-03,3.00000000e-03,5.572188
177,blocks.0.mlp.0.weight,5.98396473e-03,3.00000000e-03,5.572188
177,blocks.0.mlp.0.bias,5.59427258e-03,3.00000000e-03,5.572188
177,blocks.0.mlp.2.weight,1.17117497e-02,3.00000000e-03,5.572188
177,blocks.0.mlp.2.bias,1.01621869e-02,3.00000000e-03,5.572188
177,blocks.1.ln1.weight,6.09709408e-04,3.00000000e-03,5.572188
177,blocks.1.ln1.bias,1.30834812e-02,3.00000000e-03,5.572188
177,blocks.1.attn.in_proj_weight,3.52780989e-03,3.00000000e-03,5.572188
177,blocks.1.attn.in_proj_bias,9.91139871e-03,3.00000000e-03,5.572188
177,blocks.1.attn.out_proj.weight,7.98699816e-03,3.00000000e-03,5.572188
177,blocks.1.attn.out_proj.bias,1.57571210e-02,3.00000000e-03,5.572188
177,blocks.1.ln2.weight,5.89550384e-04,3.00000000e-03,5.572188
177,blocks.1.ln2.bias,1.64823608e-02,3.00000000e-03,5.572188
177,blocks.1.mlp.0.weight,5.10832833e-03,3.00000000e-03,5.572188
177,blocks.1.mlp.0.bias,7.41944648e-03,3.00000000e-03,5.572188
177,blocks.1.mlp.2.weight,1.13000082e-02,3.00000000e-03,5.572188
177,blocks.1.mlp.2.bias,1.07954951e-02,3.00000000e-03,5.572188
177,ln_f.weight,1.33151126e-03,3.00000000e-03,5.572188
177,ln_f.bias,1.15588024e-02,3.00000000e-03,5.572188
177,lm_head.weight,9.11139808e-03,3.00000000e-03,5.572188
178,token_emb.weight,5.94001611e-04,3.00000000e-03,5.562535
178,pos_emb.weight,6.02693586e-04,3.00000000e-03,5.562535
178,blocks.0.ln1.weight,5.29331667e-04,3.00000000e-03,5.562535
178,blocks.0.ln1.bias,5.67758540e-03,3.00000000e-03,5.562535
178,blocks.0.attn.in_proj_weight,6.35944874e-03,3.00000000e-03,5.562535
178,blocks.0.attn.in_proj_bias,9.85072067e-03,3.00000000e-03,5.562535
178,blocks.0.attn.out_proj.weight,7.48078375e-03,3.00000000e-03,5.562535
178,blocks.0.attn.out_proj.bias,1.19142559e-02,3.00000000e-03,5.562535
178,blocks.0.ln2.weight,5.16775592e-04,3.00000000e-03,5.562535
178,blocks.0.ln2.bias,8.76805761e-03,3.00000000e-03,5.562535
178,blocks.0.mlp.0.weight,5.83919103e-03,3.00000000e-03,5.562535
178,blocks.0.mlp.0.bias,5.39744611e-03,3.00000000e-03,5.562535
178,blocks.0.mlp.2.weight,1.13784607e-02,3.00000000e-03,5.562535
178,blocks.0.mlp.2.bias,9.87926654e-03,3.00000000e-03,5.562535
178,blocks.1.ln1.weight,5.53564610e-04,3.00000000e-03,5.562535
178,blocks.1.ln1.bias,1.22621633e-02,3.00000000e-03,5.562535
178,blocks.1.attn.in_proj_weight,3.50365364e-03,3.00000000e-03,5.562535
178,blocks.1.attn.in_proj_bias,9.83499166e-03,3.00000000e-03,5.562535
178,blocks.1.attn.out_proj.weight,7.74588018e-03,3.00000000e-03,5.562535
178,blocks.1.attn.out_proj.bias,1.52514851e-02,3.00000000e-03,5.562535
178,blocks.1.ln2.weight,6.07832584e-04,3.00000000e-03,5.562535
178,blocks.1.ln2.bias,1.58538388e-02,3.00000000e-03,5.562535
178,blocks.1.mlp.0.weight,4.91745717e-03,3.00000000e-03,5.562535
178,blocks.1.mlp.0.bias,7.14071009e-03,3.00000000e-03,5.562535
178,blocks.1.mlp.2.weight,1.09472078e-02,3.00000000e-03,5.562535
178,blocks.1.mlp.2.bias,1.04680510e-02,3.00000000e-03,5.562535
178,ln_f.weight,1.31542128e-03,3.00000000e-03,5.562535
178,ln_f.bias,1.13356924e-02,3.00000000e-03,5.562535
178,lm_head.weight,9.14810716e-03,3.00000000e-03,5.562535
179,token_emb.weight,5.99981990e-04,3.00000000e-03,5.561306
179,pos_emb.weight,6.07743470e-04,3.00000000e-03,5.561306
179,blocks.0.ln1.weight,5.65588866e-04,3.00000000e-03,5.561306
179,blocks.0.ln1.bias,5.96197557e-03,3.00000000e-03,5.561306
179,blocks.0.attn.in_proj_weight,6.38874787e-03,3.00000000e-03,5.561306
179,blocks.0.attn.in_proj_bias,1.01297136e-02,3.00000000e-03,5.561306
179,blocks.0.attn.out_proj.weight,7.39711203e-03,3.00000000e-03,5.561306
179,blocks.0.attn.out_proj.bias,1.19908708e-02,3.00000000e-03,5.561306
179,blocks.0.ln2.weight,5.26596481e-04,3.00000000e-03,5.561306
179,blocks.0.ln2.bias,8.24098488e-03,3.00000000e-03,5.561306
179,blocks.0.mlp.0.weight,5.80107921e-03,3.00000000e-03,5.561306
179,blocks.0.mlp.0.bias,5.30614758e-03,3.00000000e-03,5.561306
179,blocks.0.mlp.2.weight,1.13680971e-02,3.00000000e-03,5.561306
179,blocks.0.mlp.2.bias,9.92241009e-03,3.00000000e-03,5.561306
179,blocks.1.ln1.weight,6.99364523e-04,3.00000000e-03,5.561306
179,blocks.1.ln1.bias,1.54535883e-02,3.00000000e-03,5.561306
179,blocks.1.attn.in_proj_weight,3.82199485e-03,3.00000000e-03,5.561306
179,blocks.1.attn.in_proj_bias,1.07278229e-02,3.00000000e-03,5.561306
179,blocks.1.attn.out_proj.weight,7.80662203e-03,3.00000000e-03,5.561306
179,blocks.1.attn.out_proj.bias,1.53098749e-02,3.00000000e-03,5.561306
179,blocks.1.ln2.weight,6.24312477e-04,3.00000000e-03,5.561306
179,blocks.1.ln2.bias,1.57769694e-02,3.00000000e-03,5.561306
179,blocks.1.mlp.0.weight,4.96230611e-03,3.00000000e-03,5.561306
179,blocks.1.mlp.0.bias,7.15883949e-03,3.00000000e-03,5.561306
179,blocks.1.mlp.2.weight,1.09928381e-02,3.00000000e-03,5.561306
179,blocks.1.mlp.2.bias,1.05261806e-02,3.00000000e-03,5.561306
179,ln_f.weight,1.35431969e-03,3.00000000e-03,5.561306
179,ln_f.bias,1.12202158e-02,3.00000000e-03,5.561306
179,lm_head.weight,8.99082991e-03,3.00000000e-03,5.561306
180,token_emb.weight,6.00875644e-04,3.00000000e-03,5.564892
180,pos_emb.weight,6.08963526e-04,3.00000000e-03,5.564892
180,blocks.0.ln1.weight,5.46465455e-04,3.00000000e-03,5.564892
180,blocks.0.ln1.bias,6.09554396e-03,3.00000000e-03,5.564892
180,blocks.0.attn.in_proj_weight,6.44637320e-03,3.00000000e-03,5.564892
180,blocks.0.attn.in_proj_bias,9.71644615e-03,3.00000000e-03,5.564892
180,blocks.0.attn.out_proj.weight,7.50843182e-03,3.00000000e-03,5.564892
180,blocks.0.attn.out_proj.bias,1.20221064e-02,3.00000000e-03,5.564892
180,blocks.0.ln2.weight,5.05444557e-04,3.00000000e-03,5.564892
180,blocks.0.ln2.bias,9.55812116e-03,3.00000000e-03,5.564892
180,blocks.0.mlp.0.weight,6.04790714e-03,3.00000000e-03,5.564892
180,blocks.0.mlp.0.bias,5.76213893e-03,3.00000000e-03,5.564892
180,blocks.0.mlp.2.weight,1.12575103e-02,3.00000000e-03,5.564892
180,blocks.0.mlp.2.bias,9.80257267e-03,3.00000000e-03,5.564892
180,blocks.1.ln1.weight,7.43534850e-04,3.00000000e-03,5.564892
180,blocks.1.ln1.bias,1.60386485e-02,3.00000000e-03,5.564892
180,blocks.1.attn.in_proj_weight,4.09223504e-03,3.00000000e-03,5.564892
180,blocks.1.attn.in_proj_bias,1.15460995e-02,3.00000000e-03,5.564892
180,blocks.1.attn.out_proj.weight,7.77280222e-03,3.00000000e-03,5.564892
180,blocks.1.attn.out_proj.bias,1.51872467e-02,3.00000000e-03,5.564892
180,blocks.1.ln2.weight,6.49607751e-04,3.00000000e-03,5.564892
180,blocks.1.ln2.bias,1.58911575e-02,3.00000000e-03,5.564892
180,blocks.1.mlp.0.weight,4.78922467e-03,3.00000000e-03,5.564892
180,blocks.1.mlp.0.bias,6.83238791e-03,3.00000000e-03,5.564892
180,blocks.1.mlp.2.weight,1.08788654e-02,3.00000000e-03,5.564892
180,blocks.1.mlp.2.bias,1.04295230e-02,3.00000000e-03,5.564892
180,ln_f.weight,1.35992678e-03,3.00000000e-03,5.564892
180,ln_f.bias,1.10261494e-02,3.00000000e-03,5.564892
180,lm_head.weight,9.46706186e-03,3.00000000e-03,5.564892
181,token_emb.weight,6.00966836e-04,3.00000000e-03,5.548113
181,pos_emb.weight,6.07440659e-04,3.00000000e-03,5.548113
181,blocks.0.ln1.weight,5.79221377e-04,3.00000000e-03,5.548113
181,blocks.0.ln1.bias,5.52611305e-03,3.00000000e-03,5.548113
181,blocks.0.attn.in_proj_weight,6.30600753e-03,3.00000000e-03,5.548113
181,blocks.0.attn.in_proj_bias,9.17081048e-03,3.00000000e-03,5.548113
181,blocks.0.attn.out_proj.weight,7.27608815e-03,3.00000000e-03,5.548113
181,blocks.0.attn.out_proj.bias,1.16954810e-02,3.00000000e-03,5.548113
181,blocks.0.ln2.weight,5.20636814e-04,3.00000000e-03,5.548113
181,blocks.0.ln2.bias,1.01124751e-02,3.00000000e-03,5.548113
181,blocks.0.mlp.0.weight,5.95628849e-03,3.00000000e-03,5.548113
181,blocks.0.mlp.0.bias,5.64869059e-03,3.00000000e-03,5.548113
181,blocks.0.mlp.2.weight,1.07995263e-02,3.00000000e-03,5.548113
181,blocks.0.mlp.2.bias,9.31822884e-03,3.00000000e-03,5.548113
181,blocks.1.ln1.weight,7.60913223e-04,3.00000000e-03,5.548113
181,blocks.1.ln1.bias,1.60618367e-02,3.00000000e-03,5.548113
181,blocks.1.attn.in_proj_weight,4.05043862e-03,3.00000000e-03,5.548113
181,blocks.1.attn.in_proj_bias,1.13159022e-02,3.00000000e-03,5.548113
181,blocks.1.attn.out_proj.weight,7.40628734e-03,3.00000000e-03,5.548113
181,blocks.1.attn.out_proj.bias,1.44954282e-02,3.00000000e-03,5.548113
181,blocks.1.ln2.weight,5.62496505e-04,3.00000000e-03,5.548113
181,blocks.1.ln2.bias,1.44145733e-02,3.00000000e-03,5.548113
181,blocks.1.mlp.0.weight,4.47890097e-03,3.00000000e-03,5.548113
181,blocks.1.mlp.0.bias,6.28298721e-03,3.00000000e-03,5.548113
181,blocks.1.mlp.2.weight,1.03365804e-02,3.00000000e-03,5.548113
181,blocks.1.mlp.2.bias,9.93224175e-03,3.00000000e-03,5.548113
181,ln_f.weight,1.33228376e-03,3.00000000e-03,5.548113
181,ln_f.bias,1.03420974e-02,3.00000000e-03,5.548113
181,lm_head.weight,9.60124650e-03,3.00000000e-03,5.548113
182,token_emb.weight,6.03946417e-04,3.00000000e-03,5.568520
182,pos_emb.weight,6.11985382e-04,3.00000000e-03,5.568520
182,blocks.0.ln1.weight,5.87787935e-04,3.00000000e-03,5.568520
182,blocks.0.ln1.bias,5.20697070e-03,3.00000000e-03,5.568520
182,blocks.0.attn.in_proj_weight,6.32845150e-03,3.00000000e-03,5.568520
182,blocks.0.attn.in_proj_bias,8.76189220e-03,3.00000000e-03,5.568520
182,blocks.0.attn.out_proj.weight,7.14434996e-03,3.00000000e-03,5.568520
182,blocks.0.attn.out_proj.bias,1.13621805e-02,3.00000000e-03,5.568520
182,blocks.0.ln2.weight,5.63135222e-04,3.00000000e-03,5.568520
182,blocks.0.ln2.bias,1.07847143e-02,3.00000000e-03,5.568520
182,blocks.0.mlp.0.weight,5.97685414e-03,3.00000000e-03,5.568520
182,blocks.0.mlp.0.bias,5.69372197e-03,3.00000000e-03,5.568520
182,blocks.0.mlp.2.weight,1.05819939e-02,3.00000000e-03,5.568520
182,blocks.0.mlp.2.bias,8.99623651e-03,3.00000000e-03,5.568520
182,blocks.1.ln1.weight,6.84984702e-04,3.00000000e-03,5.568520
182,blocks.1.ln1.bias,1.46107204e-02,3.00000000e-03,5.568520
182,blocks.1.attn.in_proj_weight,4.02110698e-03,3.00000000e-03,5.568520
182,blocks.1.attn.in_proj_bias,1.12136612e-02,3.00000000e-03,5.568520
182,blocks.1.attn.out_proj.weight,7.19456780e-03,3.00000000e-03,5.568520
182,blocks.1.attn.out_proj.bias,1.40690028e-02,3.00000000e-03,5.568520
182,blocks.1.ln2.weight,4.76065762e-04,3.00000000e-03,5.568520
182,blocks.1.ln2.bias,1.32578390e-02,3.00000000e-03,5.568520
182,blocks.1.mlp.0.weight,4.37035861e-03,3.00000000e-03,5.568520
182,blocks.1.mlp.0.bias,6.11829374e-03,3.00000000e-03,5.568520
182,blocks.1.mlp.2.weight,9.97496593e-03,3.00000000e-03,5.568520
182,blocks.1.mlp.2.bias,9.59742685e-03,3.00000000e-03,5.568520
182,ln_f.weight,1.34578135e-03,3.00000000e-03,5.568520
182,ln_f.bias,1.00382878e-02,3.00000000e-03,5.568520
182,lm_head.weight,9.77602532e-03,3.00000000e-03,5.568520
183,token_emb.weight,6.09560451e-04,3.00000000e-03,5.540860
183,pos_emb.weight,6.18047301e-04,3.00000000e-03,5.540860
183,blocks.0.ln1.weight,5.64738771e-04,3.00000000e-03,5.540860
183,blocks.0.ln1.bias,5.09191996e-03,3.00000000e-03,5.540860
183,blocks.0.attn.in_proj_weight,6.24031960e-03,3.00000000e-03,5.540860
183,blocks.0.attn.in_proj_bias,8.30808900e-03,3.00000000e-03,5.540860
183,blocks.0.attn.out_proj.weight,7.41530978e-03,3.00000000e-03,5.540860
183,blocks.0.attn.out_proj.bias,1.18800865e-02,3.00000000e-03,5.540860
183,blocks.0.ln2.weight,5.48262641e-04,3.00000000e-03,5.540860
183,blocks.0.ln2.bias,1.18237991e-02,3.00000000e-03,5.540860
183,blocks.0.mlp.0.weight,6.23860917e-03,3.00000000e-03,5.540860
183,blocks.0.mlp.0.bias,6.13045030e-03,3.00000000e-03,5.540860
183,blocks.0.mlp.2.weight,1.09742534e-02,3.00000000e-03,5.540860
183,blocks.0.mlp.2.bias,9.42543269e-03,3.00000000e-03,5.540860
183,blocks.1.ln1.weight,6.78877410e-04,3.00000000e-03,5.540860
183,blocks.1.ln1.bias,1.43073471e-02,3.00000000e-03,5.540860
183,blocks.1.attn.in_proj_weight,4.11115707e-03,3.00000000e-03,5.540860
183,blocks.1.attn.in_proj_bias,1.15184838e-02,3.00000000e-03,5.540860
183,blocks.1.attn.out_proj.weight,7.52624429e-03,3.00000000e-03,5.540860
183,blocks.1.attn.out_proj.bias,1.46539336e-02,3.00000000e-03,5.540860
183,blocks.1.ln2.weight,5.22628844e-04,3.00000000e-03,5.540860
183,blocks.1.ln2.bias,1.37025829e-02,3.00000000e-03,5.540860
183,blocks.1.mlp.0.weight,4.51433001e-03,3.00000000e-03,5.540860
183,blocks.1.mlp.0.bias,6.31631822e-03,3.00000000e-03,5.540860
183,blocks.1.mlp.2.weight,1.04285084e-02,3.00000000e-03,5.540860
183,blocks.1.mlp.2.bias,1.00430660e-02,3.00000000e-03,5.540860
183,ln_f.weight,1.33567860e-03,3.00000000e-03,5.540860
183,ln_f.bias,1.00852190e-02,3.00000000e-03,5.540860
183,lm_head.weight,9.72797883e-03,3.00000000e-03,5.540860
184,token_emb.weight,6.12002071e-04,3.00000000e-03,5.577891
184,pos_emb.weight,6.20764904e-04,3.00000000e-03,5.577891
184,blocks.0.ln1.weight,5.99971198e-04,3.00000000e-03,5.577891
184,blocks.0.ln1.bias,7.14199951e-03,3.00000000e-03,5.577891
184,blocks.0.attn.in_proj_weight,6.43991245e-03,3.00000000e-03,5.577891
184,blocks.0.attn.in_proj_bias,9.91712995e-03,3.00000000e-03,5.577891
184,blocks.0.attn.out_proj.weight,8.07473182e-03,3.00000000e-03,5.577891
184,blocks.0.attn.out_proj.bias,1.34718282e-02,3.00000000e-03,5.577891
184,blocks.0.ln2.weight,5.96061345e-04,3.00000000e-03,5.577891
184,blocks.0.ln2.bias,1.43662408e-02,3.00000000e-03,5.577891
184,blocks.0.mlp.0.weight,6.83416850e-03,3.00000000e-03,5.577891
184,blocks.0.mlp.0.bias,7.05079743e-03,3.00000000e-03,5.577891
184,blocks.0.mlp.2.weight,1.18896770e-02,3.00000000e-03,5.577891
184,blocks.0.mlp.2.bias,1.04922110e-02,3.00000000e-03,5.577891
184,blocks.1.ln1.weight,7.38330255e-04,3.00000000e-03,5.577891
184,blocks.1.ln1.bias,1.51737261e-02,3.00000000e-03,5.577891
184,blocks.1.attn.in_proj_weight,4.36188795e-03,3.00000000e-03,5.577891
184,blocks.1.attn.in_proj_bias,1.23176677e-02,3.00000000e-03,5.577891
184,blocks.1.attn.out_proj.weight,8.33436123e-03,3.00000000e-03,5.577891
184,blocks.1.attn.out_proj.bias,1.64292006e-02,3.00000000e-03,5.577891
184,blocks.1.ln2.weight,6.20732475e-04,3.00000000e-03,5.577891
184,blocks.1.ln2.bias,1.65746676e-02,3.00000000e-03,5.577891
184,blocks.1.mlp.0.weight,5.13647278e-03,3.00000000e-03,5.577891
184,blocks.1.mlp.0.bias,7.23514163e-03,3.00000000e-03,5.577891
184,blocks.1.mlp.2.weight,1.15652943e-02,3.00000000e-03,5.577891
184,blocks.1.mlp.2.bias,1.12223220e-02,3.00000000e-03,5.577891
184,ln_f.weight,1.37964616e-03,3.00000000e-03,5.577891
184,ln_f.bias,1.08603101e-02,3.00000000e-03,5.577891
184,lm_head.weight,9.95666743e-03,3.00000000e-03,5.577891
185,token_emb.weight,6.13147332e-04,3.00000000e-03,5.575087
185,pos_emb.weight,6.26294949e-04,3.00000000e-03,5.575087
185,blocks.0.ln1.weight,6.20026926e-04,3.00000000e-03,5.575087
185,blocks.0.ln1.bias,6.33462060e-03,3.00000000e-03,5.575087
185,blocks.0.attn.in_proj_weight,6.67107608e-03,3.00000000e-03,5.575087
185,blocks.0.attn.in_proj_bias,9.23700368e-03,3.00000000e-03,5.575087
185,blocks.0.attn.out_proj.weight,7.94454894e-03,3.00000000e-03,5.575087
185,blocks.0.attn.out_proj.bias,1.33692416e-02,3.00000000e-03,5.575087
185,blocks.0.ln2.weight,6.79298542e-04,3.00000000e-03,5.575087
185,blocks.0.ln2.bias,1.36929323e-02,3.00000000e-03,5.575087
185,blocks.0.mlp.0.weight,6.80505638e-03,3.00000000e-03,5.575087
185,blocks.0.mlp.0.bias,6.97644597e-03,3.00000000e-03,5.575087
185,blocks.0.mlp.2.weight,1.18495554e-02,3.00000000e-03,5.575087
185,blocks.0.mlp.2.bias,1.04489805e-02,3.00000000e-03,5.575087
185,blocks.1.ln1.weight,7.70878700e-04,3.00000000e-03,5.575087
185,blocks.1.ln1.bias,1.55337050e-02,3.00000000e-03,5.575087
185,blocks.1.attn.in_proj_weight,4.33360651e-03,3.00000000e-03,5.575087
185,blocks.1.attn.in_proj_bias,1.22688415e-02,3.00000000e-03,5.575087
185,blocks.1.attn.out_proj.weight,8.22454109e-03,3.00000000e-03,5.575087
185,blocks.1.attn.out_proj.bias,1.62261828e-02,3.00000000e-03,5.575087
185,blocks.1.ln2.weight,6.86758784e-04,3.00000000e-03,5.575087
185,blocks.1.ln2.bias,1.66943058e-02,3.00000000e-03,5.575087
185,blocks.1.mlp.0.weight,5.28444587e-03,3.00000000e-03,5.575087
185,blocks.1.mlp.0.bias,7.41791296e-03,3.00000000e-03,5.575087
185,blocks.1.mlp.2.weight,1.14598749e-02,3.00000000e-03,5.575087
185,blocks.1.mlp.2.bias,1.10847459e-02,3.00000000e-03,5.575087
185,ln_f.weight,1.41489168e-03,3.00000000e-03,5.575087
185,ln_f.bias,1.08814989e-02,3.00000000e-03,5.575087
185,lm_head.weight,9.80900407e-03,3.00000000e-03,5.575087
186,token_emb.weight,6.13740309e-04,3.00000000e-03,5.575770
186,pos_emb.weight,6.31094465e-04,3.00000000e-03,5.575770
186,blocks.0.ln1.weight,6.20844989e-04,3.00000000e-03,5.575770
186,blocks.0.ln1.bias,6.30910198e-03,3.00000000e-03,5.575770
186,blocks.0.attn.in_proj_weight,6.74330979e-03,3.00000000e-03,5.575770
186,blocks.0.attn.in_proj_bias,9.61542418e-03,3.00000000e-03,5.575770
186,blocks.0.attn.out_proj.weight,8.12313059e-03,3.00000000e-03,5.575770
186,blocks.0.attn.out_proj.bias,1.36087001e-02,3.00000000e-03,5.575770
186,blocks.0.ln2.weight,7.15692599e-04,3.00000000e-03,5.575770
186,blocks.0.ln2.bias,1.34203697e-02,3.00000000e-03,5.575770
186,blocks.0.mlp.0.weight,6.80957971e-03,3.00000000e-03,5.575770
186,blocks.0.mlp.0.bias,7.03698406e-03,3.00000000e-03,5.575770
186,blocks.0.mlp.2.weight,1.21101125e-02,3.00000000e-03,5.575770
186,blocks.0.mlp.2.bias,1.07847155e-02,3.00000000e-03,5.575770
186,blocks.1.ln1.weight,7.70993866e-04,3.00000000e-03,5.575770
186,blocks.1.ln1.bias,1.53704926e-02,3.00000000e-03,5.575770
186,blocks.1.attn.in_proj_weight,4.41812288e-03,3.00000000e-03,5.575770
186,blocks.1.attn.in_proj_bias,1.24722263e-02,3.00000000e-03,5.575770
186,blocks.1.attn.out_proj.weight,8.47820560e-03,3.00000000e-03,5.575770
186,blocks.1.attn.out_proj.bias,1.68049332e-02,3.00000000e-03,5.575770
186,blocks.1.ln2.weight,7.73314338e-04,3.00000000e-03,5.575770
186,blocks.1.ln2.bias,1.82481215e-02,3.00000000e-03,5.575770
186,blocks.1.mlp.0.weight,5.40324214e-03,3.00000000e-03,5.575770
186,blocks.1.mlp.0.bias,7.56228459e-03,3.00000000e-03,5.575770
186,blocks.1.mlp.2.weight,1.18485503e-02,3.00000000e-03,5.575770
186,blocks.1.mlp.2.bias,1.14909884e-02,3.00000000e-03,5.575770
186,ln_f.weight,1.44911281e-03,3.00000000e-03,5.575770
186,ln_f.bias,1.12931358e-02,3.00000000e-03,5.575770
186,lm_head.weight,9.66058893e-03,3.00000000e-03,5.575770
187,token_emb.weight,6.13788701e-04,3.00000000e-03,5.568385
187,pos_emb.weight,6.26035181e-04,3.00000000e-03,5.568385
187,blocks.0.ln1.weight,6.18797463e-04,3.00000000e-03,5.568385
187,blocks.0.ln1.bias,5.46238124e-03,3.00000000e-03,5.568385
187,blocks.0.attn.in_proj_weight,6.57141819e-03,3.00000000e-03,5.568385
187,blocks.0.attn.in_proj_bias,8.37141715e-03,3.00000000e-03,5.568385
187,blocks.0.attn.out_proj.weight,7.66058300e-03,3.00000000e-03,5.568385
187,blocks.0.attn.out_proj.bias,1.26691134e-02,3.00000000e-03,5.568385
187,blocks.0.ln2.weight,8.02644733e-04,3.00000000e-03,5.568385
187,blocks.0.ln2.bias,1.38843513e-02,3.00000000e-03,5.568385
187,blocks.0.mlp.0.weight,6.86653891e-03,3.00000000e-03,5.568385
187,blocks.0.mlp.0.bias,7.15117625e-03,3.00000000e-03,5.568385
187,blocks.0.mlp.2.weight,1.16823536e-02,3.00000000e-03,5.568385
187,blocks.0.mlp.2.bias,1.03094470e-02,3.00000000e-03,5.568385
187,blocks.1.ln1.weight,7.09096611e-04,3.00000000e-03,5.568385
187,blocks.1.ln1.bias,1.42410980e-02,3.00000000e-03,5.568385
187,blocks.1.attn.in_proj_weight,4.19899999e-03,3.00000000e-03,5.568385
187,blocks.1.attn.in_proj_bias,1.17930882e-02,3.00000000e-03,5.568385
187,blocks.1.attn.out_proj.weight,8.02579266e-03,3.00000000e-03,5.568385
187,blocks.1.attn.out_proj.bias,1.58415214e-02,3.00000000e-03,5.568385
187,blocks.1.ln2.weight,7.49462624e-04,3.00000000e-03,5.568385
187,blocks.1.ln2.bias,1.65170620e-02,3.00000000e-03,5.568385
187,blocks.1.mlp.0.weight,5.26037519e-03,3.00000000e-03,5.568385
187,blocks.1.mlp.0.bias,7.25350664e-03,3.00000000e-03,5.568385
187,blocks.1.mlp.2.weight,1.12632432e-02,3.00000000e-03,5.568385
187,blocks.1.mlp.2.bias,1.08952965e-02,3.00000000e-03,5.568385
187,ln_f.weight,1.46221275e-03,3.00000000e-03,5.568385
187,ln_f.bias,1.08381003e-02,3.00000000e-03,5.568385
187,lm_head.weight,9.58697330e-03,3.00000000e-03,5.568385
188,token_emb.weight,6.17965024e-04,3.00000000e-03,5.555373
188,pos_emb.weight,6.27253667e-04,3.00000000e-03,5.555373
188,blocks.0.ln1.weight,6.46644936e-04,3.00000000e-03,5.555373
188,blocks.0.ln1.bias,7.03629403e-03,3.00000000e-03,5.555373
188,blocks.0.attn.in_proj_weight,6.81701377e-03,3.00000000e-03,5.555373
188,blocks.0.attn.in_proj_bias,9.99899453e-03,3.00000000e-03,5.555373
188,blocks.0.attn.out_proj.weight,7.97200215e-03,3.00000000e-03,5.555373
188,blocks.0.attn.out_proj.bias,1.35261369e-02,3.00000000e-03,5.555373
188,blocks.0.ln2.weight,7.86943307e-04,3.00000000e-03,5.555373
188,blocks.0.ln2.bias,1.44154968e-02,3.00000000e-03,5.555373
188,blocks.0.mlp.0.weight,7.20096500e-03,3.00000000e-03,5.555373
188,blocks.0.mlp.0.bias,7.68604638e-03,3.00000000e-03,5.555373
188,blocks.0.mlp.2.weight,1.22565390e-02,3.00000000e-03,5.555373
188,blocks.0.mlp.2.bias,1.10355085e-02,3.00000000e-03,5.555373
188,blocks.1.ln1.weight,6.94855115e-04,3.00000000e-03,5.555373
188,blocks.1.ln1.bias,1.35337756e-02,3.00000000e-03,5.555373
188,blocks.1.attn.in_proj_weight,4.22884995e-03,3.00000000e-03,5.555373
188,blocks.1.attn.in_proj_bias,1.19497120e-02,3.00000000e-03,5.555373
188,blocks.1.attn.out_proj.weight,8.39845079e-03,3.00000000e-03,5.555373
188,blocks.1.attn.out_proj.bias,1.67779174e-02,3.00000000e-03,5.555373
188,blocks.1.ln2.weight,7.56019082e-04,3.00000000e-03,5.555373
188,blocks.1.ln2.bias,1.74533886e-02,3.00000000e-03,5.555373
188,blocks.1.mlp.0.weight,5.63688757e-03,3.00000000e-03,5.555373
188,blocks.1.mlp.0.bias,7.93210707e-03,3.00000000e-03,5.555373
188,blocks.1.mlp.2.weight,1.18374772e-02,3.00000000e-03,5.555373
188,blocks.1.mlp.2.bias,1.15584370e-02,3.00000000e-03,5.555373
188,ln_f.weight,1.43469954e-03,3.00000000e-03,5.555373
188,ln_f.bias,1.10774558e-02,3.00000000e-03,5.555373
188,lm_head.weight,9.77305341e-03,3.00000000e-03,5.555373
189,token_emb.weight,6.21282483e-04,3.00000000e-03,5.560851
189,pos_emb.weight,6.31101907e-04,3.00000000e-03,5.560851
189,blocks.0.ln1.weight,6.19695174e-04,3.00000000e-03,5.560851
189,blocks.0.ln1.bias,6.62985670e-03,3.00000000e-03,5.560851
189,blocks.0.attn.in_proj_weight,6.77533090e-03,3.00000000e-03,5.560851
189,blocks.0.attn.in_proj_bias,1.00796103e-02,3.00000000e-03,5.560851
189,blocks.0.attn.out_proj.weight,7.96904191e-03,3.00000000e-03,5.560851
189,blocks.0.attn.out_proj.bias,1.35778677e-02,3.00000000e-03,5.560851
189,blocks.0.ln2.weight,7.90863869e-04,3.00000000e-03,5.560851
189,blocks.0.ln2.bias,1.35610806e-02,3.00000000e-03,5.560851
189,blocks.0.mlp.0.weight,7.11212011e-03,3.00000000e-03,5.560851
189,blocks.0.mlp.0.bias,7.57399686e-03,3.00000000e-03,5.560851
189,blocks.0.mlp.2.weight,1.23287189e-02,3.00000000e-03,5.560851
189,blocks.0.mlp.2.bias,1.10998165e-02,3.00000000e-03,5.560851
189,blocks.1.ln1.weight,7.64085403e-04,3.00000000e-03,5.560851
189,blocks.1.ln1.bias,1.49433567e-02,3.00000000e-03,5.560851
189,blocks.1.attn.in_proj_weight,4.40161554e-03,3.00000000e-03,5.560851
189,blocks.1.attn.in_proj_bias,1.25531440e-02,3.00000000e-03,5.560851
189,blocks.1.attn.out_proj.weight,8.51349204e-03,3.00000000e-03,5.560851
189,blocks.1.attn.out_proj.bias,1.70451870e-02,3.00000000e-03,5.560851
189,blocks.1.ln2.weight,7.93887173e-04,3.00000000e-03,5.560851
189,blocks.1.ln2.bias,1.85989238e-02,3.00000000e-03,5.560851
189,blocks.1.mlp.0.weight,5.72150114e-03,3.00000000e-03,5.560851
189,blocks.1.mlp.0.bias,8.04283011e-03,3.00000000e-03,5.560851
189,blocks.1.mlp.2.weight,1.20127873e-02,3.00000000e-03,5.560851
189,blocks.1.mlp.2.bias,1.17606194e-02,3.00000000e-03,5.560851
189,ln_f.weight,1.47195634e-03,3.00000000e-03,5.560851
189,ln_f.bias,1.11165810e-02,3.00000000e-03,5.560851
189,lm_head.weight,9.84907674e-03,3.00000000e-03,5.560851
190,token_emb.weight,6.27388087e-04,3.00000000e-03,5.586163
190,pos_emb.weight,6.35620996e-04,3.00000000e-03,5.586163
190,blocks.0.ln1.weight,6.75312089e-04,3.00000000e-03,5.586163
190,blocks.0.ln1.bias,6.78584649e-03,3.00000000e-03,5.586163
190,blocks.0.attn.in_proj_weight,6.95130293e-03,3.00000000e-03,5.586163
190,blocks.0.attn.in_proj_bias,1.11611797e-02,3.00000000e-03,5.586163
190,blocks.0.attn.out_proj.weight,8.13106210e-03,3.00000000e-03,5.586163
190,blocks.0.attn.out_proj.bias,1.39805851e-02,3.00000000e-03,5.586163
190,blocks.0.ln2.weight,7.54945759e-04,3.00000000e-03,5.586163
190,blocks.0.ln2.bias,1.32894095e-02,3.00000000e-03,5.586163
190,blocks.0.mlp.0.weight,7.28703798e-03,3.00000000e-03,5.586163
190,blocks.0.mlp.0.bias,7.81226964e-03,3.00000000e-03,5.586163
190,blocks.0.mlp.2.weight,1.27160540e-02,3.00000000e-03,5.586163
190,blocks.0.mlp.2.bias,1.15142429e-02,3.00000000e-03,5.586163
190,blocks.1.ln1.weight,7.31819689e-04,3.00000000e-03,5.586163
190,blocks.1.ln1.bias,1.40406782e-02,3.00000000e-03,5.586163
190,blocks.1.attn.in_proj_weight,4.31863722e-03,3.00000000e-03,5.586163
190,blocks.1.attn.in_proj_bias,1.22393997e-02,3.00000000e-03,5.586163
190,blocks.1.attn.out_proj.weight,8.82100651e-03,3.00000000e-03,5.586163
190,blocks.1.attn.out_proj.bias,1.77917169e-02,3.00000000e-03,5.586163
190,blocks.1.ln2.weight,8.06322258e-04,3.00000000e-03,5.586163
190,blocks.1.ln2.bias,1.94897515e-02,3.00000000e-03,5.586163
190,blocks.1.mlp.0.weight,5.79529578e-03,3.00000000e-03,5.586163
190,blocks.1.mlp.0.bias,8.12989719e-03,3.00000000e-03,5.586163
190,blocks.1.mlp.2.weight,1.24435360e-02,3.00000000e-03,5.586163
190,blocks.1.mlp.2.bias,1.22384819e-02,3.00000000e-03,5.586163
190,ln_f.weight,1.52091215e-03,3.00000000e-03,5.586163
190,ln_f.bias,1.14785003e-02,3.00000000e-03,5.586163
190,lm_head.weight,9.77280779e-03,3.00000000e-03,5.586163
191,token_emb.weight,6.25879564e-04,3.00000000e-03,5.555873
191,pos_emb.weight,6.37187052e-04,3.00000000e-03,5.555873
191,blocks.0.ln1.weight,6.32052174e-04,3.00000000e-03,5.555873
191,blocks.0.ln1.bias,6.37911490e-03,3.00000000e-03,5.555873
191,blocks.0.attn.in_proj_weight,6.83141606e-03,3.00000000e-03,5.555873
191,blocks.0.attn.in_proj_bias,1.04116252e-02,3.00000000e-03,5.555873
191,blocks.0.attn.out_proj.weight,7.93544533e-03,3.00000000e-03,5.555873
191,blocks.0.attn.out_proj.bias,1.35676945e-02,3.00000000e-03,5.555873
191,blocks.0.ln2.weight,7.50737232e-04,3.00000000e-03,5.555873
191,blocks.0.ln2.bias,1.31025508e-02,3.00000000e-03,5.555873
191,blocks.0.mlp.0.weight,7.14064455e-03,3.00000000e-03,5.555873
191,blocks.0.mlp.0.bias,7.59593943e-03,3.00000000e-03,5.555873
191,blocks.0.mlp.2.weight,1.22612776e-02,3.00000000e-03,5.555873
191,blocks.0.mlp.2.bias,1.10643269e-02,3.00000000e-03,5.555873
191,blocks.1.ln1.weight,7.28137534e-04,3.00000000e-03,5.555873
191,blocks.1.ln1.bias,1.36675356e-02,3.00000000e-03,5.555873
191,blocks.1.attn.in_proj_weight,4.24655127e-03,3.00000000e-03,5.555873
191,blocks.1.attn.in_proj_bias,1.19682012e-02,3.00000000e-03,5.555873
191,blocks.1.attn.out_proj.weight,8.42561112e-03,3.00000000e-03,5.555873
191,blocks.1.attn.out_proj.bias,1.69055739e-02,3.00000000e-03,5.555873
191,blocks.1.ln2.weight,7.90190380e-04,3.00000000e-03,5.555873
191,blocks.1.ln2.bias,1.95097712e-02,3.00000000e-03,5.555873
191,blocks.1.mlp.0.weight,5.59368856e-03,3.00000000e-03,5.555873
191,blocks.1.mlp.0.bias,7.79717834e-03,3.00000000e-03,5.555873
191,blocks.1.mlp.2.weight,1.18335158e-02,3.00000000e-03,5.555873
191,blocks.1.mlp.2.bias,1.16177396e-02,3.00000000e-03,5.555873
191,ln_f.weight,1.49967681e-03,3.00000000e-03,5.555873
191,ln_f.bias,1.09839686e-02,3.00000000e-03,5.555873
191,lm_head.weight,9.41738010e-03,3.00000000e-03,5.555873
192,token_emb.weight,6.32279008e-04,3.00000000e-03,5.565568
192,pos_emb.weight,6.41842699e-04,3.00000000e-03,5.565568
192,blocks.0.ln1.weight,6.53698293e-04,3.00000000e-03,5.565568
192,blocks.0.ln1.bias,7.57933172e-03,3.00000000e-03,5.565568
192,blocks.0.attn.in_proj_weight,6.92397084e-03,3.00000000e-03,5.565568
192,blocks.0.attn.in_proj_bias,1.07709687e-02,3.00000000e-03,5.565568
192,blocks.0.attn.out_proj.weight,7.98358666e-03,3.00000000e-03,5.565568
192,blocks.0.attn.out_proj.bias,1.38984796e-02,3.00000000e-03,5.565568
192,blocks.0.ln2.weight,7.76866728e-04,3.00000000e-03,5.565568
192,blocks.0.ln2.bias,1.42034257e-02,3.00000000e-03,5.565568
192,blocks.0.mlp.0.weight,7.18406405e-03,3.00000000e-03,5.565568
192,blocks.0.mlp.0.bias,7.64632970e-03,3.00000000e-03,5.565568
192,blocks.0.mlp.2.weight,1.23222921e-02,3.00000000e-03,5.565568
192,blocks.0.mlp.2.bias,1.11371726e-02,3.00000000e-03,5.565568
192,blocks.1.ln1.weight,7.46045565e-04,3.00000000e-03,5.565568
192,blocks.1.ln1.bias,1.43199255e-02,3.00000000e-03,5.565568
192,blocks.1.attn.in_proj_weight,4.23859480e-03,3.00000000e-03,5.565568
192,blocks.1.attn.in_proj_bias,1.20006897e-02,3.00000000e-03,5.565568
192,blocks.1.attn.out_proj.weight,8.34516482e-03,3.00000000e-03,5.565568
192,blocks.1.attn.out_proj.bias,1.69035750e-02,3.00000000e-03,5.565568
192,blocks.1.ln2.weight,7.51251607e-04,3.00000000e-03,5.565568
192,blocks.1.ln2.bias,1.86898456e-02,3.00000000e-03,5.565568
192,blocks.1.mlp.0.weight,5.46217734e-03,3.00000000e-03,5.565568
192,blocks.1.mlp.0.bias,7.59854382e-03,3.00000000e-03,5.565568
192,blocks.1.mlp.2.weight,1.17920621e-02,3.00000000e-03,5.565568
192,blocks.1.mlp.2.bias,1.16142566e-02,3.00000000e-03,5.565568
192,ln_f.weight,1.45914775e-03,3.00000000e-03,5.565568
192,ln_f.bias,1.07429075e-02,3.00000000e-03,5.565568
192,lm_head.weight,9.11670278e-03,3.00000000e-03,5.565568
193,token_emb.weight,6.34156980e-04,3.00000000e-03,5.551322
193,pos_emb.weight,6.52894108e-04,3.00000000e-03,5.551322
193,blocks.0.ln1.weight,6.69156856e-04,3.00000000e-03,5.551322
193,blocks.0.ln1.bias,8.76355740e-03,3.00000000e-03,5.551322
193,blocks.0.attn.in_proj_weight,7.26385734e-03,3.00000000e-03,5.551322
193,blocks.0.attn.in_proj_bias,1.18617324e-02,3.00000000e-03,5.551322
193,blocks.0.attn.out_proj.weight,8.26611024e-03,3.00000000e-03,5.551322
193,blocks.0.attn.out_proj.bias,1.48031059e-02,3.00000000e-03,5.551322
193,blocks.0.ln2.weight,8.17869636e-04,3.00000000e-03,5.551322
193,blocks.0.ln2.bias,1.58283397e-02,3.00000000e-03,5.551322
193,blocks.0.mlp.0.weight,7.53971130e-03,3.00000000e-03,5.551322
193,blocks.0.mlp.0.bias,8.10283301e-03,3.00000000e-03,5.551322
193,blocks.0.mlp.2.weight,1.26545719e-02,3.00000000e-03,5.551322
193,blocks.0.mlp.2.bias,1.15534282e-02,3.00000000e-03,5.551322
193,blocks.1.ln1.weight,7.36442114e-04,3.00000000e-03,5.551322
193,blocks.1.ln1.bias,1.39786086e-02,3.00000000e-03,5.551322
193,blocks.1.attn.in_proj_weight,4.61168833e-03,3.00000000e-03,5.551322
193,blocks.1.attn.in_proj_bias,1.31857065e-02,3.00000000e-03,5.551322
193,blocks.1.attn.out_proj.weight,8.53052380e-03,3.00000000e-03,5.551322
193,blocks.1.attn.out_proj.bias,1.73382625e-02,3.00000000e-03,5.551322
193,blocks.1.ln2.weight,7.11373048e-04,3.00000000e-03,5.551322
193,blocks.1.ln2.bias,1.96967263e-02,3.00000000e-03,5.551322
193,blocks.1.mlp.0.weight,5.90600469e-03,3.00000000e-03,5.551322
193,blocks.1.mlp.0.bias,8.27389032e-03,3.00000000e-03,5.551322
193,blocks.1.mlp.2.weight,1.20779406e-02,3.00000000e-03,5.551322
193,blocks.1.mlp.2.bias,1.19218490e-02,3.00000000e-03,5.551322
193,ln_f.weight,1.45198976e-03,3.00000000e-03,5.551322
193,ln_f.bias,1.07449114e-02,3.00000000e-03,5.551322
193,lm_head.weight,9.15540035e-03,3.00000000e-03,5.551322
194,token_emb.weight,6.35190150e-04,3.00000000e-03,5.553674
194,pos_emb.weight,6.57463686e-04,3.00000000e-03,5.553674
194,blocks.0.ln1.weight,6.46352821e-04,3.00000000e-03,5.553674
194,blocks.0.ln1.bias,8.95218749e-03,3.00000000e-03,5.553674
194,blocks.0.attn.in_proj_weight,6.94144268e-03,3.00000000e-03,5.553674
194,blocks.0.attn.in_proj_bias,1.08467047e-02,3.00000000e-03,5.553674
194,blocks.0.attn.out_proj.weight,8.02703672e-03,3.00000000e-03,5.553674
194,blocks.0.attn.out_proj.bias,1.41462866e-02,3.00000000e-03,5.553674
194,blocks.0.ln2.weight,7.93262383e-04,3.00000000e-03,5.553674
194,blocks.0.ln2.bias,1.51862098e-02,3.00000000e-03,5.553674
194,blocks.0.mlp.0.weight,7.26650078e-03,3.00000000e-03,5.553674
194,blocks.0.mlp.0.bias,7.72587278e-03,3.00000000e-03,5.553674
194,blocks.0.mlp.2.weight,1.22045703e-02,3.00000000e-03,5.553674
194,blocks.0.mlp.2.bias,1.11258339e-02,3.00000000e-03,5.553674
194,blocks.1.ln1.weight,7.38576703e-04,3.00000000e-03,5.553674
194,blocks.1.ln1.bias,1.43121020e-02,3.00000000e-03,5.553674
194,blocks.1.attn.in_proj_weight,4.46014684e-03,3.00000000e-03,5.553674
194,blocks.1.attn.in_proj_bias,1.26652560e-02,3.00000000e-03,5.553674
194,blocks.1.attn.out_proj.weight,8.21744954e-03,3.00000000e-03,5.553674
194,blocks.1.attn.out_proj.bias,1.66928614e-02,3.00000000e-03,5.553674
194,blocks.1.ln2.weight,7.21892056e-04,3.00000000e-03,5.553674
194,blocks.1.ln2.bias,1.97724716e-02,3.00000000e-03,5.553674
194,blocks.1.mlp.0.weight,5.65081397e-03,3.00000000e-03,5.553674
194,blocks.1.mlp.0.bias,7.91938475e-03,3.00000000e-03,5.553674
194,blocks.1.mlp.2.weight,1.16428556e-02,3.00000000e-03,5.553674
194,blocks.1.mlp.2.bias,1.14983554e-02,3.00000000e-03,5.553674
194,ln_f.weight,1.43570657e-03,3.00000000e-03,5.553674
194,ln_f.bias,1.05303518e-02,3.00000000e-03,5.553674
194,lm_head.weight,8.99031799e-03,3.00000000e-03,5.553674
195,token_emb.weight,6.37684584e-04,3.00000000e-03,5.555800
195,pos_emb.weight,6.62853874e-04,3.00000000e-03,5.555800
195,blocks.0.ln1.weight,6.85331420e-04,3.00000000e-03,5.555800
195,blocks.0.ln1.bias,1.11850899e-02,3.00000000e-03,5.555800
195,blocks.0.attn.in_proj_weight,6.95787149e-03,3.00000000e-03,5.555800
195,blocks.0.attn.in_proj_bias,1.21402539e-02,3.00000000e-03,5.555800
195,blocks.0.attn.out_proj.weight,7.79934987e-03,3.00000000e-03,5.555800
195,blocks.0.attn.out_proj.bias,1.36604755e-02,3.00000000e-03,5.555800
195,blocks.0.ln2.weight,7.57476971e-04,3.00000000e-03,5.555800
195,blocks.0.ln2.bias,1.41306429e-02,3.00000000e-03,5.555800
195,blocks.0.mlp.0.weight,7.00223307e-03,3.00000000e-03,5.555800
195,blocks.0.mlp.0.bias,7.30625816e-03,3.00000000e-03,5.555800
195,blocks.0.mlp.2.weight,1.19035437e-02,3.00000000e-03,5.555800
195,blocks.0.mlp.2.bias,1.07049929e-02,3.00000000e-03,5.555800
195,blocks.1.ln1.weight,7.23522751e-04,3.00000000e-03,5.555800
195,blocks.1.ln1.bias,1.37900391e-02,3.00000000e-03,5.555800
195,blocks.1.attn.in_proj_weight,4.04599477e-03,3.00000000e-03,5.555800
195,blocks.1.attn.in_proj_bias,1.14028301e-02,3.00000000e-03,5.555800
195,blocks.1.attn.out_proj.weight,7.93004181e-03,3.00000000e-03,5.555800
195,blocks.1.attn.out_proj.bias,1.61027192e-02,3.00000000e-03,5.555800
195,blocks.1.ln2.weight,6.69920284e-04,3.00000000e-03,5.555800
195,blocks.1.ln2.bias,1.73786976e-02,3.00000000e-03,5.555800
195,blocks.1.mlp.0.weight,5.23365357e-03,3.00000000e-03,5.555800
195,blocks.1.mlp.0.bias,7.22933954e-03,3.00000000e-03,5.555800
195,blocks.1.mlp.2.weight,1.12130078e-02,3.00000000e-03,5.555800
195,blocks.1.mlp.2.bias,1.10543697e-02,3.00000000e-03,5.555800
195,ln_f.weight,1.38005436e-03,3.00000000e-03,5.555800
195,ln_f.bias,9.88012155e-03,3.00000000e-03,5.555800
195,lm_head.weight,9.21676908e-03,3.00000000e-03,5.555800
196,token_emb.weight,6.36379156e-04,3.00000000e-03,5.569975
196,pos_emb.weight,6.72411477e-04,3.00000000e-03,5.569975
196,blocks.0.ln1.weight,7.19878271e-04,3.00000000e-03,5.569975
196,blocks.0.ln1.bias,1.29492115e-02,3.00000000e-03,5.569975
196,blocks.0.attn.in_proj_weight,7.00084025e-03,3.00000000e-03,5.569975
196,blocks.0.attn.in_proj_bias,1.33214907e-02,3.00000000e-03,5.569975
196,blocks.0.attn.out_proj.weight,7.97877649e-03,3.00000000e-03,5.569975
196,blocks.0.attn.out_proj.bias,1.42096126e-02,3.00000000e-03,5.569975
196,blocks.0.ln2.weight,8.11737404e-04,3.00000000e-03,5.569975
196,blocks.0.ln2.bias,1.42552967e-02,3.00000000e-03,5.569975
196,blocks.0.mlp.0.weight,7.10713811e-03,3.00000000e-03,5.569975
196,blocks.0.mlp.0.bias,7.56436533e-03,3.00000000e-03,5.569975
196,blocks.0.mlp.2.weight,1.26222234e-02,3.00000000e-03,5.569975
196,blocks.0.mlp.2.bias,1.16036796e-02,3.00000000e-03,5.569975
196,blocks.1.ln1.weight,8.38749273e-04,3.00000000e-03,5.569975
196,blocks.1.ln1.bias,1.56161163e-02,3.00000000e-03,5.569975
196,blocks.1.attn.in_proj_weight,4.51119376e-03,3.00000000e-03,5.569975
196,blocks.1.attn.in_proj_bias,1.28187159e-02,3.00000000e-03,5.569975
196,blocks.1.attn.out_proj.weight,8.60590432e-03,3.00000000e-03,5.569975
196,blocks.1.attn.out_proj.bias,1.74295111e-02,3.00000000e-03,5.569975
196,blocks.1.ln2.weight,7.20166169e-04,3.00000000e-03,5.569975
196,blocks.1.ln2.bias,1.96448328e-02,3.00000000e-03,5.569975
196,blocks.1.mlp.0.weight,5.64191910e-03,3.00000000e-03,5.569975
196,blocks.1.mlp.0.bias,7.89896407e-03,3.00000000e-03,5.569975
196,blocks.1.mlp.2.weight,1.21154004e-02,3.00000000e-03,5.569975
196,blocks.1.mlp.2.bias,1.19997334e-02,3.00000000e-03,5.569975
196,ln_f.weight,1.41200366e-03,3.00000000e-03,5.569975
196,ln_f.bias,1.04143057e-02,3.00000000e-03,5.569975
196,lm_head.weight,9.41156679e-03,3.00000000e-03,5.569975
197,token_emb.weight,6.41613559e-04,3.00000000e-03,5.568461
197,pos_emb.weight,6.80099909e-04,3.00000000e-03,5.568461
197,blocks.0.ln1.weight,7.70667441e-04,3.00000000e-03,5.568461
197,blocks.0.ln1.bias,1.48483216e-02,3.00000000e-03,5.568461
197,blocks.0.attn.in_proj_weight,7.18651291e-03,3.00000000e-03,5.568461
197,blocks.0.attn.in_proj_bias,1.48237800e-02,3.00000000e-03,5.568461
197,blocks.0.attn.out_proj.weight,8.59647850e-03,3.00000000e-03,5.568461
197,blocks.0.attn.out_proj.bias,1.56141976e-02,3.00000000e-03,5.568461
197,blocks.0.ln2.weight,7.53351981e-04,3.00000000e-03,5.568461
197,blocks.0.ln2.bias,1.43179939e-02,3.00000000e-03,5.568461
197,blocks.0.mlp.0.weight,7.40485240e-03,3.00000000e-03,5.568461
197,blocks.0.mlp.0.bias,8.09107621e-03,3.00000000e-03,5.568461
197,blocks.0.mlp.2.weight,1.33751377e-02,3.00000000e-03,5.568461
197,blocks.0.mlp.2.bias,1.25710092e-02,3.00000000e-03,5.568461
197,blocks.1.ln1.weight,7.95852213e-04,3.00000000e-03,5.568461
197,blocks.1.ln1.bias,1.53832576e-02,3.00000000e-03,5.568461
197,blocks.1.attn.in_proj_weight,4.71399164e-03,3.00000000e-03,5.568461
197,blocks.1.attn.in_proj_bias,1.34825945e-02,3.00000000e-03,5.568461
197,blocks.1.attn.out_proj.weight,9.20528730e-03,3.00000000e-03,5.568461
197,blocks.1.attn.out_proj.bias,1.88360067e-02,3.00000000e-03,5.568461
197,blocks.1.ln2.weight,6.90213078e-04,3.00000000e-03,5.568461
197,blocks.1.ln2.bias,2.04277568e-02,3.00000000e-03,5.568461
197,blocks.1.mlp.0.weight,6.09990256e-03,3.00000000e-03,5.568461
197,blocks.1.mlp.0.bias,8.61320837e-03,3.00000000e-03,5.568461
197,blocks.1.mlp.2.weight,1.30085985e-02,3.00000000e-03,5.568461
197,blocks.1.mlp.2.bias,1.29548005e-02,3.00000000e-03,5.568461
197,ln_f.weight,1.44436880e-03,3.00000000e-03,5.568461
197,ln_f.bias,1.10050452e-02,3.00000000e-03,5.568461
197,lm_head.weight,9.44615286e-03,3.00000000e-03,5.568461
198,token_emb.weight,6.48855075e-04,3.00000000e-03,5.575403
198,pos_emb.weight,6.70310381e-04,3.00000000e-03,5.575403
198,blocks.0.ln1.weight,7.18185178e-04,3.00000000e-03,5.575403
198,blocks.0.ln1.bias,1.31093877e-02,3.00000000e-03,5.575403
198,blocks.0.attn.in_proj_weight,7.19013095e-03,3.00000000e-03,5.575403
198,blocks.0.attn.in_proj_bias,1.34129326e-02,3.00000000e-03,5.575403
198,blocks.0.attn.out_proj.weight,8.44096624e-03,3.00000000e-03,5.575403
198,blocks.0.attn.out_proj.bias,1.54080953e-02,3.00000000e-03,5.575403
198,blocks.0.ln2.weight,7.83524011e-04,3.00000000e-03,5.575403
198,blocks.0.ln2.bias,1.40315102e-02,3.00000000e-03,5.575403
198,blocks.0.mlp.0.weight,7.19863718e-03,3.00000000e-03,5.575403
198,blocks.0.mlp.0.bias,7.75075817e-03,3.00000000e-03,5.575403
198,blocks.0.mlp.2.weight,1.30871306e-02,3.00000000e-03,5.575403
198,blocks.0.mlp.2.bias,1.23086447e-02,3.00000000e-03,5.575403
198,blocks.1.ln1.weight,8.03636411e-04,3.00000000e-03,5.575403
198,blocks.1.ln1.bias,1.51655560e-02,3.00000000e-03,5.575403
198,blocks.1.attn.in_proj_weight,4.69581032e-03,3.00000000e-03,5.575403
198,blocks.1.attn.in_proj_bias,1.34325505e-02,3.00000000e-03,5.575403
198,blocks.1.attn.out_proj.weight,9.07927060e-03,3.00000000e-03,5.575403
198,blocks.1.attn.out_proj.bias,1.86201572e-02,3.00000000e-03,5.575403
198,blocks.1.ln2.weight,7.18245673e-04,3.00000000e-03,5.575403
198,blocks.1.ln2.bias,2.03396769e-02,3.00000000e-03,5.575403
198,blocks.1.mlp.0.weight,5.91757979e-03,3.00000000e-03,5.575403
198,blocks.1.mlp.0.bias,8.30883654e-03,3.00000000e-03,5.575403
198,blocks.1.mlp.2.weight,1.28877265e-02,3.00000000e-03,5.575403
198,blocks.1.mlp.2.bias,1.28458602e-02,3.00000000e-03,5.575403
198,ln_f.weight,1.46285915e-03,3.00000000e-03,5.575403
198,ln_f.bias,1.09964289e-02,3.00000000e-03,5.575403
198,lm_head.weight,9.40076854e-03,3.00000000e-03,5.575403
199,token_emb.weight,6.52239448e-04,3.00000000e-03,5.568838
199,pos_emb.weight,6.76418509e-04,3.00000000e-03,5.568838
199,blocks.0.ln1.weight,7.09003858e-04,3.00000000e-03,5.568838
199,blocks.0.ln1.bias,1.15071119e-02,3.00000000e-03,5.568838
199,blocks.0.attn.in_proj_weight,6.97985150e-03,3.00000000e-03,5.568838
199,blocks.0.attn.in_proj_bias,1.20063014e-02,3.00000000e-03,5.568838
199,blocks.0.attn.out_proj.weight,7.70356804e-03,3.00000000e-03,5.568838
199,blocks.0.attn.out_proj.bias,1.38168927e-02,3.00000000e-03,5.568838
199,blocks.0.ln2.weight,8.44987116e-04,3.00000000e-03,5.568838
199,blocks.0.ln2.bias,1.40803163e-02,3.00000000e-03,5.568838
199,blocks.0.mlp.0.weight,6.88427498e-03,3.00000000e-03,5.568838
199,blocks.0.mlp.0.bias,7.10219580e-03,3.00000000e-03,5.568838
199,blocks.0.mlp.2.weight,1.20409690e-02,3.00000000e-03,5.568838
199,blocks.0.mlp.2.bias,1.09717238e-02,3.00000000e-03,5.568838
199,blocks.1.ln1.weight,8.03043500e-04,3.00000000e-03,5.568838
199,blocks.1.ln1.bias,1.50943713e-02,3.00000000e-03,5.568838
199,blocks.1.attn.in_proj_weight,4.37009625e-03,3.00000000e-03,5.568838
199,blocks.1.attn.in_proj_bias,1.23692667e-02,3.00000000e-03,5.568838
199,blocks.1.attn.out_proj.weight,8.01058829e-03,3.00000000e-03,5.568838
199,blocks.1.attn.out_proj.bias,1.64022237e-02,3.00000000e-03,5.568838
199,blocks.1.ln2.weight,7.27626161e-04,3.00000000e-03,5.568838
199,blocks.1.ln2.bias,1.87063131e-02,3.00000000e-03,5.568838
199,blocks.1.mlp.0.weight,5.33214508e-03,3.00000000e-03,5.568838
199,blocks.1.mlp.0.bias,7.39656114e-03,3.00000000e-03,5.568838
199,blocks.1.mlp.2.weight,1.14344699e-02,3.00000000e-03,5.568838
199,blocks.1.mlp.2.bias,1.13384756e-02,3.00000000e-03,5.568838
199,ln_f.weight,1.40934671e-03,3.00000000e-03,5.568838
199,ln_f.bias,1.00416187e-02,3.00000000e-03,5.568838
199,lm_head.weight,9.30130438e-03,3.00000000e-03,5.568838
200,token_emb.weight,6.56094553e-04,3.00000000e-03,5.573523
200,pos_emb.weight,6.79621710e-04,3.00000000e-03,5.573523
200,blocks.0.ln1.weight,6.94539699e-04,3.00000000e-03,5.573523
200,blocks.0.ln1.bias,8.75874468e-03,3.00000000e-03,5.573523
200,blocks.0.attn.in_proj_weight,6.84977049e-03,3.00000000e-03,5.573523
200,blocks.0.attn.in_proj_bias,9.99742054e-03,3.00000000e-03,5.573523
200,blocks.0.attn.out_proj.weight,7.40505332e-03,3.00000000e-03,5.573523
200,blocks.0.attn.out_proj.bias,1.32815606e-02,3.00000000e-03,5.573523
200,blocks.0.ln2.weight,8.56004964e-04,3.00000000e-03,5.573523
200,blocks.0.ln2.bias,1.28210464e-02,3.00000000e-03,5.573523
200,blocks.0.mlp.0.weight,6.44357053e-03,3.00000000e-03,5.573523
200,blocks.0.mlp.0.bias,6.36767446e-03,3.00000000e-03,5.573523
200,blocks.0.mlp.2.weight,1.16011991e-02,3.00000000e-03,5.573523
200,blocks.0.mlp.2.bias,1.04737051e-02,3.00000000e-03,5.573523
200,blocks.1.ln1.weight,7.43964916e-04,3.00000000e-03,5.573523
200,blocks.1.ln1.bias,1.37643648e-02,3.00000000e-03,5.573523
200,blocks.1.attn.in_proj_weight,4.03905473e-03,3.00000000e-03,5.573523
200,blocks.1.attn.in_proj_bias,1.12550485e-02,3.00000000e-03,5.573523
200,blocks.1.attn.out_proj.weight,7.51991377e-03,3.00000000e-03,5.573523
200,blocks.1.attn.out_proj.bias,1.54348219e-02,3.00000000e-03,5.573523
200,blocks.1.ln2.weight,6.88861038e-04,3.00000000e-03,5.573523
200,blocks.1.ln2.bias,1.65082204e-02,3.00000000e-03,5.573523
200,blocks.1.mlp.0.weight,5.08020551e-03,3.00000000e-03,5.573523
200,blocks.1.mlp.0.bias,6.96316821e-03,3.00000000e-03,5.573523
200,blocks.1.mlp.2.weight,1.08216115e-02,3.00000000e-03,5.573523
200,blocks.1.mlp.2.bias,1.07021256e-02,3.00000000e-03,5.573523
200,ln_f.weight,1.40802441e-03,3.00000000e-03,5.573523
200,ln_f.bias,9.33279401e-03,3.00000000e-03,5.573523
200,lm_head.weight,9.06915241e-03,3.00000000e-03,5.573523
201,token_emb.weight,6.59215776e-04,3.00000000e-03,5.544668
201,pos_emb.weight,6.67835532e-04,3.00000000e-03,5.544668
201,blocks.0.ln1.weight,6.40413804e-04,3.00000000e-03,5.544668
201,blocks.0.ln1.bias,7.03580273e-03,3.00000000e-03,5.544668
201,blocks.0.attn.in_proj_weight,6.78890567e-03,3.00000000e-03,5.544668
201,blocks.0.attn.in_proj_bias,9.26165864e-03,3.00000000e-03,5.544668
201,blocks.0.attn.out_proj.weight,6.99508954e-03,3.00000000e-03,5.544668
201,blocks.0.attn.out_proj.bias,1.25552916e-02,3.00000000e-03,5.544668
201,blocks.0.ln2.weight,8.16607014e-04,3.00000000e-03,5.544668
201,blocks.0.ln2.bias,1.24198034e-02,3.00000000e-03,5.544668
201,blocks.0.mlp.0.weight,6.38902412e-03,3.00000000e-03,5.544668
201,blocks.0.mlp.0.bias,6.22978174e-03,3.00000000e-03,5.544668
201,blocks.0.mlp.2.weight,1.11970551e-02,3.00000000e-03,5.544668
201,blocks.0.mlp.2.bias,1.00571709e-02,3.00000000e-03,5.544668
201,blocks.1.ln1.weight,5.89693194e-04,3.00000000e-03,5.544668
201,blocks.1.ln1.bias,1.02927396e-02,3.00000000e-03,5.544668
201,blocks.1.attn.in_proj_weight,3.65377032e-03,3.00000000e-03,5.544668
201,blocks.1.attn.in_proj_bias,1.00099515e-02,3.00000000e-03,5.544668
201,blocks.1.attn.out_proj.weight,7.18357321e-03,3.00000000e-03,5.544668
201,blocks.1.attn.out_proj.bias,1.46930930e-02,3.00000000e-03,5.544668
201,blocks.1.ln2.weight,6.23894896e-04,3.00000000e-03,5.544668
201,blocks.1.ln2.bias,1.48856422e-02,3.00000000e-03,5.544668
201,blocks.1.mlp.0.weight,4.76663216e-03,3.00000000e-03,5.544668
201,blocks.1.mlp.0.bias,6.46644340e-03,3.00000000e-03,5.544668
201,blocks.1.mlp.2.weight,1.03100031e-02,3.00000000e-03,5.544668
201,blocks.1.mlp.2.bias,1.02321631e-02,3.00000000e-03,5.544668
201,ln_f.weight,1.35155399e-03,3.00000000e-03,5.544668
201,ln_f.bias,8.82734271e-03,3.00000000e-03,5.544668
201,lm_head.weight,9.13748815e-03,3.00000000e-03,5.544668
202,token_emb.weight,6.63843647e-04,3.00000000e-03,5.546076
202,pos_emb.weight,6.77137962e-04,3.00000000e-03,5.546076
202,blocks.0.ln1.weight,6.83560692e-04,3.00000000e-03,5.546076
202,blocks.0.ln1.bias,5.10681099e-03,3.00000000e-03,5.546076
202,blocks.0.attn.in_proj_weight,6.89777123e-03,3.00000000e-03,5.546076
202,blocks.0.attn.in_proj_bias,8.35742533e-03,3.00000000e-03,5.546076
202,blocks.0.attn.out_proj.weight,6.99282534e-03,3.00000000e-03,5.546076
202,blocks.0.attn.out_proj.bias,1.25614140e-02,3.00000000e-03,5.546076
202,blocks.0.ln2.weight,8.30379354e-04,3.00000000e-03,5.546076
202,blocks.0.ln2.bias,1.27212041e-02,3.00000000e-03,5.546076
202,blocks.0.mlp.0.weight,6.57689518e-03,3.00000000e-03,5.546076
202,blocks.0.mlp.0.bias,6.44471973e-03,3.00000000e-03,5.546076
202,blocks.0.mlp.2.weight,1.14273838e-02,3.00000000e-03,5.546076
202,blocks.0.mlp.2.bias,1.02994046e-02,3.00000000e-03,5.546076
202,blocks.1.ln1.weight,6.28514542e-04,3.00000000e-03,5.546076
202,blocks.1.ln1.bias,1.10934765e-02,3.00000000e-03,5.546076
202,blocks.1.attn.in_proj_weight,3.71069946e-03,3.00000000e-03,5.546076
202,blocks.1.attn.in_proj_bias,1.02313961e-02,3.00000000e-03,5.546076
202,blocks.1.attn.out_proj.weight,7.32849137e-03,3.00000000e-03,5.546076
202,blocks.1.attn.out_proj.bias,1.50334905e-02,3.00000000e-03,5.546076
202,blocks.1.ln2.weight,7.11882256e-04,3.00000000e-03,5.546076
202,blocks.1.ln2.bias,1.65157037e-02,3.00000000e-03,5.546076
202,blocks.1.mlp.0.weight,4.75457646e-03,3.00000000e-03,5.546076
202,blocks.1.mlp.0.bias,6.42077238e-03,3.00000000e-03,5.546076
202,blocks.1.mlp.2.weight,1.05733996e-02,3.00000000e-03,5.546076
202,blocks.1.mlp.2.bias,1.05152135e-02,3.00000000e-03,5.546076
202,ln_f.weight,1.32614389e-03,3.00000000e-03,5.546076
202,ln_f.bias,8.61833726e-03,3.00000000e-03,5.546076
202,lm_head.weight,9.21388136e-03,3.00000000e-03,5.546076
203,token_emb.weight,6.61431843e-04,3.00000000e-03,5.581197
203,pos_emb.weight,6.82001404e-04,3.00000000e-03,5.581197
203,blocks.0.ln1.weight,6.97668556e-04,3.00000000e-03,5.581197
203,blocks.0.ln1.bias,5.99083691e-03,3.00000000e-03,5.581197
203,blocks.0.attn.in_proj_weight,7.00933516e-03,3.00000000e-03,5.581197
203,blocks.0.attn.in_proj_bias,9.68960796e-03,3.00000000e-03,5.581197
203,blocks.0.attn.out_proj.weight,7.33154993e-03,3.00000000e-03,5.581197
203,blocks.0.attn.out_proj.bias,1.35933851e-02,3.00000000e-03,5.581197
203,blocks.0.ln2.weight,7.97699462e-04,3.00000000e-03,5.581197
203,blocks.0.ln2.bias,1.27866667e-02,3.00000000e-03,5.581197
203,blocks.0.mlp.0.weight,6.77436683e-03,3.00000000e-03,5.581197
203,blocks.0.mlp.0.bias,6.85904369e-03,3.00000000e-03,5.581197
203,blocks.0.mlp.2.weight,1.18834865e-02,3.00000000e-03,5.581197
203,blocks.0.mlp.2.bias,1.09056074e-02,3.00000000e-03,5.581197
203,blocks.1.ln1.weight,6.41907912e-04,3.00000000e-03,5.581197
203,blocks.1.ln1.bias,1.11305824e-02,3.00000000e-03,5.581197
203,blocks.1.attn.in_proj_weight,3.97575007e-03,3.00000000e-03,5.581197
203,blocks.1.attn.in_proj_bias,1.09833115e-02,3.00000000e-03,5.581197
203,blocks.1.attn.out_proj.weight,7.63006004e-03,3.00000000e-03,5.581197
203,blocks.1.attn.out_proj.bias,1.56814114e-02,3.00000000e-03,5.581197
203,blocks.1.ln2.weight,7.53760458e-04,3.00000000e-03,5.581197
203,blocks.1.ln2.bias,1.77438211e-02,3.00000000e-03,5.581197
203,blocks.1.mlp.0.weight,5.15497745e-03,3.00000000e-03,5.581197
203,blocks.1.mlp.0.bias,7.04556216e-03,3.00000000e-03,5.581197
203,blocks.1.mlp.2.weight,1.10328057e-02,3.00000000e-03,5.581197
203,blocks.1.mlp.2.bias,1.09951289e-02,3.00000000e-03,5.581197
203,ln_f.weight,1.37248430e-03,3.00000000e-03,5.581197
203,ln_f.bias,8.94115119e-03,3.00000000e-03,5.581197
203,lm_head.weight,9.13523137e-03,3.00000000e-03,5.581197
204,token_emb.weight,6.66824188e-04,3.00000000e-03,5.534884
204,pos_emb.weight,6.76673357e-04,3.00000000e-03,5.534884
204,blocks.0.ln1.weight,6.69951242e-04,3.00000000e-03,5.534884
204,blocks.0.ln1.bias,4.78590585e-03,3.00000000e-03,5.534884
204,blocks.0.attn.in_proj_weight,6.95213658e-03,3.00000000e-03,5.534884
204,blocks.0.attn.in_proj_bias,8.58840682e-03,3.00000000e-03,5.534884
204,blocks.0.attn.out_proj.weight,6.78156185e-03,3.00000000e-03,5.534884
204,blocks.0.attn.out_proj.bias,1.25864114e-02,3.00000000e-03,5.534884
204,blocks.0.ln2.weight,8.02514624e-04,3.00000000e-03,5.534884
204,blocks.0.ln2.bias,1.22873961e-02,3.00000000e-03,5.534884
204,blocks.0.mlp.0.weight,6.67745495e-03,3.00000000e-03,5.534884
204,blocks.0.mlp.0.bias,6.67298158e-03,3.00000000e-03,5.534884
204,blocks.0.mlp.2.weight,1.14630788e-02,3.00000000e-03,5.534884
204,blocks.0.mlp.2.bias,1.03427616e-02,3.00000000e-03,5.534884
204,blocks.1.ln1.weight,5.51018716e-04,3.00000000e-03,5.534884
204,blocks.1.ln1.bias,9.64160366e-03,3.00000000e-03,5.534884
204,blocks.1.attn.in_proj_weight,3.73664352e-03,3.00000000e-03,5.534884
204,blocks.1.attn.in_proj_bias,1.02765094e-02,3.00000000e-03,5.534884
204,blocks.1.attn.out_proj.weight,7.29502680e-03,3.00000000e-03,5.534884
204,blocks.1.attn.out_proj.bias,1.49594008e-02,3.00000000e-03,5.534884
204,blocks.1.ln2.weight,7.61459469e-04,3.00000000e-03,5.534884
204,blocks.1.ln2.bias,1.88001407e-02,3.00000000e-03,5.534884
204,blocks.1.mlp.0.weight,5.17816773e-03,3.00000000e-03,5.534884
204,blocks.1.mlp.0.bias,7.15053767e-03,3.00000000e-03,5.534884
204,blocks.1.mlp.2.weight,1.05496850e-02,3.00000000e-03,5.534884
204,blocks.1.mlp.2.bias,1.04971015e-02,3.00000000e-03,5.534884
204,ln_f.weight,1.28829547e-03,3.00000000e-03,5.534884
204,ln_f.bias,8.27082988e-03,3.00000000e-03,5.534884
204,lm_head.weight,9.07410067e-03,3.00000000e-03,5.534884
205,token_emb.weight,6.70339552e-04,3.00000000e-03,5.557283
205,pos_emb.weight,6.81616875e-04,3.00000000e-03,5.557283
205,blocks.0.ln1.weight,6.75256727e-04,3.00000000e-03,5.557283
205,blocks.0.ln1.bias,5.05344806e-03,3.00000000e-03,5.557283
205,blocks.0.attn.in_proj_weight,6.94991792e-03,3.00000000e-03,5.557283
205,blocks.0.attn.in_proj_bias,9.41272417e-03,3.00000000e-03,5.557283
205,blocks.0.attn.out_proj.weight,6.92638174e-03,3.00000000e-03,5.557283
205,blocks.0.attn.out_proj.bias,1.33168010e-02,3.00000000e-03,5.557283
205,blocks.0.ln2.weight,8.02282426e-04,3.00000000e-03,5.557283
205,blocks.0.ln2.bias,1.35713367e-02,3.00000000e-03,5.557283
205,blocks.0.mlp.0.weight,6.89976727e-03,3.00000000e-03,5.557283
205,blocks.0.mlp.0.bias,7.21900643e-03,3.00000000e-03,5.557283
205,blocks.0.mlp.2.weight,1.19178107e-02,3.00000000e-03,5.557283
205,blocks.0.mlp.2.bias,1.09727295e-02,3.00000000e-03,5.557283
205,blocks.1.ln1.weight,5.65916842e-04,3.00000000e-03,5.557283
205,blocks.1.ln1.bias,9.65228173e-03,3.00000000e-03,5.557283
205,blocks.1.attn.in_proj_weight,3.93650156e-03,3.00000000e-03,5.557283
205,blocks.1.attn.in_proj_bias,1.09541911e-02,3.00000000e-03,5.557283
205,blocks.1.attn.out_proj.weight,7.71343870e-03,3.00000000e-03,5.557283
205,blocks.1.attn.out_proj.bias,1.58571148e-02,3.00000000e-03,5.557283
205,blocks.1.ln2.weight,7.97827566e-04,3.00000000e-03,5.557283
205,blocks.1.ln2.bias,2.14878093e-02,3.00000000e-03,5.557283
205,blocks.1.mlp.0.weight,5.49623608e-03,3.00000000e-03,5.557283
205,blocks.1.mlp.0.bias,7.68667299e-03,3.00000000e-03,5.557283
205,blocks.1.mlp.2.weight,1.11267257e-02,3.00000000e-03,5.557283
205,blocks.1.mlp.2.bias,1.11515356e-02,3.00000000e-03,5.557283
205,ln_f.weight,1.31591775e-03,3.00000000e-03,5.557283
205,ln_f.bias,8.48955740e-03,3.00000000e-03,5.557283
205,lm_head.weight,8.85881175e-03,3.00000000e-03,5.557283
206,token_emb.weight,6.74523656e-04,3.00000000e-03,5.552763
206,pos_emb.weight,6.84632934e-04,3.00000000e-03,5.552763
206,blocks.0.ln1.weight,7.13908550e-04,3.00000000e-03,5.552763
206,blocks.0.ln1.bias,4.70141059e-03,3.00000000e-03,5.552763
206,blocks.0.attn.in_proj_weight,6.92647309e-03,3.00000000e-03,5.552763
206,blocks.0.attn.in_proj_bias,8.85519670e-03,3.00000000e-03,5.552763
206,blocks.0.attn.out_proj.weight,6.55643569e-03,3.00000000e-03,5.552763
206,blocks.0.attn.out_proj.bias,1.23952860e-02,3.00000000e-03,5.552763
206,blocks.0.ln2.weight,7.59819461e-04,3.00000000e-03,5.552763
206,blocks.0.ln2.bias,1.22471923e-02,3.00000000e-03,5.552763
206,blocks.0.mlp.0.weight,6.65284220e-03,3.00000000e-03,5.552763
206,blocks.0.mlp.0.bias,6.65780883e-03,3.00000000e-03,5.552763
206,blocks.0.mlp.2.weight,1.12710444e-02,3.00000000e-03,5.552763
206,blocks.0.mlp.2.bias,1.01338372e-02,3.00000000e-03,5.552763
206,blocks.1.ln1.weight,5.59157779e-04,3.00000000e-03,5.552763
206,blocks.1.ln1.bias,9.84966744e-03,3.00000000e-03,5.552763
206,blocks.1.attn.in_proj_weight,3.59353162e-03,3.00000000e-03,5.552763
206,blocks.1.attn.in_proj_bias,9.92014968e-03,3.00000000e-03,5.552763
206,blocks.1.attn.out_proj.weight,7.20979169e-03,3.00000000e-03,5.552763
206,blocks.1.attn.out_proj.bias,1.48086194e-02,3.00000000e-03,5.552763
206,blocks.1.ln2.weight,7.45023719e-04,3.00000000e-03,5.552763
206,blocks.1.ln2.bias,1.97144838e-02,3.00000000e-03,5.552763
206,blocks.1.mlp.0.weight,5.30688441e-03,3.00000000e-03,5.552763
206,blocks.1.mlp.0.bias,7.43758689e-03,3.00000000e-03,5.552763
206,blocks.1.mlp.2.weight,1.04424076e-02,3.00000000e-03,5.552763
206,blocks.1.mlp.2.bias,1.04812029e-02,3.00000000e-03,5.552763
206,ln_f.weight,1.29421705e-03,3.00000000e-03,5.552763
206,ln_f.bias,7.98239892e-03,3.00000000e-03,5.552763
206,lm_head.weight,8.62420533e-03,3.00000000e-03,5.552763
207,token_emb.weight,6.76093504e-04,3.00000000e-03,5.554523
207,pos_emb.weight,6.81982201e-04,3.00000000e-03,5.554523
207,blocks.0.ln1.weight,6.99752767e-04,3.00000000e-03,5.554523
207,blocks.0.ln1.bias,4.99189092e-03,3.00000000e-03,5.554523
207,blocks.0.attn.in_proj_weight,6.94414319e-03,3.00000000e-03,5.554523
207,blocks.0.attn.in_proj_bias,8.96397336e-03,3.00000000e-03,5.554523
207,blocks.0.attn.out_proj.weight,6.57946938e-03,3.00000000e-03,5.554523
207,blocks.0.attn.out_proj.bias,1.26151208e-02,3.00000000e-03,5.554523
207,blocks.0.ln2.weight,7.07172845e-04,3.00000000e-03,5.554523
207,blocks.0.ln2.bias,1.13626379e-02,3.00000000e-03,5.554523
207,blocks.0.mlp.0.weight,6.54305216e-03,3.00000000e-03,5.554523
207,blocks.0.mlp.0.bias,6.42701220e-03,3.00000000e-03,5.554523
207,blocks.0.mlp.2.weight,1.14360263e-02,3.00000000e-03,5.554523
207,blocks.0.mlp.2.bias,1.03625077e-02,3.00000000e-03,5.554523
207,blocks.1.ln1.weight,5.58261475e-04,3.00000000e-03,5.554523
207,blocks.1.ln1.bias,9.39521471e-03,3.00000000e-03,5.554523
207,blocks.1.attn.in_proj_weight,3.75669124e-03,3.00000000e-03,5.554523
207,blocks.1.attn.in_proj_bias,1.05306940e-02,3.00000000e-03,5.554523
207,blocks.1.attn.out_proj.weight,7.30299942e-03,3.00000000e-03,5.554523
207,blocks.1.attn.out_proj.bias,1.50396250e-02,3.00000000e-03,5.554523
207,blocks.1.ln2.weight,7.26809973e-04,3.00000000e-03,5.554523
207,blocks.1.ln2.bias,1.89752766e-02,3.00000000e-03,5.554523
207,blocks.1.mlp.0.weight,5.09318270e-03,3.00000000e-03,5.554523
207,blocks.1.mlp.0.bias,7.13091056e-03,3.00000000e-03,5.554523
207,blocks.1.mlp.2.weight,1.05716318e-02,3.00000000e-03,5.554523
207,blocks.1.mlp.2.bias,1.06364705e-02,3.00000000e-03,5.554523
207,ln_f.weight,1.27496118e-03,3.00000000e-03,5.554523
207,ln_f.bias,7.81203973e-03,3.00000000e-03,5.554523
207,lm_head.weight,8.64841318e-03,3.00000000e-03,5.554523
208,token_emb.weight,6.76778794e-04,3.00000000e-03,5.550276
208,pos_emb.weight,6.80773865e-04,3.00000000e-03,5.550276
208,blocks.0.ln1.weight,6.79011353e-04,3.00000000e-03,5.550276
208,blocks.0.ln1.bias,5.25675770e-03,3.00000000e-03,5.550276
208,blocks.0.attn.in_proj_weight,6.95583109e-03,3.00000000e-03,5.550276
208,blocks.0.attn.in_proj_bias,8.67756708e-03,3.00000000e-03,5.550276
208,blocks.0.attn.out_proj.weight,6.52763103e-03,3.00000000e-03,5.550276
208,blocks.0.attn.out_proj.bias,1.23186164e-02,3.00000000e-03,5.550276
208,blocks.0.ln2.weight,6.79722321e-04,3.00000000e-03,5.550276
208,blocks.0.ln2.bias,1.06566254e-02,3.00000000e-03,5.550276
208,blocks.0.mlp.0.weight,6.55935135e-03,3.00000000e-03,5.550276
208,blocks.0.mlp.0.bias,6.27250666e-03,3.00000000e-03,5.550276
208,blocks.0.mlp.2.weight,1.11540899e-02,3.00000000e-03,5.550276
208,blocks.0.mlp.2.bias,9.98429584e-03,3.00000000e-03,5.550276
208,blocks.1.ln1.weight,5.20465534e-04,3.00000000e-03,5.550276
208,blocks.1.ln1.bias,8.83875189e-03,3.00000000e-03,5.550276
208,blocks.1.attn.in_proj_weight,3.51883910e-03,3.00000000e-03,5.550276
208,blocks.1.attn.in_proj_bias,9.91440338e-03,3.00000000e-03,5.550276
208,blocks.1.attn.out_proj.weight,7.10995181e-03,3.00000000e-03,5.550276
208,blocks.1.attn.out_proj.bias,1.45527976e-02,3.00000000e-03,5.550276
208,blocks.1.ln2.weight,6.96285700e-04,3.00000000e-03,5.550276
208,blocks.1.ln2.bias,1.70314910e-02,3.00000000e-03,5.550276
208,blocks.1.mlp.0.weight,4.89300717e-03,3.00000000e-03,5.550276
208,blocks.1.mlp.0.bias,6.79112161e-03,3.00000000e-03,5.550276
208,blocks.1.mlp.2.weight,1.02567679e-02,3.00000000e-03,5.550276
208,blocks.1.mlp.2.bias,1.03238870e-02,3.00000000e-03,5.550276
208,ln_f.weight,1.25540885e-03,3.00000000e-03,5.550276
208,ln_f.bias,7.46129642e-03,3.00000000e-03,5.550276
208,lm_head.weight,8.68274180e-03,3.00000000e-03,5.550276
209,token_emb.weight,6.79565507e-04,3.00000000e-03,5.569976
209,pos_emb.weight,6.83940920e-04,3.00000000e-03,5.569976
209,blocks.0.ln1.weight,7.23694646e-04,3.00000000e-03,5.569976
209,blocks.0.ln1.bias,5.79163119e-03,3.00000000e-03,5.569976
209,blocks.0.attn.in_proj_weight,7.17598231e-03,3.00000000e-03,5.569976
209,blocks.0.attn.in_proj_bias,9.23363225e-03,3.00000000e-03,5.569976
209,blocks.0.attn.out_proj.weight,6.50779595e-03,3.00000000e-03,5.569976
209,blocks.0.attn.out_proj.bias,1.25183641e-02,3.00000000e-03,5.569976
209,blocks.0.ln2.weight,7.02297758e-04,3.00000000e-03,5.569976
209,blocks.0.ln2.bias,1.08543971e-02,3.00000000e-03,5.569976
209,blocks.0.mlp.0.weight,6.63278613e-03,3.00000000e-03,5.569976
209,blocks.0.mlp.0.bias,6.45906644e-03,3.00000000e-03,5.569976
209,blocks.0.mlp.2.weight,1.10555704e-02,3.00000000e-03,5.569976
209,blocks.0.mlp.2.bias,9.98070594e-03,3.00000000e-03,5.569976
209,blocks.1.ln1.weight,5.09664887e-04,3.00000000e-03,5.569976
209,blocks.1.ln1.bias,8.89215822e-03,3.00000000e-03,5.569976
209,blocks.1.attn.in_proj_weight,3.56561311e-03,3.00000000e-03,5.569976
209,blocks.1.attn.in_proj_bias,1.01263666e-02,3.00000000e-03,5.569976
209,blocks.1.attn.out_proj.weight,7.07955849e-03,3.00000000e-03,5.569976
209,blocks.1.attn.out_proj.bias,1.44655247e-02,3.00000000e-03,5.569976
209,blocks.1.ln2.weight,6.40939899e-04,3.00000000e-03,5.569976
209,blocks.1.ln2.bias,1.56981857e-02,3.00000000e-03,5.569976
209,blocks.1.mlp.0.weight,4.87253304e-03,3.00000000e-03,5.569976
209,blocks.1.mlp.0.bias,6.79654160e-03,3.00000000e-03,5.569976
209,blocks.1.mlp.2.weight,1.02697397e-02,3.00000000e-03,5.569976
209,blocks.1.mlp.2.bias,1.03031234e-02,3.00000000e-03,5.569976
209,ln_f.weight,1.25468084e-03,3.00000000e-03,5.569976
209,ln_f.bias,7.49753868e-03,3.00000000e-03,5.569976
209,lm_head.weight,8.64284834e-03,3.00000000e-03,5.569976
210,token_emb.weight,6.85948307e-04,3.00000000e-03,5.558337
210,pos_emb.weight,6.92841296e-04,3.00000000e-03,5.558337
210,blocks.0.ln1.weight,7.80697596e-04,3.00000000e-03,5.558337
210,blocks.0.ln1.bias,5.38653231e-03,3.00000000e-03,5.558337
210,blocks.0.attn.in_proj_weight,7.16634116e-03,3.00000000e-03,5.558337
210,blocks.0.attn.in_proj_bias,9.70659448e-03,3.00000000e-03,5.558337
210,blocks.0.attn.out_proj.weight,6.37602596e-03,3.00000000e-03,5.558337
210,blocks.0.attn.out_proj.bias,1.23900378e-02,3.00000000e-03,5.558337
210,blocks.0.ln2.weight,7.19911346e-04,3.00000000e-03,5.558337
210,blocks.0.ln2.bias,1.16238225e-02,3.00000000e-03,5.558337
210,blocks.0.mlp.0.weight,6.69161238e-03,3.00000000e-03,5.558337
210,blocks.0.mlp.0.bias,6.66195498e-03,3.00000000e-03,5.558337
210,blocks.0.mlp.2.weight,1.09775312e-02,3.00000000e-03,5.558337
210,blocks.0.mlp.2.bias,9.89775991e-03,3.00000000e-03,5.558337
210,blocks.1.ln1.weight,5.72450870e-04,3.00000000e-03,5.558337
210,blocks.1.ln1.bias,1.09609497e-02,3.00000000e-03,5.558337
210,blocks.1.attn.in_proj_weight,3.84267802e-03,3.00000000e-03,5.558337
210,blocks.1.attn.in_proj_bias,1.10019560e-02,3.00000000e-03,5.558337
210,blocks.1.attn.out_proj.weight,6.92963792e-03,3.00000000e-03,5.558337
210,blocks.1.attn.out_proj.bias,1.42076761e-02,3.00000000e-03,5.558337
210,blocks.1.ln2.weight,6.07945836e-04,3.00000000e-03,5.558337
210,blocks.1.ln2.bias,1.52426790e-02,3.00000000e-03,5.558337
210,blocks.1.mlp.0.weight,4.81425616e-03,3.00000000e-03,5.558337
210,blocks.1.mlp.0.bias,6.76125695e-03,3.00000000e-03,5.558337
210,blocks.1.mlp.2.weight,1.00911752e-02,3.00000000e-03,5.558337
210,blocks.1.mlp.2.bias,1.01187659e-02,3.00000000e-03,5.558337
210,ln_f.weight,1.25350908e-03,3.00000000e-03,5.558337
210,ln_f.bias,7.28594463e-03,3.00000000e-03,5.558337
210,lm_head.weight,8.33735863e-03,3.00000000e-03,5.558337
211,token_emb.weight,6.85455454e-04,3.00000000e-03,5.567654
211,pos_emb.weight,6.98072774e-04,3.00000000e-03,5.567654
211,blocks.0.ln1.weight,7.65337865e-04,3.00000000e-03,5.567654
211,blocks.0.ln1.bias,5.55100795e-03,3.00000000e-03,5.567654
211,blocks.0.attn.in_proj_weight,7.11830951e-03,3.00000000e-03,5.567654
211,blocks.0.attn.in_proj_bias,1.01758454e-02,3.00000000e-03,5.567654
211,blocks.0.attn.out_proj.weight,6.42489854e-03,3.00000000e-03,5.567654
211,blocks.0.attn.out_proj.bias,1.22618909e-02,3.00000000e-03,5.567654
211,blocks.0.ln2.weight,7.67430330e-04,3.00000000e-03,5.567654
211,blocks.0.ln2.bias,1.11723049e-02,3.00000000e-03,5.567654
211,blocks.0.mlp.0.weight,6.56325972e-03,3.00000000e-03,5.567654
211,blocks.0.mlp.0.bias,6.42269721e-03,3.00000000e-03,5.567654
211,blocks.0.mlp.2.weight,1.09712566e-02,3.00000000e-03,5.567654
211,blocks.0.mlp.2.bias,9.73200349e-03,3.00000000e-03,5.567654
211,blocks.1.ln1.weight,5.38701630e-04,3.00000000e-03,5.567654
211,blocks.1.ln1.bias,1.10494893e-02,3.00000000e-03,5.567654
211,blocks.1.attn.in_proj_weight,3.61281435e-03,3.00000000e-03,5.567654
211,blocks.1.attn.in_proj_bias,1.02583007e-02,3.00000000e-03,5.567654
211,blocks.1.attn.out_proj.weight,6.76900603e-03,3.00000000e-03,5.567654
211,blocks.1.attn.out_proj.bias,1.38431881e-02,3.00000000e-03,5.567654
211,blocks.1.ln2.weight,5.93677958e-04,3.00000000e-03,5.567654
211,blocks.1.ln2.bias,1.53444887e-02,3.00000000e-03,5.567654
211,blocks.1.mlp.0.weight,4.78398854e-03,3.00000000e-03,5.567654
211,blocks.1.mlp.0.bias,6.71486504e-03,3.00000000e-03,5.567654
211,blocks.1.mlp.2.weight,9.90520367e-03,3.00000000e-03,5.567654
211,blocks.1.mlp.2.bias,9.87075820e-03,3.00000000e-03,5.567654
211,ln_f.weight,1.30056770e-03,3.00000000e-03,5.567654
211,ln_f.bias,7.28538000e-03,3.00000000e-03,5.567654
211,lm_head.weight,8.18139859e-03,3.00000000e-03,5.567654
212,token_emb.weight,6.87925844e-04,3.00000000e-03,5.563601
212,pos_emb.weight,7.02203365e-04,3.00000000e-03,5.563601
212,blocks.0.ln1.weight,6.69534303e-04,3.00000000e-03,5.563601
212,blocks.0.ln1.bias,5.52062026e-03,3.00000000e-03,5.563601
212,blocks.0.attn.in_proj_weight,7.22386710e-03,3.00000000e-03,5.563601
212,blocks.0.attn.in_proj_bias,1.05498736e-02,3.00000000e-03,5.563601
212,blocks.0.attn.out_proj.weight,6.81392486e-03,3.00000000e-03,5.563601
212,blocks.0.attn.out_proj.bias,1.33591008e-02,3.00000000e-03,5.563601
212,blocks.0.ln2.weight,7.81256390e-04,3.00000000e-03,5.563601
212,blocks.0.ln2.bias,1.16111832e-02,3.00000000e-03,5.563601
212,blocks.0.mlp.0.weight,6.75992038e-03,3.00000000e-03,5.563601
212,blocks.0.mlp.0.bias,6.66564218e-03,3.00000000e-03,5.563601
212,blocks.0.mlp.2.weight,1.15648211e-02,3.00000000e-03,5.563601
212,blocks.0.mlp.2.bias,1.04968544e-02,3.00000000e-03,5.563601
212,blocks.1.ln1.weight,6.13205430e-04,3.00000000e-03,5.563601
212,blocks.1.ln1.bias,1.23544379e-02,3.00000000e-03,5.563601
212,blocks.1.attn.in_proj_weight,3.92307377e-03,3.00000000e-03,5.563601
212,blocks.1.attn.in_proj_bias,1.13387323e-02,3.00000000e-03,5.563601
212,blocks.1.attn.out_proj.weight,7.22690495e-03,3.00000000e-03,5.563601
212,blocks.1.attn.out_proj.bias,1.49451806e-02,3.00000000e-03,5.563601
212,blocks.1.ln2.weight,5.38592607e-04,3.00000000e-03,5.563601
212,blocks.1.ln2.bias,1.59640370e-02,3.00000000e-03,5.563601
212,blocks.1.mlp.0.weight,5.16888637e-03,3.00000000e-03,5.563601
212,blocks.1.mlp.0.bias,7.41645418e-03,3.00000000e-03,5.563601
212,blocks.1.mlp.2.weight,1.06232986e-02,3.00000000e-03,5.563601
212,blocks.1.mlp.2.bias,1.06581440e-02,3.00000000e-03,5.563601
212,ln_f.weight,1.29744123e-03,3.00000000e-03,5.563601
212,ln_f.bias,7.87698060e-03,3.00000000e-03,5.563601
212,lm_head.weight,8.31714690e-03,3.00000000e-03,5.563601
213,token_emb.weight,6.86387553e-04,3.00000000e-03,5.553428
213,pos_emb.weight,7.02411518e-04,3.00000000e-03,5.553428
213,blocks.0.ln1.weight,6.92122137e-04,3.00000000e-03,5.553428
213,blocks.0.ln1.bias,4.99863177e-03,3.00000000e-03,5.553428
213,blocks.0.attn.in_proj_weight,7.24520612e-03,3.00000000e-03,5.553428
213,blocks.0.attn.in_proj_bias,9.77788592e-03,3.00000000e-03,5.553428
213,blocks.0.attn.out_proj.weight,6.83162110e-03,3.00000000e-03,5.553428
213,blocks.0.attn.out_proj.bias,1.31238659e-02,3.00000000e-03,5.553428
213,blocks.0.ln2.weight,8.06921822e-04,3.00000000e-03,5.553428
213,blocks.0.ln2.bias,1.13552841e-02,3.00000000e-03,5.553428
213,blocks.0.mlp.0.weight,6.71658997e-03,3.00000000e-03,5.553428
213,blocks.0.mlp.0.bias,6.51110385e-03,3.00000000e-03,5.553428
213,blocks.0.mlp.2.weight,1.17058003e-02,3.00000000e-03,5.553428
213,blocks.0.mlp.2.bias,1.06886873e-02,3.00000000e-03,5.553428
213,blocks.1.ln1.weight,5.31187803e-04,3.00000000e-03,5.553428
213,blocks.1.ln1.bias,1.12667045e-02,3.00000000e-03,5.553428
213,blocks.1.attn.in_proj_weight,3.67076127e-03,3.00000000e-03,5.553428
213,blocks.1.attn.in_proj_bias,1.06572667e-02,3.00000000e-03,5.553428
213,blocks.1.attn.out_proj.weight,7.41057882e-03,3.00000000e-03,5.553428
213,blocks.1.attn.out_proj.bias,1.53573177e-02,3.00000000e-03,5.553428
213,blocks.1.ln2.weight,5.46989376e-04,3.00000000e-03,5.553428
213,blocks.1.ln2.bias,1.60980208e-02,3.00000000e-03,5.553428
213,blocks.1.mlp.0.weight,5.18280055e-03,3.00000000e-03,5.553428
213,blocks.1.mlp.0.bias,7.49749714e-03,3.00000000e-03,5.553428
213,blocks.1.mlp.2.weight,1.09184747e-02,3.00000000e-03,5.553428
213,blocks.1.mlp.2.bias,1.09750236e-02,3.00000000e-03,5.553428
213,ln_f.weight,1.31155918e-03,3.00000000e-03,5.553428
213,ln_f.bias,7.94442470e-03,3.00000000e-03,5.553428
213,lm_head.weight,8.46416872e-03,3.00000000e-03,5.553428
214,token_emb.weight,6.87170133e-04,3.00000000e-03,5.556090
214,pos_emb.weight,7.05282900e-04,3.00000000e-03,5.556090
214,blocks.0.ln1.weight,6.91521857e-04,3.00000000e-03,5.556090
214,blocks.0.ln1.bias,5.42709041e-03,3.00000000e-03,5.556090
214,blocks.0.attn.in_proj_weight,7.15637633e-03,3.00000000e-03,5.556090
214,blocks.0.attn.in_proj_bias,1.06341295e-02,3.00000000e-03,5.556090
214,blocks.0.attn.out_proj.weight,6.87529038e-03,3.00000000e-03,5.556090
214,blocks.0.attn.out_proj.bias,1.33913892e-02,3.00000000e-03,5.556090
214,blocks.0.ln2.weight,8.00583202e-04,3.00000000e-03,5.556090
214,blocks.0.ln2.bias,1.21088754e-02,3.00000000e-03,5.556090
214,blocks.0.mlp.0.weight,6.75247314e-03,3.00000000e-03,5.556090
214,blocks.0.mlp.0.bias,6.54240748e-03,3.00000000e-03,5.556090
214,blocks.0.mlp.2.weight,1.19700764e-02,3.00000000e-03,5.556090
214,blocks.0.mlp.2.bias,1.11790317e-02,3.00000000e-03,5.556090
214,blocks.1.ln1.weight,4.82240446e-04,3.00000000e-03,5.556090
214,blocks.1.ln1.bias,9.97647045e-03,3.00000000e-03,5.556090
214,blocks.1.attn.in_proj_weight,3.90529387e-03,3.00000000e-03,5.556090
214,blocks.1.attn.in_proj_bias,1.14390563e-02,3.00000000e-03,5.556090
214,blocks.1.attn.out_proj.weight,7.73772242e-03,3.00000000e-03,5.556090
214,blocks.1.attn.out_proj.bias,1.60061636e-02,3.00000000e-03,5.556090
214,blocks.1.ln2.weight,5.87891535e-04,3.00000000e-03,5.556090
214,blocks.1.ln2.bias,1.95253245e-02,3.00000000e-03,5.556090
214,blocks.1.mlp.0.weight,5.59071999e-03,3.00000000e-03,5.556090
214,blocks.1.mlp.0.bias,8.09081554e-03,3.00000000e-03,5.556090
214,blocks.1.mlp.2.weight,1.14399330e-02,3.00000000e-03,5.556090
214,blocks.1.mlp.2.bias,1.14517802e-02,3.00000000e-03,5.556090
214,ln_f.weight,1.30333204e-03,3.00000000e-03,5.556090
214,ln_f.bias,8.08735712e-03,3.00000000e-03,5.556090
214,lm_head.weight,8.34117882e-03,3.00000000e-03,5.556090
215,token_emb.weight,6.88723731e-04,3.00000000e-03,5.572387
215,pos_emb.weight,7.07457286e-04,3.00000000e-03,5.572387
215,blocks.0.ln1.weight,7.25310403e-04,3.00000000e-03,5.572387
215,blocks.0.ln1.bias,6.17515209e-03,3.00000000e-03,5.572387
215,blocks.0.attn.in_proj_weight,7.29220219e-03,3.00000000e-03,5.572387
215,blocks.0.attn.in_proj_bias,1.11989953e-02,3.00000000e-03,5.572387
215,blocks.0.attn.out_proj.weight,7.43720019e-03,3.00000000e-03,5.572387
215,blocks.0.attn.out_proj.bias,1.48858326e-02,3.00000000e-03,5.572387
215,blocks.0.ln2.weight,7.40452350e-04,3.00000000e-03,5.572387
215,blocks.0.ln2.bias,1.23491762e-02,3.00000000e-03,5.572387
215,blocks.0.mlp.0.weight,7.00666322e-03,3.00000000e-03,5.572387
215,blocks.0.mlp.0.bias,6.99390578e-03,3.00000000e-03,5.572387
215,blocks.0.mlp.2.weight,1.28460712e-02,3.00000000e-03,5.572387
215,blocks.0.mlp.2.bias,1.23551451e-02,3.00000000e-03,5.572387
215,blocks.1.ln1.weight,5.49546625e-04,3.00000000e-03,5.572387
215,blocks.1.ln1.bias,1.04284905e-02,3.00000000e-03,5.572387
215,blocks.1.attn.in_proj_weight,4.31797431e-03,3.00000000e-03,5.572387
215,blocks.1.attn.in_proj_bias,1.27535284e-02,3.00000000e-03,5.572387
215,blocks.1.attn.out_proj.weight,8.45615431e-03,3.00000000e-03,5.572387
215,blocks.1.attn.out_proj.bias,1.76248928e-02,3.00000000e-03,5.572387
215,blocks.1.ln2.weight,6.31046242e-04,3.00000000e-03,5.572387
215,blocks.1.ln2.bias,2.31904064e-02,3.00000000e-03,5.572387
215,blocks.1.mlp.0.weight,6.26297340e-03,3.00000000e-03,5.572387
215,blocks.1.mlp.0.bias,9.20300370e-03,3.00000000e-03,5.572387
215,blocks.1.mlp.2.weight,1.25663120e-02,3.00000000e-03,5.572387
215,blocks.1.mlp.2.bias,1.26081901e-02,3.00000000e-03,5.572387
215,ln_f.weight,1.33923553e-03,3.00000000e-03,5.572387
215,ln_f.bias,8.75353748e-03,3.00000000e-03,5.572387
215,lm_head.weight,8.44135019e-03,3.00000000e-03,5.572387
216,token_emb.weight,6.90758847e-04,3.00000000e-03,5.561051
216,pos_emb.weight,7.10379872e-04,3.00000000e-03,5.561051
216,blocks.0.ln1.weight,6.99662717e-04,3.00000000e-03,5.561051
216,blocks.0.ln1.bias,5.13072488e-03,3.00000000e-03,5.561051
216,blocks.0.attn.in_proj_weight,7.08514033e-03,3.00000000e-03,5.561051
216,blocks.0.attn.in_proj_bias,1.08525402e-02,3.00000000e-03,5.561051
216,blocks.0.attn.out_proj.weight,7.33560695e-03,3.00000000e-03,5.561051
216,blocks.0.attn.out_proj.bias,1.42142269e-02,3.00000000e-03,5.561051
216,blocks.0.ln2.weight,7.07355217e-04,3.00000000e-03,5.561051
216,blocks.0.ln2.bias,1.20092011e-02,3.00000000e-03,5.561051
216,blocks.0.mlp.0.weight,6.91237954e-03,3.00000000e-03,5.561051
216,blocks.0.mlp.0.bias,6.87967579e-03,3.00000000e-03,5.561051
216,blocks.0.mlp.2.weight,1.25536859e-02,3.00000000e-03,5.561051
216,blocks.0.mlp.2.bias,1.19105699e-02,3.00000000e-03,5.561051
216,blocks.1.ln1.weight,5.44783699e-04,3.00000000e-03,5.561051
216,blocks.1.ln1.bias,1.01982223e-02,3.00000000e-03,5.561051
216,blocks.1.attn.in_proj_weight,4.16714630e-03,3.00000000e-03,5.561051
216,blocks.1.attn.in_proj_bias,1.22160069e-02,3.00000000e-03,5.561051
216,blocks.1.attn.out_proj.weight,8.27809342e-03,3.00000000e-03,5.561051
216,blocks.1.attn.out_proj.bias,1.71826394e-02,3.00000000e-03,5.561051
216,blocks.1.ln2.weight,6.08614251e-04,3.00000000e-03,5.561051
216,blocks.1.ln2.bias,2.29309110e-02,3.00000000e-03,5.561051
216,blocks.1.mlp.0.weight,6.18141367e-03,3.00000000e-03,5.561051
216,blocks.1.mlp.0.bias,9.04790564e-03,3.00000000e-03,5.561051
216,blocks.1.mlp.2.weight,1.23322915e-02,3.00000000e-03,5.561051
216,blocks.1.mlp.2.bias,1.23245015e-02,3.00000000e-03,5.561051
216,ln_f.weight,1.35755646e-03,3.00000000e-03,5.561051
216,ln_f.bias,8.51582061e-03,3.00000000e-03,5.561051
216,lm_head.weight,8.19911262e-03,3.00000000e-03,5.561051
217,token_emb.weight,6.88934959e-04,3.00000000e-03,5.564071
217,pos_emb.weight,7.14737790e-04,3.00000000e-03,5.564071
217,blocks.0.ln1.weight,7.16838109e-04,3.00000000e-03,5.564071
217,blocks.0.ln1.bias,4.99752984e-03,3.00000000e-03,5.564071
217,blocks.0.attn.in_proj_weight,7.15478640e-03,3.00000000e-03,5.564071
217,blocks.0.attn.in_proj_bias,1.03680139e-02,3.00000000e-03,5.564071
217,blocks.0.attn.out_proj.weight,7.26692901e-03,3.00000000e-03,5.564071
217,blocks.0.attn.out_proj.bias,1.37893946e-02,3.00000000e-03,5.564071
217,blocks.0.ln2.weight,7.11303619e-04,3.00000000e-03,5.564071
217,blocks.0.ln2.bias,1.12015701e-02,3.00000000e-03,5.564071
217,blocks.0.mlp.0.weight,6.75349562e-03,3.00000000e-03,5.564071
217,blocks.0.mlp.0.bias,6.52027461e-03,3.00000000e-03,5.564071
217,blocks.0.mlp.2.weight,1.23471395e-02,3.00000000e-03,5.564071
217,blocks.0.mlp.2.bias,1.16249637e-02,3.00000000e-03,5.564071
217,blocks.1.ln1.weight,4.99820720e-04,3.00000000e-03,5.564071
217,blocks.1.ln1.bias,9.33790845e-03,3.00000000e-03,5.564071
217,blocks.1.attn.in_proj_weight,3.76255832e-03,3.00000000e-03,5.564071
217,blocks.1.attn.in_proj_bias,1.08987603e-02,3.00000000e-03,5.564071
217,blocks.1.attn.out_proj.weight,8.14296847e-03,3.00000000e-03,5.564071
217,blocks.1.attn.out_proj.bias,1.69167052e-02,3.00000000e-03,5.564071
217,blocks.1.ln2.weight,5.95317737e-04,3.00000000e-03,5.564071
217,blocks.1.ln2.bias,2.22225808e-02,3.00000000e-03,5.564071
217,blocks.1.mlp.0.weight,6.00946226e-03,3.00000000e-03,5.564071
217,blocks.1.mlp.0.bias,8.73960391e-03,3.00000000e-03,5.564071
217,blocks.1.mlp.2.weight,1.21821305e-02,3.00000000e-03,5.564071
217,blocks.1.mlp.2.bias,1.21861548e-02,3.00000000e-03,5.564071
217,ln_f.weight,1.34756024e-03,3.00000000e-03,5.564071
217,ln_f.bias,8.49776436e-03,3.00000000e-03,5.564071
217,lm_head.weight,8.16853908e-03,3.00000000e-03,5.564071
218,token_emb.weight,6.91329448e-04,3.00000000e-03,5.547864
218,pos_emb.weight,7.16696638e-04,3.00000000e-03,5.547864
218,blocks.0.ln1.weight,6.71973833e-04,3.00000000e-03,5.547864
218,blocks.0.ln1.bias,4.91012428e-03,3.00000000e-03,5.547864
218,blocks.0.attn.in_proj_weight,7.06961118e-03,3.00000000e-03,5.547864
218,blocks.0.attn.in_proj_bias,1.07555017e-02,3.00000000e-03,5.547864
218,blocks.0.attn.out_proj.weight,7.01958952e-03,3.00000000e-03,5.547864
218,blocks.0.attn.out_proj.bias,1.31733801e-02,3.00000000e-03,5.547864
218,blocks.0.ln2.weight,6.51684699e-04,3.00000000e-03,5.547864
218,blocks.0.ln2.bias,1.11323706e-02,3.00000000e-03,5.547864
218,blocks.0.mlp.0.weight,6.59363876e-03,3.00000000e-03,5.547864
218,blocks.0.mlp.0.bias,6.20336449e-03,3.00000000e-03,5.547864
218,blocks.0.mlp.2.weight,1.18655365e-02,3.00000000e-03,5.547864
218,blocks.0.mlp.2.bias,1.09779789e-02,3.00000000e-03,5.547864
218,blocks.1.ln1.weight,4.67751246e-04,3.00000000e-03,5.547864
218,blocks.1.ln1.bias,7.62198524e-03,3.00000000e-03,5.547864
218,blocks.1.attn.in_proj_weight,3.46820683e-03,3.00000000e-03,5.547864
218,blocks.1.attn.in_proj_bias,9.96813591e-03,3.00000000e-03,5.547864
218,blocks.1.attn.out_proj.weight,7.61976083e-03,3.00000000e-03,5.547864
218,blocks.1.attn.out_proj.bias,1.57492771e-02,3.00000000e-03,5.547864
218,blocks.1.ln2.weight,5.55390964e-04,3.00000000e-03,5.547864
218,blocks.1.ln2.bias,2.12549775e-02,3.00000000e-03,5.547864
218,blocks.1.mlp.0.weight,5.74179074e-03,3.00000000e-03,5.547864
218,blocks.1.mlp.0.bias,8.32336540e-03,3.00000000e-03,5.547864
218,blocks.1.mlp.2.weight,1.14599583e-02,3.00000000e-03,5.547864
218,blocks.1.mlp.2.bias,1.13910262e-02,3.00000000e-03,5.547864
218,ln_f.weight,1.25536066e-03,3.00000000e-03,5.547864
218,ln_f.bias,7.96299320e-03,3.00000000e-03,5.547864
218,lm_head.weight,8.35187003e-03,3.00000000e-03,5.547864
219,token_emb.weight,6.93032661e-04,3.00000000e-03,5.550051
219,pos_emb.weight,7.16090314e-04,3.00000000e-03,5.550051
219,blocks.0.ln1.weight,6.93057001e-04,3.00000000e-03,5.550051
219,blocks.0.ln1.bias,5.83906680e-03,3.00000000e-03,5.550051
219,blocks.0.attn.in_proj_weight,7.20657371e-03,3.00000000e-03,5.550051
219,blocks.0.attn.in_proj_bias,1.07811871e-02,3.00000000e-03,5.550051
219,blocks.0.attn.out_proj.weight,7.08800897e-03,3.00000000e-03,5.550051
219,blocks.0.attn.out_proj.bias,1.33477170e-02,3.00000000e-03,5.550051
219,blocks.0.ln2.weight,6.36645708e-04,3.00000000e-03,5.550051
219,blocks.0.ln2.bias,1.00208066e-02,3.00000000e-03,5.550051
219,blocks.0.mlp.0.weight,6.64608956e-03,3.00000000e-03,5.550051
219,blocks.0.mlp.0.bias,6.18999310e-03,3.00000000e-03,5.550051
219,blocks.0.mlp.2.weight,1.20280854e-02,3.00000000e-03,5.550051
219,blocks.0.mlp.2.bias,1.12705927e-02,3.00000000e-03,5.550051
219,blocks.1.ln1.weight,4.89909694e-04,3.00000000e-03,5.550051
219,blocks.1.ln1.bias,7.38382525e-03,3.00000000e-03,5.550051
219,blocks.1.attn.in_proj_weight,3.52556551e-03,3.00000000e-03,5.550051
219,blocks.1.attn.in_proj_bias,1.01701538e-02,3.00000000e-03,5.550051
219,blocks.1.attn.out_proj.weight,7.74762935e-03,3.00000000e-03,5.550051
219,blocks.1.attn.out_proj.bias,1.60593411e-02,3.00000000e-03,5.550051
219,blocks.1.ln2.weight,5.57799489e-04,3.00000000e-03,5.550051
219,blocks.1.ln2.bias,2.12659426e-02,3.00000000e-03,5.550051
219,blocks.1.mlp.0.weight,5.68136046e-03,3.00000000e-03,5.550051
219,blocks.1.mlp.0.bias,8.24993414e-03,3.00000000e-03,5.550051
219,blocks.1.mlp.2.weight,1.16788173e-02,3.00000000e-03,5.550051
219,blocks.1.mlp.2.bias,1.16374094e-02,3.00000000e-03,5.550051
219,ln_f.weight,1.20022079e-03,3.00000000e-03,5.550051
219,ln_f.bias,7.94917519e-03,3.00000000e-03,5.550051
219,lm_head.weight,8.50723048e-03,3.00000000e-03,5.550051
220,token_emb.weight,6.94324676e-04,3.00000000e-03,5.554418
220,pos_emb.weight,7.11244017e-04,3.00000000e-03,5.554418
220,blocks.0.ln1.weight,7.28781840e-04,3.00000000e-03,5.554418
220,blocks.0.ln1.bias,7.18911495e-03,3.00000000e-03,5.554418
220,blocks.0.attn.in_proj_weight,7.37107337e-03,3.00000000e-03,5.554418
220,blocks.0.attn.in_proj_bias,1.02886958e-02,3.00000000e-03,5.554418
220,blocks.0.attn.out_proj.weight,7.13820056e-03,3.00000000e-03,5.554418
220,blocks.0.attn.out_proj.bias,1.34767057e-02,3.00000000e-03,5.554418
220,blocks.0.ln2.weight,7.02651153e-04,3.00000000e-03,5.554418
220,blocks.0.ln2.bias,1.24472840e-02,3.00000000e-03,5.554418
220,blocks.0.mlp.0.weight,6.67139526e-03,3.00000000e-03,5.554418
220,blocks.0.mlp.0.bias,6.39429435e-03,3.00000000e-03,5.554418
220,blocks.0.mlp.2.weight,1.18522544e-02,3.00000000e-03,5.554418
220,blocks.0.mlp.2.bias,1.11174182e-02,3.00000000e-03,5.554418
220,blocks.1.ln1.weight,4.35967887e-04,3.00000000e-03,5.554418
220,blocks.1.ln1.bias,6.50106886e-03,3.00000000e-03,5.554418
220,blocks.1.attn.in_proj_weight,3.10792420e-03,3.00000000e-03,5.554418
220,blocks.1.attn.in_proj_bias,8.78988929e-03,3.00000000e-03,5.554418
220,blocks.1.attn.out_proj.weight,7.67949109e-03,3.00000000e-03,5.554418
220,blocks.1.attn.out_proj.bias,1.59237897e-02,3.00000000e-03,5.554418
220,blocks.1.ln2.weight,5.97633310e-04,3.00000000e-03,5.554418
220,blocks.1.ln2.bias,2.21191152e-02,3.00000000e-03,5.554418
220,blocks.1.mlp.0.weight,5.70383845e-03,3.00000000e-03,5.554418
220,blocks.1.mlp.0.bias,8.19616372e-03,3.00000000e-03,5.554418
220,blocks.1.mlp.2.weight,1.16612467e-02,3.00000000e-03,5.554418
220,blocks.1.mlp.2.bias,1.16375914e-02,3.00000000e-03,5.554418
220,ln_f.weight,1.20387149e-03,3.00000000e-03,5.554418
220,ln_f.bias,7.96809844e-03,3.00000000e-03,5.554418
220,lm_head.weight,8.55536849e-03,3.00000000e-03,5.554418
221,token_emb.weight,6.98929266e-04,3.00000000e-03,5.557494
221,pos_emb.weight,7.13683003e-04,3.00000000e-03,5.557494
221,blocks.0.ln1.weight,7.15097844e-04,3.00000000e-03,5.557494
221,blocks.0.ln1.bias,6.00949815e-03,3.00000000e-03,5.557494
221,blocks.0.attn.in_proj_weight,7.20064640e-03,3.00000000e-03,5.557494
221,blocks.0.attn.in_proj_bias,9.38060415e-03,3.00000000e-03,5.557494
221,blocks.0.attn.out_proj.weight,7.20309499e-03,3.00000000e-03,5.557494
221,blocks.0.attn.out_proj.bias,1.36761763e-02,3.00000000e-03,5.557494
221,blocks.0.ln2.weight,6.56365179e-04,3.00000000e-03,5.557494
221,blocks.0.ln2.bias,1.08572603e-02,3.00000000e-03,5.557494
221,blocks.0.mlp.0.weight,6.63397638e-03,3.00000000e-03,5.557494
221,blocks.0.mlp.0.bias,6.19892798e-03,3.00000000e-03,5.557494
221,blocks.0.mlp.2.weight,1.19861028e-02,3.00000000e-03,5.557494
221,blocks.0.mlp.2.bias,1.13025170e-02,3.00000000e-03,5.557494
221,blocks.1.ln1.weight,3.99240079e-04,3.00000000e-03,5.557494
221,blocks.1.ln1.bias,7.04064887e-03,3.00000000e-03,5.557494
221,blocks.1.attn.in_proj_weight,3.15618293e-03,3.00000000e-03,5.557494
221,blocks.1.attn.in_proj_bias,8.93352565e-03,3.00000000e-03,5.557494
221,blocks.1.attn.out_proj.weight,7.80459321e-03,3.00000000e-03,5.557494
221,blocks.1.attn.out_proj.bias,1.61501878e-02,3.00000000e-03,5.557494
221,blocks.1.ln2.weight,5.78359529e-04,3.00000000e-03,5.557494
221,blocks.1.ln2.bias,2.07197811e-02,3.00000000e-03,5.557494
221,blocks.1.mlp.0.weight,5.59824120e-03,3.00000000e-03,5.557494
221,blocks.1.mlp.0.bias,8.04111415e-03,3.00000000e-03,5.557494
221,blocks.1.mlp.2.weight,1.18643053e-02,3.00000000e-03,5.557494
221,blocks.1.mlp.2.bias,1.18223445e-02,3.00000000e-03,5.557494
221,ln_f.weight,1.22555394e-03,3.00000000e-03,5.557494
221,ln_f.bias,7.96181775e-03,3.00000000e-03,5.557494
221,lm_head.weight,8.67669467e-03,3.00000000e-03,5.557494
222,token_emb.weight,7.05210772e-04,3.00000000e-03,5.548284
222,pos_emb.weight,7.13120425e-04,3.00000000e-03,5.548284
222,blocks.0.ln1.weight,7.11328991e-04,3.00000000e-03,5.548284
222,blocks.0.ln1.bias,5.28158810e-03,3.00000000e-03,5.548284
222,blocks.0.attn.in_proj_weight,7.17181236e-03,3.00000000e-03,5.548284
222,blocks.0.attn.in_proj_bias,1.02334785e-02,3.00000000e-03,5.548284
222,blocks.0.attn.out_proj.weight,6.87398574e-03,3.00000000e-03,5.548284
222,blocks.0.attn.out_proj.bias,1.29087149e-02,3.00000000e-03,5.548284
222,blocks.0.ln2.weight,7.21018137e-04,3.00000000e-03,5.548284
222,blocks.0.ln2.bias,1.25482329e-02,3.00000000e-03,5.548284
222,blocks.0.mlp.0.weight,6.66908548e-03,3.00000000e-03,5.548284
222,blocks.0.mlp.0.bias,6.26580296e-03,3.00000000e-03,5.548284
222,blocks.0.mlp.2.weight,1.16938054e-02,3.00000000e-03,5.548284
222,blocks.0.mlp.2.bias,1.07976333e-02,3.00000000e-03,5.548284
222,blocks.1.ln1.weight,3.71963225e-04,3.00000000e-03,5.548284
222,blocks.1.ln1.bias,7.45512657e-03,3.00000000e-03,5.548284
222,blocks.1.attn.in_proj_weight,3.11182197e-03,3.00000000e-03,5.548284
222,blocks.1.attn.in_proj_bias,8.76509215e-03,3.00000000e-03,5.548284
222,blocks.1.attn.out_proj.weight,7.45575712e-03,3.00000000e-03,5.548284
222,blocks.1.attn.out_proj.bias,1.54141505e-02,3.00000000e-03,5.548284
222,blocks.1.ln2.weight,5.83573346e-04,3.00000000e-03,5.548284
222,blocks.1.ln2.bias,2.20062609e-02,3.00000000e-03,5.548284
222,blocks.1.mlp.0.weight,5.63937492e-03,3.00000000e-03,5.548284
222,blocks.1.mlp.0.bias,8.09050701e-03,3.00000000e-03,5.548284
222,blocks.1.mlp.2.weight,1.14498244e-02,3.00000000e-03,5.548284
222,blocks.1.mlp.2.bias,1.13444248e-02,3.00000000e-03,5.548284
222,ln_f.weight,1.21720840e-03,3.00000000e-03,5.548284
222,ln_f.bias,7.61379279e-03,3.00000000e-03,5.548284
222,lm_head.weight,8.68768493e-03,3.00000000e-03,5.548284
223,token_emb.weight,7.07115762e-04,3.00000000e-03,5.548508
223,pos_emb.weight,7.15267150e-04,3.00000000e-03,5.548508
223,blocks.0.ln1.weight,7.47462670e-04,3.00000000e-03,5.548508
223,blocks.0.ln1.bias,5.42014017e-03,3.00000000e-03,5.548508
223,blocks.0.attn.in_proj_weight,7.29267447e-03,3.00000000e-03,5.548508
223,blocks.0.attn.in_proj_bias,1.02742198e-02,3.00000000e-03,5.548508
223,blocks.0.attn.out_proj.weight,7.19090154e-03,3.00000000e-03,5.548508
223,blocks.0.attn.out_proj.bias,1.34391711e-02,3.00000000e-03,5.548508
223,blocks.0.ln2.weight,7.26938907e-04,3.00000000e-03,5.548508
223,blocks.0.ln2.bias,1.32030859e-02,3.00000000e-03,5.548508
223,blocks.0.mlp.0.weight,6.88381157e-03,3.00000000e-03,5.548508
223,blocks.0.mlp.0.bias,6.70879443e-03,3.00000000e-03,5.548508
223,blocks.0.mlp.2.weight,1.20007828e-02,3.00000000e-03,5.548508
223,blocks.0.mlp.2.bias,1.13300188e-02,3.00000000e-03,5.548508
223,blocks.1.ln1.weight,4.07988263e-04,3.00000000e-03,5.548508
223,blocks.1.ln1.bias,7.36245334e-03,3.00000000e-03,5.548508
223,blocks.1.attn.in_proj_weight,3.39517134e-03,3.00000000e-03,5.548508
223,blocks.1.attn.in_proj_bias,9.59385571e-03,3.00000000e-03,5.548508
223,blocks.1.attn.out_proj.weight,7.79101790e-03,3.00000000e-03,5.548508
223,blocks.1.attn.out_proj.bias,1.61254191e-02,3.00000000e-03,5.548508
223,blocks.1.ln2.weight,5.83899571e-04,3.00000000e-03,5.548508
223,blocks.1.ln2.bias,2.19245902e-02,3.00000000e-03,5.548508
223,blocks.1.mlp.0.weight,5.57686265e-03,3.00000000e-03,5.548508
223,blocks.1.mlp.0.bias,7.97643375e-03,3.00000000e-03,5.548508
223,blocks.1.mlp.2.weight,1.19981901e-02,3.00000000e-03,5.548508
223,blocks.1.mlp.2.bias,1.18638590e-02,3.00000000e-03,5.548508
223,ln_f.weight,1.20732326e-03,3.00000000e-03,5.548508
223,ln_f.bias,7.63868077e-03,3.00000000e-03,5.548508
223,lm_head.weight,8.84150681e-03,3.00000000e-03,5.548508
224,token_emb.weight,7.09477650e-04,3.00000000e-03,5.557208
224,pos_emb.weight,7.16221640e-04,3.00000000e-03,5.557208
224,blocks.0.ln1.weight,6.86893807e-04,3.00000000e-03,5.557208
224,blocks.0.ln1.bias,4.82191395e-03,3.00000000e-03,5.557208
224,blocks.0.attn.in_proj_weight,7.08874986e-03,3.00000000e-03,5.557208
224,blocks.0.attn.in_proj_bias,8.99738600e-03,3.00000000e-03,5.557208
224,blocks.0.attn.out_proj.weight,7.12231029e-03,3.00000000e-03,5.557208
224,blocks.0.attn.out_proj.bias,1.33131951e-02,3.00000000e-03,5.557208
224,blocks.0.ln2.weight,7.51535593e-04,3.00000000e-03,5.557208
224,blocks.0.ln2.bias,1.30688302e-02,3.00000000e-03,5.557208
224,blocks.0.mlp.0.weight,6.87984472e-03,3.00000000e-03,5.557208
224,blocks.0.mlp.0.bias,6.62237412e-03,3.00000000e-03,5.557208
224,blocks.0.mlp.2.weight,1.20370818e-02,3.00000000e-03,5.557208
224,blocks.0.mlp.2.bias,1.12376021e-02,3.00000000e-03,5.557208
224,blocks.1.ln1.weight,4.27146249e-04,3.00000000e-03,5.557208
224,blocks.1.ln1.bias,6.83307132e-03,3.00000000e-03,5.557208
224,blocks.1.attn.in_proj_weight,3.45307426e-03,3.00000000e-03,5.557208
224,blocks.1.attn.in_proj_bias,9.70296423e-03,3.00000000e-03,5.557208
224,blocks.1.attn.out_proj.weight,7.67614233e-03,3.00000000e-03,5.557208
224,blocks.1.attn.out_proj.bias,1.58530674e-02,3.00000000e-03,5.557208
224,blocks.1.ln2.weight,5.49100005e-04,3.00000000e-03,5.557208
224,blocks.1.ln2.bias,2.07678289e-02,3.00000000e-03,5.557208
224,blocks.1.mlp.0.weight,5.32867033e-03,3.00000000e-03,5.557208
224,blocks.1.mlp.0.bias,7.49863491e-03,3.00000000e-03,5.557208
224,blocks.1.mlp.2.weight,1.18901467e-02,3.00000000e-03,5.557208
224,blocks.1.mlp.2.bias,1.16446124e-02,3.00000000e-03,5.557208
224,ln_f.weight,1.19711484e-03,3.00000000e-03,5.557208
224,ln_f.bias,7.61160072e-03,3.00000000e-03,5.557208
224,lm_head.weight,8.86750482e-03,3.00000000e-03,5.557208
225,token_emb.weight,7.10214161e-04,3.00000000e-03,5.564045
225,pos_emb.weight,7.17108870e-04,3.00000000e-03,5.564045
225,blocks.0.ln1.weight,7.55273309e-04,3.00000000e-03,5.564045
225,blocks.0.ln1.bias,5.47478363e-03,3.00000000e-03,5.564045
225,blocks.0.attn.in_proj_weight,7.06338632e-03,3.00000000e-03,5.564045
225,blocks.0.attn.in_proj_bias,8.95679899e-03,3.00000000e-03,5.564045
225,blocks.0.attn.out_proj.weight,7.18260878e-03,3.00000000e-03,5.564045
225,blocks.0.attn.out_proj.bias,1.35157233e-02,3.00000000e-03,5.564045
225,blocks.0.ln2.weight,8.05461320e-04,3.00000000e-03,5.564045
225,blocks.0.ln2.bias,1.48022747e-02,3.00000000e-03,5.564045
225,blocks.0.mlp.0.weight,6.95559431e-03,3.00000000e-03,5.564045
225,blocks.0.mlp.0.bias,6.94349822e-03,3.00000000e-03,5.564045
225,blocks.0.mlp.2.weight,1.22622514e-02,3.00000000e-03,5.564045
225,blocks.0.mlp.2.bias,1.16499696e-02,3.00000000e-03,5.564045
225,blocks.1.ln1.weight,4.10124785e-04,3.00000000e-03,5.564045
225,blocks.1.ln1.bias,6.71529817e-03,3.00000000e-03,5.564045
225,blocks.1.attn.in_proj_weight,3.69043899e-03,3.00000000e-03,5.564045
225,blocks.1.attn.in_proj_bias,1.04448821e-02,3.00000000e-03,5.564045
225,blocks.1.attn.out_proj.weight,7.88823407e-03,3.00000000e-03,5.564045
225,blocks.1.attn.out_proj.bias,1.62871879e-02,3.00000000e-03,5.564045
225,blocks.1.ln2.weight,5.57644279e-04,3.00000000e-03,5.564045
225,blocks.1.ln2.bias,2.03448680e-02,3.00000000e-03,5.564045
225,blocks.1.mlp.0.weight,5.44440502e-03,3.00000000e-03,5.564045
225,blocks.1.mlp.0.bias,7.66970219e-03,3.00000000e-03,5.564045
225,blocks.1.mlp.2.weight,1.23232238e-02,3.00000000e-03,5.564045
225,blocks.1.mlp.2.bias,1.20173004e-02,3.00000000e-03,5.564045
225,ln_f.weight,1.28311603e-03,3.00000000e-03,5.564045
225,ln_f.bias,7.75819972e-03,3.00000000e-03,5.564045
225,lm_head.weight,8.98930172e-03,3.00000000e-03,5.564045
226,token_emb.weight,7.10606522e-04,3.00000000e-03,5.567009
226,pos_emb.weight,7.20661477e-04,3.00000000e-03,5.567009
226,blocks.0.ln1.weight,8.46643150e-04,3.00000000e-03,5.567009
226,blocks.0.ln1.bias,5.30027132e-03,3.00000000e-03,5.567009
226,blocks.0.attn.in_proj_weight,7.24663990e-03,3.00000000e-03,5.567009
226,blocks.0.attn.in_proj_bias,8.69634455e-03,3.00000000e-03,5.567009
226,blocks.0.attn.out_proj.weight,6.94872469e-03,3.00000000e-03,5.567009
226,blocks.0.attn.out_proj.bias,1.30855573e-02,3.00000000e-03,5.567009
226,blocks.0.ln2.weight,7.54017700e-04,3.00000000e-03,5.567009
226,blocks.0.ln2.bias,1.38883472e-02,3.00000000e-03,5.567009
226,blocks.0.mlp.0.weight,6.87692242e-03,3.00000000e-03,5.567009
226,blocks.0.mlp.0.bias,6.71864656e-03,3.00000000e-03,5.567009
226,blocks.0.mlp.2.weight,1.20230925e-02,3.00000000e-03,5.567009
226,blocks.0.mlp.2.bias,1.12662886e-02,3.00000000e-03,5.567009
226,blocks.1.ln1.weight,4.28905456e-04,3.00000000e-03,5.567009
226,blocks.1.ln1.bias,6.92947465e-03,3.00000000e-03,5.567009
226,blocks.1.attn.in_proj_weight,3.48545948e-03,3.00000000e-03,5.567009
226,blocks.1.attn.in_proj_bias,9.76162421e-03,3.00000000e-03,5.567009
226,blocks.1.attn.out_proj.weight,7.57245903e-03,3.00000000e-03,5.567009
226,blocks.1.attn.out_proj.bias,1.56938631e-02,3.00000000e-03,5.567009
226,blocks.1.ln2.weight,5.39870680e-04,3.00000000e-03,5.567009
226,blocks.1.ln2.bias,1.75006671e-02,3.00000000e-03,5.567009
226,blocks.1.mlp.0.weight,5.20701562e-03,3.00000000e-03,5.567009
226,blocks.1.mlp.0.bias,7.23837694e-03,3.00000000e-03,5.567009
226,blocks.1.mlp.2.weight,1.18675164e-02,3.00000000e-03,5.567009
226,blocks.1.mlp.2.bias,1.15455679e-02,3.00000000e-03,5.567009
226,ln_f.weight,1.25947845e-03,3.00000000e-03,5.567009
226,ln_f.bias,7.54005654e-03,3.00000000e-03,5.567009
226,lm_head.weight,8.78295691e-03,3.00000000e-03,5.567009
227,token_emb.weight,7.10083756e-04,3.00000000e-03,5.564342
227,pos_emb.weight,7.16538253e-04,3.00000000e-03,5.564342
227,blocks.0.ln1.weight,8.26593848e-04,3.00000000e-03,5.564342
227,blocks.0.ln1.bias,5.93057126e-03,3.00000000e-03,5.564342
227,blocks.0.attn.in_proj_weight,7.19490277e-03,3.00000000e-03,5.564342
227,blocks.0.attn.in_proj_bias,8.05784950e-03,3.00000000e-03,5.564342
227,blocks.0.attn.out_proj.weight,7.00075885e-03,3.00000000e-03,5.564342
227,blocks.0.attn.out_proj.bias,1.34846156e-02,3.00000000e-03,5.564342
227,blocks.0.ln2.weight,7.44440784e-04,3.00000000e-03,5.564342
227,blocks.0.ln2.bias,1.28904805e-02,3.00000000e-03,5.564342
227,blocks.0.mlp.0.weight,6.81552250e-03,3.00000000e-03,5.564342
227,blocks.0.mlp.0.bias,6.72992874e-03,3.00000000e-03,5.564342
227,blocks.0.mlp.2.weight,1.20420413e-02,3.00000000e-03,5.564342
227,blocks.0.mlp.2.bias,1.14902948e-02,3.00000000e-03,5.564342
227,blocks.1.ln1.weight,4.87501816e-04,3.00000000e-03,5.564342
227,blocks.1.ln1.bias,7.91528891e-03,3.00000000e-03,5.564342
227,blocks.1.attn.in_proj_weight,3.51498471e-03,3.00000000e-03,5.564342
227,blocks.1.attn.in_proj_bias,9.73938245e-03,3.00000000e-03,5.564342
227,blocks.1.attn.out_proj.weight,7.72472238e-03,3.00000000e-03,5.564342
227,blocks.1.attn.out_proj.bias,1.59353108e-02,3.00000000e-03,5.564342
227,blocks.1.ln2.weight,5.05399631e-04,3.00000000e-03,5.564342
227,blocks.1.ln2.bias,1.49072765e-02,3.00000000e-03,5.564342
227,blocks.1.mlp.0.weight,5.34596145e-03,3.00000000e-03,5.564342
227,blocks.1.mlp.0.bias,7.37517272e-03,3.00000000e-03,5.564342
227,blocks.1.mlp.2.weight,1.21519028e-02,3.00000000e-03,5.564342
227,blocks.1.mlp.2.bias,1.17134554e-02,3.00000000e-03,5.564342
227,ln_f.weight,1.28267138e-03,3.00000000e-03,5.564342
227,ln_f.bias,7.72330474e-03,3.00000000e-03,5.564342
227,lm_head.weight,9.10442576e-03,3.00000000e-03,5.564342
228,token_emb.weight,7.13856955e-04,3.00000000e-03,5.555521
228,pos_emb.weight,7.09529404e-04,3.00000000e-03,5.555521
228,blocks.0.ln1.weight,8.85385439e-04,3.00000000e-03,5.555521
228,blocks.0.ln1.bias,4.70568833e-03,3.00000000e-03,5.555521
228,blocks.0.attn.in_proj_weight,7.21663578e-03,3.00000000e-03,5.555521
228,blocks.0.attn.in_proj_bias,8.13598201e-03,3.00000000e-03,5.555521
228,blocks.0.attn.out_proj.weight,6.32616125e-03,3.00000000e-03,5.555521
228,blocks.0.attn.out_proj.bias,1.19953980e-02,3.00000000e-03,5.555521
228,blocks.0.ln2.weight,7.96928449e-04,3.00000000e-03,5.555521
228,blocks.0.ln2.bias,1.29934692e-02,3.00000000e-03,5.555521
228,blocks.0.mlp.0.weight,6.65072825e-03,3.00000000e-03,5.555521
228,blocks.0.mlp.0.bias,6.23700709e-03,3.00000000e-03,5.555521
228,blocks.0.mlp.2.weight,1.10237524e-02,3.00000000e-03,5.555521
228,blocks.0.mlp.2.bias,1.01549018e-02,3.00000000e-03,5.555521
228,blocks.1.ln1.weight,4.52691134e-04,3.00000000e-03,5.555521
228,blocks.1.ln1.bias,7.45091321e-03,3.00000000e-03,5.555521
228,blocks.1.attn.in_proj_weight,3.28455367e-03,3.00000000e-03,5.555521
228,blocks.1.attn.in_proj_bias,8.95645147e-03,3.00000000e-03,5.555521
228,blocks.1.attn.out_proj.weight,6.82072328e-03,3.00000000e-03,5.555521
228,blocks.1.attn.out_proj.bias,1.41008561e-02,3.00000000e-03,5.555521
228,blocks.1.ln2.weight,5.01909640e-04,3.00000000e-03,5.555521
228,blocks.1.ln2.bias,1.36252571e-02,3.00000000e-03,5.555521
228,blocks.1.mlp.0.weight,5.01314650e-03,3.00000000e-03,5.555521
228,blocks.1.mlp.0.bias,6.77561776e-03,3.00000000e-03,5.555521
228,blocks.1.mlp.2.weight,1.08060677e-02,3.00000000e-03,5.555521
228,blocks.1.mlp.2.bias,1.03620424e-02,3.00000000e-03,5.555521
228,ln_f.weight,1.22957748e-03,3.00000000e-03,5.555521
228,ln_f.bias,7.14470859e-03,3.00000000e-03,5.555521
228,lm_head.weight,9.00505603e-03,3.00000000e-03,5.555521
229,token_emb.weight,7.16607554e-04,3.00000000e-03,5.569105
229,pos_emb.weight,7.05090626e-04,3.00000000e-03,5.569105
229,blocks.0.ln1.weight,8.28641441e-04,3.00000000e-03,5.569105
229,blocks.0.ln1.bias,4.89736900e-03,3.00000000e-03,5.569105
229,blocks.0.attn.in_proj_weight,7.26877483e-03,3.00000000e-03,5.569105
229,blocks.0.attn.in_proj_bias,8.19846716e-03,3.00000000e-03,5.569105
229,blocks.0.attn.out_proj.weight,6.59019711e-03,3.00000000e-03,5.569105
229,blocks.0.attn.out_proj.bias,1.24388925e-02,3.00000000e-03,5.569105
229,blocks.0.ln2.weight,8.20773502e-04,3.00000000e-03,5.569105
229,blocks.0.ln2.bias,1.47422749e-02,3.00000000e-03,5.569105
229,blocks.0.mlp.0.weight,6.75242067e-03,3.00000000e-03,5.569105
229,blocks.0.mlp.0.bias,6.56343744e-03,3.00000000e-03,5.569105
229,blocks.0.mlp.2.weight,1.14761260e-02,3.00000000e-03,5.569105
229,blocks.0.mlp.2.bias,1.08280189e-02,3.00000000e-03,5.569105
229,blocks.1.ln1.weight,4.87151976e-04,3.00000000e-03,5.569105
229,blocks.1.ln1.bias,8.50036483e-03,3.00000000e-03,5.569105
229,blocks.1.attn.in_proj_weight,3.57852607e-03,3.00000000e-03,5.569105
229,blocks.1.attn.in_proj_bias,9.79010252e-03,3.00000000e-03,5.569105
229,blocks.1.attn.out_proj.weight,7.24900122e-03,3.00000000e-03,5.569105
229,blocks.1.attn.out_proj.bias,1.50891964e-02,3.00000000e-03,5.569105
229,blocks.1.ln2.weight,5.13638089e-04,3.00000000e-03,5.569105
229,blocks.1.ln2.bias,1.31345959e-02,3.00000000e-03,5.569105
229,blocks.1.mlp.0.weight,5.41677771e-03,3.00000000e-03,5.569105
229,blocks.1.mlp.0.bias,7.41218809e-03,3.00000000e-03,5.569105
229,blocks.1.mlp.2.weight,1.16548382e-02,3.00000000e-03,5.569105
229,blocks.1.mlp.2.bias,1.11569414e-02,3.00000000e-03,5.569105
229,ln_f.weight,1.23976644e-03,3.00000000e-03,5.569105
229,ln_f.bias,7.41779540e-03,3.00000000e-03,5.569105
229,lm_head.weight,9.12575649e-03,3.00000000e-03,5.569105
230,token_emb.weight,7.14844437e-04,3.00000000e-03,5.573768
230,pos_emb.weight,7.07065807e-04,3.00000000e-03,5.573768
230,blocks.0.ln1.weight,8.94278458e-04,3.00000000e-03,5.573768
230,blocks.0.ln1.bias,4.70045037e-03,3.00000000e-03,5.573768
230,blocks.0.attn.in_proj_weight,7.35355938e-03,3.00000000e-03,5.573768
230,blocks.0.attn.in_proj_bias,9.01976651e-03,3.00000000e-03,5.573768
230,blocks.0.attn.out_proj.weight,6.74109890e-03,3.00000000e-03,5.573768
230,blocks.0.attn.out_proj.bias,1.26566057e-02,3.00000000e-03,5.573768
230,blocks.0.ln2.weight,7.55052030e-04,3.00000000e-03,5.573768
230,blocks.0.ln2.bias,1.22784412e-02,3.00000000e-03,5.573768
230,blocks.0.mlp.0.weight,6.71659369e-03,3.00000000e-03,5.573768
230,blocks.0.mlp.0.bias,6.47307793e-03,3.00000000e-03,5.573768
230,blocks.0.mlp.2.weight,1.16160089e-02,3.00000000e-03,5.573768
230,blocks.0.mlp.2.bias,1.10271924e-02,3.00000000e-03,5.573768
230,blocks.1.ln1.weight,4.73669154e-04,3.00000000e-03,5.573768
230,blocks.1.ln1.bias,8.48557516e-03,3.00000000e-03,5.573768
230,blocks.1.attn.in_proj_weight,3.32713613e-03,3.00000000e-03,5.573768
230,blocks.1.attn.in_proj_bias,8.98269232e-03,3.00000000e-03,5.573768
230,blocks.1.attn.out_proj.weight,7.38693305e-03,3.00000000e-03,5.573768
230,blocks.1.attn.out_proj.bias,1.53607820e-02,3.00000000e-03,5.573768
230,blocks.1.ln2.weight,5.89433506e-04,3.00000000e-03,5.573768
230,blocks.1.ln2.bias,1.26379162e-02,3.00000000e-03,5.573768
230,blocks.1.mlp.0.weight,5.50498340e-03,3.00000000e-03,5.573768
230,blocks.1.mlp.0.bias,7.55425825e-03,3.00000000e-03,5.573768
230,blocks.1.mlp.2.weight,1.19402558e-02,3.00000000e-03,5.573768
230,blocks.1.mlp.2.bias,1.13467726e-02,3.00000000e-03,5.573768
230,ln_f.weight,1.29134247e-03,3.00000000e-03,5.573768
230,ln_f.bias,7.49566679e-03,3.00000000e-03,5.573768
230,lm_head.weight,9.47850297e-03,3.00000000e-03,5.573768
231,token_emb.weight,7.16193557e-04,3.00000000e-03,5.581730
231,pos_emb.weight,7.15137896e-04,3.00000000e-03,5.581730
231,blocks.0.ln1.weight,8.06070582e-04,3.00000000e-03,5.581730
231,blocks.0.ln1.bias,6.89809494e-03,3.00000000e-03,5.581730
231,blocks.0.attn.in_proj_weight,7.47481983e-03,3.00000000e-03,5.581730
231,blocks.0.attn.in_proj_bias,1.05556255e-02,3.00000000e-03,5.581730
231,blocks.0.attn.out_proj.weight,7.54169976e-03,3.00000000e-03,5.581730
231,blocks.0.attn.out_proj.bias,1.46335876e-02,3.00000000e-03,5.581730
231,blocks.0.ln2.weight,7.11225199e-04,3.00000000e-03,5.581730
231,blocks.0.ln2.bias,1.30554773e-02,3.00000000e-03,5.581730
231,blocks.0.mlp.0.weight,7.11631808e-03,3.00000000e-03,5.581730
231,blocks.0.mlp.0.bias,7.40345944e-03,3.00000000e-03,5.581730
231,blocks.0.mlp.2.weight,1.28467595e-02,3.00000000e-03,5.581730
231,blocks.0.mlp.2.bias,1.27828068e-02,3.00000000e-03,5.581730
231,blocks.1.ln1.weight,4.03731777e-04,3.00000000e-03,5.581730
231,blocks.1.ln1.bias,6.50994380e-03,3.00000000e-03,5.581730
231,blocks.1.attn.in_proj_weight,3.31244920e-03,3.00000000e-03,5.581730
231,blocks.1.attn.in_proj_bias,8.97420203e-03,3.00000000e-03,5.581730
231,blocks.1.attn.out_proj.weight,8.48897807e-03,3.00000000e-03,5.581730
231,blocks.1.attn.out_proj.bias,1.77467023e-02,3.00000000e-03,5.581730
231,blocks.1.ln2.weight,5.82136374e-04,3.00000000e-03,5.581730
231,blocks.1.ln2.bias,1.35112815e-02,3.00000000e-03,5.581730
231,blocks.1.mlp.0.weight,5.96774389e-03,3.00000000e-03,5.581730
231,blocks.1.mlp.0.bias,8.32865296e-03,3.00000000e-03,5.581730
231,blocks.1.mlp.2.weight,1.37516465e-02,3.00000000e-03,5.581730
231,blocks.1.mlp.2.bias,1.31541667e-02,3.00000000e-03,5.581730
231,ln_f.weight,1.36340021e-03,3.00000000e-03,5.581730
231,ln_f.bias,8.55733756e-03,3.00000000e-03,5.581730
231,lm_head.weight,9.50758439e-03,3.00000000e-03,5.581730
232,token_emb.weight,7.19695963e-04,3.00000000e-03,5.556138
232,pos_emb.weight,7.19680920e-04,3.00000000e-03,5.556138
232,blocks.0.ln1.weight,8.04809728e-04,3.00000000e-03,5.556138
232,blocks.0.ln1.bias,7.17559990e-03,3.00000000e-03,5.556138
232,blocks.0.attn.in_proj_weight,7.59788364e-03,3.00000000e-03,5.556138
232,blocks.0.attn.in_proj_bias,1.07737367e-02,3.00000000e-03,5.556138
232,blocks.0.attn.out_proj.weight,7.43750415e-03,3.00000000e-03,5.556138
232,blocks.0.attn.out_proj.bias,1.44997220e-02,3.00000000e-03,5.556138
232,blocks.0.ln2.weight,7.79138377e-04,3.00000000e-03,5.556138
232,blocks.0.ln2.bias,1.41713543e-02,3.00000000e-03,5.556138
232,blocks.0.mlp.0.weight,7.34189151e-03,3.00000000e-03,5.556138
232,blocks.0.mlp.0.bias,7.72931395e-03,3.00000000e-03,5.556138
232,blocks.0.mlp.2.weight,1.27736434e-02,3.00000000e-03,5.556138
232,blocks.0.mlp.2.bias,1.26211612e-02,3.00000000e-03,5.556138
232,blocks.1.ln1.weight,4.43106717e-04,3.00000000e-03,5.556138
232,blocks.1.ln1.bias,5.99210766e-03,3.00000000e-03,5.556138
232,blocks.1.attn.in_proj_weight,3.18280867e-03,3.00000000e-03,5.556138
232,blocks.1.attn.in_proj_bias,8.51327330e-03,3.00000000e-03,5.556138
232,blocks.1.attn.out_proj.weight,8.35320114e-03,3.00000000e-03,5.556138
232,blocks.1.attn.out_proj.bias,1.74693237e-02,3.00000000e-03,5.556138
232,blocks.1.ln2.weight,5.84718445e-04,3.00000000e-03,5.556138
232,blocks.1.ln2.bias,1.49149821e-02,3.00000000e-03,5.556138
232,blocks.1.mlp.0.weight,6.13588297e-03,3.00000000e-03,5.556138
232,blocks.1.mlp.0.bias,8.56619438e-03,3.00000000e-03,5.556138
232,blocks.1.mlp.2.weight,1.35509338e-02,3.00000000e-03,5.556138
232,blocks.1.mlp.2.bias,1.29928405e-02,3.00000000e-03,5.556138
232,ln_f.weight,1.36768204e-03,3.00000000e-03,5.556138
232,ln_f.bias,8.55077444e-03,3.00000000e-03,5.556138
232,lm_head.weight,9.58203174e-03,3.00000000e-03,5.556138
233,token_emb.weight,7.21274978e-04,3.00000000e-03,5.559910
233,pos_emb.weight,7.19535274e-04,3.00000000e-03,5.559910
233,blocks.0.ln1.weight,8.27682216e-04,3.00000000e-03,5.559910
233,blocks.0.ln1.bias,8.35593348e-03,3.00000000e-03,5.559910
233,blocks.0.attn.in_proj_weight,7.59275867e-03,3.00000000e-03,5.559910
233,blocks.0.attn.in_proj_bias,1.22665036e-02,3.00000000e-03,5.559910
233,blocks.0.attn.out_proj.weight,7.85367617e-03,3.00000000e-03,5.559910
233,blocks.0.attn.out_proj.bias,1.53812124e-02,3.00000000e-03,5.559910
233,blocks.0.ln2.weight,8.09645062e-04,3.00000000e-03,5.559910
233,blocks.0.ln2.bias,1.57527693e-02,3.00000000e-03,5.559910
233,blocks.0.mlp.0.weight,7.55289676e-03,3.00000000e-03,5.559910
233,blocks.0.mlp.0.bias,8.22612052e-03,3.00000000e-03,5.559910
233,blocks.0.mlp.2.weight,1.33197183e-02,3.00000000e-03,5.559910
233,blocks.0.mlp.2.bias,1.34652156e-02,3.00000000e-03,5.559910
233,blocks.1.ln1.weight,4.02066086e-04,3.00000000e-03,5.559910
233,blocks.1.ln1.bias,5.76034156e-03,3.00000000e-03,5.559910
233,blocks.1.attn.in_proj_weight,3.09252912e-03,3.00000000e-03,5.559910
233,blocks.1.attn.in_proj_bias,8.41022147e-03,3.00000000e-03,5.559910
233,blocks.1.attn.out_proj.weight,8.92846302e-03,3.00000000e-03,5.559910
233,blocks.1.attn.out_proj.bias,1.86355846e-02,3.00000000e-03,5.559910
233,blocks.1.ln2.weight,6.62802715e-04,3.00000000e-03,5.559910
233,blocks.1.ln2.bias,1.61419692e-02,3.00000000e-03,5.559910
233,blocks.1.mlp.0.weight,6.35802128e-03,3.00000000e-03,5.559910
233,blocks.1.mlp.0.bias,8.96268466e-03,3.00000000e-03,5.559910
233,blocks.1.mlp.2.weight,1.44431764e-02,3.00000000e-03,5.559910
233,blocks.1.mlp.2.bias,1.38982841e-02,3.00000000e-03,5.559910
233,ln_f.weight,1.38333647e-03,3.00000000e-03,5.559910
233,ln_f.bias,8.96136205e-03,3.00000000e-03,5.559910
233,lm_head.weight,9.54790648e-03,3.00000000e-03,5.559910
234,token_emb.weight,7.23749246e-04,3.00000000e-03,5.554866
234,pos_emb.weight,7.20996736e-04,3.00000000e-03,5.554866
234,blocks.0.ln1.weight,9.21907807e-04,3.00000000e-03,5.554866
234,blocks.0.ln1.bias,8.32457080e-03,3.00000000e-03,5.554866
234,blocks.0.attn.in_proj_weight,7.85370332e-03,3.00000000e-03,5.554866
234,blocks.0.attn.in_proj_bias,1.30301070e-02,3.00000000e-03,5.554866
234,blocks.0.attn.out_proj.weight,8.20180575e-03,3.00000000e-03,5.554866
234,blocks.0.attn.out_proj.bias,1.59403181e-02,3.00000000e-03,5.554866
234,blocks.0.ln2.weight,7.25826731e-04,3.00000000e-03,5.554866
234,blocks.0.ln2.bias,1.73900021e-02,3.00000000e-03,5.554866
234,blocks.0.mlp.0.weight,7.89966414e-03,3.00000000e-03,5.554866
234,blocks.0.mlp.0.bias,8.73554520e-03,3.00000000e-03,5.554866
234,blocks.0.mlp.2.weight,1.37678443e-02,3.00000000e-03,5.554866
234,blocks.0.mlp.2.bias,1.39591275e-02,3.00000000e-03,5.554866
234,blocks.1.ln1.weight,5.22076852e-04,3.00000000e-03,5.554866
234,blocks.1.ln1.bias,7.31895426e-03,3.00000000e-03,5.554866
234,blocks.1.attn.in_proj_weight,3.54856595e-03,3.00000000e-03,5.554866
234,blocks.1.attn.in_proj_bias,9.76425130e-03,3.00000000e-03,5.554866
234,blocks.1.attn.out_proj.weight,9.22303676e-03,3.00000000e-03,5.554866
234,blocks.1.attn.out_proj.bias,1.92686312e-02,3.00000000e-03,5.554866
234,blocks.1.ln2.weight,5.91519885e-04,3.00000000e-03,5.554866
234,blocks.1.ln2.bias,1.61694481e-02,3.00000000e-03,5.554866
234,blocks.1.mlp.0.weight,6.56524442e-03,3.00000000e-03,5.554866
234,blocks.1.mlp.0.bias,9.24050488e-03,3.00000000e-03,5.554866
234,blocks.1.mlp.2.weight,1.49065976e-02,3.00000000e-03,5.554866
234,blocks.1.mlp.2.bias,1.43808307e-02,3.00000000e-03,5.554866
234,ln_f.weight,1.44140125e-03,3.00000000e-03,5.554866
234,ln_f.bias,9.11128665e-03,3.00000000e-03,5.554866
234,lm_head.weight,9.53704032e-03,3.00000000e-03,5.554866
235,token_emb.weight,7.29635678e-04,3.00000000e-03,5.559119
235,pos_emb.weight,7.29513599e-04,3.00000000e-03,5.559119
235,blocks.0.ln1.weight,9.41033643e-04,3.00000000e-03,5.559119
235,blocks.0.ln1.bias,9.34500451e-03,3.00000000e-03,5.559119
235,blocks.0.attn.in_proj_weight,7.77936800e-03,3.00000000e-03,5.559119
235,blocks.0.attn.in_proj_bias,1.33561334e-02,3.00000000e-03,5.559119
235,blocks.0.attn.out_proj.weight,8.72201609e-03,3.00000000e-03,5.559119
235,blocks.0.attn.out_proj.bias,1.70643170e-02,3.00000000e-03,5.559119
235,blocks.0.ln2.weight,7.21080608e-04,3.00000000e-03,5.559119
235,blocks.0.ln2.bias,1.87204342e-02,3.00000000e-03,5.559119
235,blocks.0.mlp.0.weight,8.03564045e-03,3.00000000e-03,5.559119
235,blocks.0.mlp.0.bias,8.94631189e-03,3.00000000e-03,5.559119
235,blocks.0.mlp.2.weight,1.45348583e-02,3.00000000e-03,5.559119
235,blocks.0.mlp.2.bias,1.49204296e-02,3.00000000e-03,5.559119
235,blocks.1.ln1.weight,6.35210133e-04,3.00000000e-03,5.559119
235,blocks.1.ln1.bias,8.69021668e-03,3.00000000e-03,5.559119
235,blocks.1.attn.in_proj_weight,4.00169605e-03,3.00000000e-03,5.559119
235,blocks.1.attn.in_proj_bias,1.12651907e-02,3.00000000e-03,5.559119
235,blocks.1.attn.out_proj.weight,9.86293055e-03,3.00000000e-03,5.559119
235,blocks.1.attn.out_proj.bias,2.05471447e-02,3.00000000e-03,5.559119
235,blocks.1.ln2.weight,5.82445457e-04,3.00000000e-03,5.559119
235,blocks.1.ln2.bias,1.57651093e-02,3.00000000e-03,5.559119
235,blocks.1.mlp.0.weight,6.55976574e-03,3.00000000e-03,5.559119
235,blocks.1.mlp.0.bias,9.21874376e-03,3.00000000e-03,5.559119
235,blocks.1.mlp.2.weight,1.58300060e-02,3.00000000e-03,5.559119
235,blocks.1.mlp.2.bias,1.53434451e-02,3.00000000e-03,5.559119
235,ln_f.weight,1.46086788e-03,3.00000000e-03,5.559119
235,ln_f.bias,9.62025574e-03,3.00000000e-03,5.559119
235,lm_head.weight,9.79203948e-03,3.00000000e-03,5.559119
236,token_emb.weight,7.31219215e-04,3.00000000e-03,5.562692
236,pos_emb.weight,7.31612485e-04,3.00000000e-03,5.562692
236,blocks.0.ln1.weight,9.66668685e-04,3.00000000e-03,5.562692
236,blocks.0.ln1.bias,9.56256228e-03,3.00000000e-03,5.562692
236,blocks.0.attn.in_proj_weight,7.85498276e-03,3.00000000e-03,5.562692
236,blocks.0.attn.in_proj_bias,1.31429339e-02,3.00000000e-03,5.562692
236,blocks.0.attn.out_proj.weight,8.59214810e-03,3.00000000e-03,5.562692
236,blocks.0.attn.out_proj.bias,1.67757957e-02,3.00000000e-03,5.562692
236,blocks.0.ln2.weight,7.00232228e-04,3.00000000e-03,5.562692
236,blocks.0.ln2.bias,1.87751226e-02,3.00000000e-03,5.562692
236,blocks.0.mlp.0.weight,8.11695900e-03,3.00000000e-03,5.562692
236,blocks.0.mlp.0.bias,8.90214881e-03,3.00000000e-03,5.562692
236,blocks.0.mlp.2.weight,1.44273594e-02,3.00000000e-03,5.562692
236,blocks.0.mlp.2.bias,1.47529289e-02,3.00000000e-03,5.562692
236,blocks.1.ln1.weight,5.35203898e-04,3.00000000e-03,5.562692
236,blocks.1.ln1.bias,7.70855311e-03,3.00000000e-03,5.562692
236,blocks.1.attn.in_proj_weight,3.80264375e-03,3.00000000e-03,5.562692
236,blocks.1.attn.in_proj_bias,1.06726069e-02,3.00000000e-03,5.562692
236,blocks.1.attn.out_proj.weight,9.71112411e-03,3.00000000e-03,5.562692
236,blocks.1.attn.out_proj.bias,2.01460287e-02,3.00000000e-03,5.562692
236,blocks.1.ln2.weight,5.51146928e-04,3.00000000e-03,5.562692
236,blocks.1.ln2.bias,1.49806195e-02,3.00000000e-03,5.562692
236,blocks.1.mlp.0.weight,6.52830219e-03,3.00000000e-03,5.562692
236,blocks.1.mlp.0.bias,9.16829747e-03,3.00000000e-03,5.562692
236,blocks.1.mlp.2.weight,1.55363016e-02,3.00000000e-03,5.562692
236,blocks.1.mlp.2.bias,1.50574721e-02,3.00000000e-03,5.562692
236,ln_f.weight,1.44462182e-03,3.00000000e-03,5.562692
236,ln_f.bias,9.53384715e-03,3.00000000e-03,5.562692
236,lm_head.weight,9.84052363e-03,3.00000000e-03,5.562692
237,token_emb.weight,7.29389815e-04,3.00000000e-03,5.568337
237,pos_emb.weight,7.38269860e-04,3.00000000e-03,5.568337
237,blocks.0.ln1.weight,9.40835501e-04,3.00000000e-03,5.568337
237,blocks.0.ln1.bias,1.00210694e-02,3.00000000e-03,5.568337
237,blocks.0.attn.in_proj_weight,7.73642761e-03,3.00000000e-03,5.568337
237,blocks.0.attn.in_proj_bias,1.26524240e-02,3.00000000e-03,5.568337
237,blocks.0.attn.out_proj.weight,8.03071061e-03,3.00000000e-03,5.568337
237,blocks.0.attn.out_proj.bias,1.52340574e-02,3.00000000e-03,5.568337
237,blocks.0.ln2.weight,5.82984359e-04,3.00000000e-03,5.568337
237,blocks.0.ln2.bias,1.25811941e-02,3.00000000e-03,5.568337
237,blocks.0.mlp.0.weight,7.39602078e-03,3.00000000e-03,5.568337
237,blocks.0.mlp.0.bias,7.54861375e-03,3.00000000e-03,5.568337
237,blocks.0.mlp.2.weight,1.31251715e-02,3.00000000e-03,5.568337
237,blocks.0.mlp.2.bias,1.30371208e-02,3.00000000e-03,5.568337
237,blocks.1.ln1.weight,5.19498301e-04,3.00000000e-03,5.568337
237,blocks.1.ln1.bias,7.85897195e-03,3.00000000e-03,5.568337
237,blocks.1.attn.in_proj_weight,3.65879071e-03,3.00000000e-03,5.568337
237,blocks.1.attn.in_proj_bias,1.01218100e-02,3.00000000e-03,5.568337
237,blocks.1.attn.out_proj.weight,8.64297641e-03,3.00000000e-03,5.568337
237,blocks.1.attn.out_proj.bias,1.78244548e-02,3.00000000e-03,5.568337
237,blocks.1.ln2.weight,5.47394407e-04,3.00000000e-03,5.568337
237,blocks.1.ln2.bias,1.50315100e-02,3.00000000e-03,5.568337
237,blocks.1.mlp.0.weight,6.26141903e-03,3.00000000e-03,5.568337
237,blocks.1.mlp.0.bias,8.66226849e-03,3.00000000e-03,5.568337
237,blocks.1.mlp.2.weight,1.38674649e-02,3.00000000e-03,5.568337
237,blocks.1.mlp.2.bias,1.33575877e-02,3.00000000e-03,5.568337
237,ln_f.weight,1.47096449e-03,3.00000000e-03,5.568337
237,ln_f.bias,8.60772362e-03,3.00000000e-03,5.568337
237,lm_head.weight,9.51091852e-03,3.00000000e-03,5.568337
238,token_emb.weight,7.27638406e-04,3.00000000e-03,5.553828
238,pos_emb.weight,7.35613815e-04,3.00000000e-03,5.553828
238,blocks.0.ln1.weight,8.86315932e-04,3.00000000e-03,5.553828
238,blocks.0.ln1.bias,8.13229717e-03,3.00000000e-03,5.553828
238,blocks.0.attn.in_proj_weight,7.60391220e-03,3.00000000e-03,5.553828
238,blocks.0.attn.in_proj_bias,1.12957214e-02,3.00000000e-03,5.553828
238,blocks.0.attn.out_proj.weight,7.60241677e-03,3.00000000e-03,5.553828
238,blocks.0.attn.out_proj.bias,1.43203732e-02,3.00000000e-03,5.553828
238,blocks.0.ln2.weight,6.21275369e-04,3.00000000e-03,5.553828
238,blocks.0.ln2.bias,1.37135609e-02,3.00000000e-03,5.553828
238,blocks.0.mlp.0.weight,7.36832399e-03,3.00000000e-03,5.553828
238,blocks.0.mlp.0.bias,7.59116977e-03,3.00000000e-03,5.553828
238,blocks.0.mlp.2.weight,1.24280940e-02,3.00000000e-03,5.553828
238,blocks.0.mlp.2.bias,1.22838156e-02,3.00000000e-03,5.553828
238,blocks.1.ln1.weight,4.20827259e-04,3.00000000e-03,5.553828
238,blocks.1.ln1.bias,6.54367037e-03,3.00000000e-03,5.553828
238,blocks.1.attn.in_proj_weight,3.31555106e-03,3.00000000e-03,5.553828
238,blocks.1.attn.in_proj_bias,9.03363874e-03,3.00000000e-03,5.553828
238,blocks.1.attn.out_proj.weight,8.16515773e-03,3.00000000e-03,5.553828
238,blocks.1.attn.out_proj.bias,1.67139231e-02,3.00000000e-03,5.553828
238,blocks.1.ln2.weight,4.82171773e-04,3.00000000e-03,5.553828
238,blocks.1.ln2.bias,1.34929423e-02,3.00000000e-03,5.553828
238,blocks.1.mlp.0.weight,5.84617315e-03,3.00000000e-03,5.553828
238,blocks.1.mlp.0.bias,7.95329251e-03,3.00000000e-03,5.553828
238,blocks.1.mlp.2.weight,1.30405763e-02,3.00000000e-03,5.553828
238,blocks.1.mlp.2.bias,1.25470902e-02,3.00000000e-03,5.553828
238,ln_f.weight,1.42786998e-03,3.00000000e-03,5.553828
238,ln_f.bias,8.04864356e-03,3.00000000e-03,5.553828
238,lm_head.weight,9.46030958e-03,3.00000000e-03,5.553828
239,token_emb.weight,7.25800835e-04,3.00000000e-03,5.558043
239,pos_emb.weight,7.35971507e-04,3.00000000e-03,5.558043
239,blocks.0.ln1.weight,8.89109320e-04,3.00000000e-03,5.558043
239,blocks.0.ln1.bias,7.97121016e-03,3.00000000e-03,5.558043
239,blocks.0.attn.in_proj_weight,7.57297429e-03,3.00000000e-03,5.558043
239,blocks.0.attn.in_proj_bias,1.11528589e-02,3.00000000e-03,5.558043
239,blocks.0.attn.out_proj.weight,7.59381685e-03,3.00000000e-03,5.558043
239,blocks.0.attn.out_proj.bias,1.43487122e-02,3.00000000e-03,5.558043
239,blocks.0.ln2.weight,5.99535858e-04,3.00000000e-03,5.558043
239,blocks.0.ln2.bias,1.26816909e-02,3.00000000e-03,5.558043
239,blocks.0.mlp.0.weight,7.27641198e-03,3.00000000e-03,5.558043
239,blocks.0.mlp.0.bias,7.31290578e-03,3.00000000e-03,5.558043
239,blocks.0.mlp.2.weight,1.24173734e-02,3.00000000e-03,5.558043
239,blocks.0.mlp.2.bias,1.22986140e-02,3.00000000e-03,5.558043
239,blocks.1.ln1.weight,4.20784456e-04,3.00000000e-03,5.558043
239,blocks.1.ln1.bias,7.07120307e-03,3.00000000e-03,5.558043
239,blocks.1.attn.in_proj_weight,3.22779935e-03,3.00000000e-03,5.558043
239,blocks.1.attn.in_proj_bias,8.81193534e-03,3.00000000e-03,5.558043
239,blocks.1.attn.out_proj.weight,8.17083086e-03,3.00000000e-03,5.558043
239,blocks.1.attn.out_proj.bias,1.67588987e-02,3.00000000e-03,5.558043
239,blocks.1.ln2.weight,4.88890097e-04,3.00000000e-03,5.558043
239,blocks.1.ln2.bias,1.36274119e-02,3.00000000e-03,5.558043
239,blocks.1.mlp.0.weight,5.84673436e-03,3.00000000e-03,5.558043
239,blocks.1.mlp.0.bias,8.03379713e-03,3.00000000e-03,5.558043
239,blocks.1.mlp.2.weight,1.30125040e-02,3.00000000e-03,5.558043
239,blocks.1.mlp.2.bias,1.25866658e-02,3.00000000e-03,5.558043
239,ln_f.weight,1.39262671e-03,3.00000000e-03,5.558043
239,ln_f.bias,7.87463374e-03,3.00000000e-03,5.558043
239,lm_head.weight,9.51212795e-03,3.00000000e-03,5.558043
240,token_emb.weight,7.27259092e-04,3.00000000e-03,5.561860
240,pos_emb.weight,7.41807069e-04,3.00000000e-03,5.561860
240,blocks.0.ln1.weight,9.58913320e-04,3.00000000e-03,5.561860
240,blocks.0.ln1.bias,9.47132198e-03,3.00000000e-03,5.561860
240,blocks.0.attn.in_proj_weight,7.65594808e-03,3.00000000e-03,5.561860
240,blocks.0.attn.in_proj_bias,1.19940315e-02,3.00000000e-03,5.561860
240,blocks.0.attn.out_proj.weight,7.51032080e-03,3.00000000e-03,5.561860
240,blocks.0.attn.out_proj.bias,1.37810384e-02,3.00000000e-03,5.561860
240,blocks.0.ln2.weight,7.09668976e-04,3.00000000e-03,5.561860
240,blocks.0.ln2.bias,1.25542725e-02,3.00000000e-03,5.561860
240,blocks.0.mlp.0.weight,7.33177293e-03,3.00000000e-03,5.561860
240,blocks.0.mlp.0.bias,7.27433657e-03,3.00000000e-03,5.561860
240,blocks.0.mlp.2.weight,1.22565023e-02,3.00000000e-03,5.561860
240,blocks.0.mlp.2.bias,1.19636808e-02,3.00000000e-03,5.561860
240,blocks.1.ln1.weight,4.55138739e-04,3.00000000e-03,5.561860
240,blocks.1.ln1.bias,7.60065818e-03,3.00000000e-03,5.561860
240,blocks.1.attn.in_proj_weight,3.44182881e-03,3.00000000e-03,5.561860
240,blocks.1.attn.in_proj_bias,9.50677974e-03,3.00000000e-03,5.561860
240,blocks.1.attn.out_proj.weight,7.97975438e-03,3.00000000e-03,5.561860
240,blocks.1.attn.out_proj.bias,1.62684300e-02,3.00000000e-03,5.561860
240,blocks.1.ln2.weight,4.86512612e-04,3.00000000e-03,5.561860
240,blocks.1.ln2.bias,1.36556098e-02,3.00000000e-03,5.561860
240,blocks.1.mlp.0.weight,5.76823708e-03,3.00000000e-03,5.561860
240,blocks.1.mlp.0.bias,7.90829606e-03,3.00000000e-03,5.561860
240,blocks.1.mlp.2.weight,1.26759226e-02,3.00000000e-03,5.561860
240,blocks.1.mlp.2.bias,1.22221216e-02,3.00000000e-03,5.561860
240,ln_f.weight,1.40694355e-03,3.00000000e-03,5.561860
240,ln_f.bias,7.73452405e-03,3.00000000e-03,5.561860
240,lm_head.weight,9.29997774e-03,3.00000000e-03,5.561860
241,token_emb.weight,7.28281598e-04,3.00000000e-03,5.562869
241,pos_emb.weight,7.49494599e-04,3.00000000e-03,5.562869
241,blocks.0.ln1.weight,9.85918779e-04,3.00000000e-03,5.562869
241,blocks.0.ln1.bias,1.16389507e-02,3.00000000e-03,5.562869
241,blocks.0.attn.in_proj_weight,7.61683605e-03,3.00000000e-03,5.562869
241,blocks.0.attn.in_proj_bias,1.29025153e-02,3.00000000e-03,5.562869
241,blocks.0.attn.out_proj.weight,7.46956486e-03,3.00000000e-03,5.562869
241,blocks.0.attn.out_proj.bias,1.36133470e-02,3.00000000e-03,5.562869
241,blocks.0.ln2.weight,7.40294874e-04,3.00000000e-03,5.562869
241,blocks.0.ln2.bias,1.08097233e-02,3.00000000e-03,5.562869
241,blocks.0.mlp.0.weight,7.22853243e-03,3.00000000e-03,5.562869
241,blocks.0.mlp.0.bias,7.10417125e-03,3.00000000e-03,5.562869
241,blocks.0.mlp.2.weight,1.20352918e-02,3.00000000e-03,5.562869
241,blocks.0.mlp.2.bias,1.14981360e-02,3.00000000e-03,5.562869
241,blocks.1.ln1.weight,5.50681237e-04,3.00000000e-03,5.562869
241,blocks.1.ln1.bias,9.78191824e-03,3.00000000e-03,5.562869
241,blocks.1.attn.in_proj_weight,3.72078591e-03,3.00000000e-03,5.562869
241,blocks.1.attn.in_proj_bias,1.03049818e-02,3.00000000e-03,5.562869
241,blocks.1.attn.out_proj.weight,7.70467000e-03,3.00000000e-03,5.562869
241,blocks.1.attn.out_proj.bias,1.56174924e-02,3.00000000e-03,5.562869
241,blocks.1.ln2.weight,4.98313112e-04,3.00000000e-03,5.562869
241,blocks.1.ln2.bias,1.47983998e-02,3.00000000e-03,5.562869
241,blocks.1.mlp.0.weight,5.99289504e-03,3.00000000e-03,5.562869
241,blocks.1.mlp.0.bias,8.28337127e-03,3.00000000e-03,5.562869
241,blocks.1.mlp.2.weight,1.22779012e-02,3.00000000e-03,5.562869
241,blocks.1.mlp.2.bias,1.17431194e-02,3.00000000e-03,5.562869
241,ln_f.weight,1.42236647e-03,3.00000000e-03,5.562869
241,ln_f.bias,7.39956901e-03,3.00000000e-03,5.562869
241,lm_head.weight,9.37103950e-03,3.00000000e-03,5.562869
242,token_emb.weight,7.28540808e-04,3.00000000e-03,5.561787
242,pos_emb.weight,7.48719400e-04,3.00000000e-03,5.561787
242,blocks.0.ln1.weight,9.05503494e-04,3.00000000e-03,5.561787
242,blocks.0.ln1.bias,1.00085356e-02,3.00000000e-03,5.561787
242,blocks.0.attn.in_proj_weight,7.53857305e-03,3.00000000e-03,5.561787
242,blocks.0.attn.in_proj_bias,1.24847187e-02,3.00000000e-03,5.561787
242,blocks.0.attn.out_proj.weight,7.54183337e-03,3.00000000e-03,5.561787
242,blocks.0.attn.out_proj.bias,1.39750781e-02,3.00000000e-03,5.561787
242,blocks.0.ln2.weight,7.58339892e-04,3.00000000e-03,5.561787
242,blocks.0.ln2.bias,1.08282051e-02,3.00000000e-03,5.561787
242,blocks.0.mlp.0.weight,7.22119894e-03,3.00000000e-03,5.561787
242,blocks.0.mlp.0.bias,7.09431608e-03,3.00000000e-03,5.561787
242,blocks.0.mlp.2.weight,1.22383870e-02,3.00000000e-03,5.561787
242,blocks.0.mlp.2.bias,1.17714780e-02,3.00000000e-03,5.561787
242,blocks.1.ln1.weight,6.16401936e-04,3.00000000e-03,5.561787
242,blocks.1.ln1.bias,1.05582991e-02,3.00000000e-03,5.561787
242,blocks.1.attn.in_proj_weight,3.86289828e-03,3.00000000e-03,5.561787
242,blocks.1.attn.in_proj_bias,1.07397969e-02,3.00000000e-03,5.561787
242,blocks.1.attn.out_proj.weight,7.86325693e-03,3.00000000e-03,5.561787
242,blocks.1.attn.out_proj.bias,1.60090515e-02,3.00000000e-03,5.561787
242,blocks.1.ln2.weight,4.96982818e-04,3.00000000e-03,5.561787
242,blocks.1.ln2.bias,1.38786103e-02,3.00000000e-03,5.561787
242,blocks.1.mlp.0.weight,5.70774373e-03,3.00000000e-03,5.561787
242,blocks.1.mlp.0.bias,7.77009706e-03,3.00000000e-03,5.561787
242,blocks.1.mlp.2.weight,1.25352182e-02,3.00000000e-03,5.561787
242,blocks.1.mlp.2.bias,1.20485304e-02,3.00000000e-03,5.561787
242,ln_f.weight,1.41372696e-03,3.00000000e-03,5.561787
242,ln_f.bias,7.80669200e-03,3.00000000e-03,5.561787
242,lm_head.weight,9.48173095e-03,3.00000000e-03,5.561787
243,token_emb.weight,7.24015683e-04,3.00000000e-03,5.552126
243,pos_emb.weight,7.50462135e-04,3.00000000e-03,5.552126
243,blocks.0.ln1.weight,9.26335628e-04,3.00000000e-03,5.552126
243,blocks.0.ln1.bias,9.78820695e-03,3.00000000e-03,5.552126
243,blocks.0.attn.in_proj_weight,7.55369357e-03,3.00000000e-03,5.552126
243,blocks.0.attn.in_proj_bias,1.12728797e-02,3.00000000e-03,5.552126
243,blocks.0.attn.out_proj.weight,7.39442613e-03,3.00000000e-03,5.552126
243,blocks.0.attn.out_proj.bias,1.34356874e-02,3.00000000e-03,5.552126
243,blocks.0.ln2.weight,7.75424805e-04,3.00000000e-03,5.552126
243,blocks.0.ln2.bias,1.14342818e-02,3.00000000e-03,5.552126
243,blocks.0.mlp.0.weight,7.19750419e-03,3.00000000e-03,5.552126
243,blocks.0.mlp.0.bias,7.13383347e-03,3.00000000e-03,5.552126
243,blocks.0.mlp.2.weight,1.19084953e-02,3.00000000e-03,5.552126
243,blocks.0.mlp.2.bias,1.14218456e-02,3.00000000e-03,5.552126
243,blocks.1.ln1.weight,5.88588356e-04,3.00000000e-03,5.552126
243,blocks.1.ln1.bias,9.71012996e-03,3.00000000e-03,5.552126
243,blocks.1.attn.in_proj_weight,3.90215000e-03,3.00000000e-03,5.552126
243,blocks.1.attn.in_proj_bias,1.09424501e-02,3.00000000e-03,5.552126
243,blocks.1.attn.out_proj.weight,7.64231294e-03,3.00000000e-03,5.552126
243,blocks.1.attn.out_proj.bias,1.55182810e-02,3.00000000e-03,5.552126
243,blocks.1.ln2.weight,4.78939150e-04,3.00000000e-03,5.552126
243,blocks.1.ln2.bias,1.20351724e-02,3.00000000e-03,5.552126
243,blocks.1.mlp.0.weight,5.17875360e-03,3.00000000e-03,5.552126
243,blocks.1.mlp.0.bias,6.93429991e-03,3.00000000e-03,5.552126
243,blocks.1.mlp.2.weight,1.21368292e-02,3.00000000e-03,5.552126
243,blocks.1.mlp.2.bias,1.17012737e-02,3.00000000e-03,5.552126
243,ln_f.weight,1.34280739e-03,3.00000000e-03,5.552126
243,ln_f.bias,7.46807466e-03,3.00000000e-03,5.552126
243,lm_head.weight,9.38995396e-03,3.00000000e-03,5.552126
244,token_emb.weight,7.23749631e-04,3.00000000e-03,5.541928
244,pos_emb.weight,7.42466840e-04,3.00000000e-03,5.541928
244,blocks.0.ln1.weight,9.24429304e-04,3.00000000e-03,5.541928
244,blocks.0.ln1.bias,8.94352514e-03,3.00000000e-03,5.541928
244,blocks.0.attn.in_proj_weight,7.38358587e-03,3.00000000e-03,5.541928
244,blocks.0.attn.in_proj_bias,1.03254383e-02,3.00000000e-03,5.541928
244,blocks.0.attn.out_proj.weight,7.19940907e-03,3.00000000e-03,5.541928
244,blocks.0.attn.out_proj.bias,1.33834049e-02,3.00000000e-03,5.541928
244,blocks.0.ln2.weight,7.39231287e-04,3.00000000e-03,5.541928
244,blocks.0.ln2.bias,1.26935415e-02,3.00000000e-03,5.541928
244,blocks.0.mlp.0.weight,7.37171665e-03,3.00000000e-03,5.541928
244,blocks.0.mlp.0.bias,7.71226352e-03,3.00000000e-03,5.541928
244,blocks.0.mlp.2.weight,1.18483460e-02,3.00000000e-03,5.541928
244,blocks.0.mlp.2.bias,1.14991653e-02,3.00000000e-03,5.541928
244,blocks.1.ln1.weight,5.87361433e-04,3.00000000e-03,5.541928
244,blocks.1.ln1.bias,9.46986227e-03,3.00000000e-03,5.541928
244,blocks.1.attn.in_proj_weight,3.89570290e-03,3.00000000e-03,5.541928
244,blocks.1.attn.in_proj_bias,1.06758061e-02,3.00000000e-03,5.541928
244,blocks.1.attn.out_proj.weight,7.72873218e-03,3.00000000e-03,5.541928
244,blocks.1.attn.out_proj.bias,1.56060141e-02,3.00000000e-03,5.541928
244,blocks.1.ln2.weight,5.00906879e-04,3.00000000e-03,5.541928
244,blocks.1.ln2.bias,1.12721924e-02,3.00000000e-03,5.541928
244,blocks.1.mlp.0.weight,5.15928314e-03,3.00000000e-03,5.541928
244,blocks.1.mlp.0.bias,6.90923741e-03,3.00000000e-03,5.541928
244,blocks.1.mlp.2.weight,1.22173094e-02,3.00000000e-03,5.541928
244,blocks.1.mlp.2.bias,1.17777599e-02,3.00000000e-03,5.541928
244,ln_f.weight,1.31632782e-03,3.00000000e-03,5.541928
244,ln_f.bias,7.33672455e-03,3.00000000e-03,5.541928
244,lm_head.weight,9.58556136e-03,3.00000000e-03,5.541928
245,token_emb.weight,7.24318933e-04,3.00000000e-03,5.564936
245,pos_emb.weight,7.51978956e-04,3.00000000e-03,5.564936
245,blocks.0.ln1.weight,9.14939989e-04,3.00000000e-03,5.564936
245,blocks.0.ln1.bias,1.12774540e-02,3.00000000e-03,5.564936
245,blocks.0.attn.in_proj_weight,7.50877563e-03,3.00000000e-03,5.564936
245,blocks.0.attn.in_proj_bias,1.17062589e-02,3.00000000e-03,5.564936
245,blocks.0.attn.out_proj.weight,7.95763013e-03,3.00000000e-03,5.564936
245,blocks.0.attn.out_proj.bias,1.48642146e-02,3.00000000e-03,5.564936
245,blocks.0.ln2.weight,7.36420820e-04,3.00000000e-03,5.564936
245,blocks.0.ln2.bias,1.37763118e-02,3.00000000e-03,5.564936
245,blocks.0.mlp.0.weight,7.62522398e-03,3.00000000e-03,5.564936
245,blocks.0.mlp.0.bias,8.12069841e-03,3.00000000e-03,5.564936
245,blocks.0.mlp.2.weight,1.26073801e-02,3.00000000e-03,5.564936
245,blocks.0.mlp.2.bias,1.24775752e-02,3.00000000e-03,5.564936
245,blocks.1.ln1.weight,5.76935606e-04,3.00000000e-03,5.564936
245,blocks.1.ln1.bias,8.95351032e-03,3.00000000e-03,5.564936
245,blocks.1.attn.in_proj_weight,4.04844344e-03,3.00000000e-03,5.564936
245,blocks.1.attn.in_proj_bias,1.10398559e-02,3.00000000e-03,5.564936
245,blocks.1.attn.out_proj.weight,8.38678336e-03,3.00000000e-03,5.564936
245,blocks.1.attn.out_proj.bias,1.68960333e-02,3.00000000e-03,5.564936
245,blocks.1.ln2.weight,5.05922079e-04,3.00000000e-03,5.564936
245,blocks.1.ln2.bias,1.20724468e-02,3.00000000e-03,5.564936
245,blocks.1.mlp.0.weight,5.53030509e-03,3.00000000e-03,5.564936
245,blocks.1.mlp.0.bias,7.52100008e-03,3.00000000e-03,5.564936
245,blocks.1.mlp.2.weight,1.31877024e-02,3.00000000e-03,5.564936
245,blocks.1.mlp.2.bias,1.27681838e-02,3.00000000e-03,5.564936
245,ln_f.weight,1.33623413e-03,3.00000000e-03,5.564936
245,ln_f.bias,7.77815832e-03,3.00000000e-03,5.564936
245,lm_head.weight,9.66317809e-03,3.00000000e-03,5.564936
246,token_emb.weight,7.21282487e-04,3.00000000e-03,5.557545
246,pos_emb.weight,7.49053526e-04,3.00000000e-03,5.557545
246,blocks.0.ln1.weight,9.37064588e-04,3.00000000e-03,5.557545
246,blocks.0.ln1.bias,1.16016592e-02,3.00000000e-03,5.557545
246,blocks.0.attn.in_proj_weight,7.49083689e-03,3.00000000e-03,5.557545
246,blocks.0.attn.in_proj_bias,1.25230841e-02,3.00000000e-03,5.557545
246,blocks.0.attn.out_proj.weight,7.89810638e-03,3.00000000e-03,5.557545
246,blocks.0.attn.out_proj.bias,1.49342781e-02,3.00000000e-03,5.557545
246,blocks.0.ln2.weight,7.90577112e-04,3.00000000e-03,5.557545
246,blocks.0.ln2.bias,1.39798291e-02,3.00000000e-03,5.557545
246,blocks.0.mlp.0.weight,7.68364935e-03,3.00000000e-03,5.557545
246,blocks.0.mlp.0.bias,8.35308283e-03,3.00000000e-03,5.557545
246,blocks.0.mlp.2.weight,1.25407167e-02,3.00000000e-03,5.557545
246,blocks.0.mlp.2.bias,1.24164231e-02,3.00000000e-03,5.557545
246,blocks.1.ln1.weight,5.37576309e-04,3.00000000e-03,5.557545
246,blocks.1.ln1.bias,9.18199269e-03,3.00000000e-03,5.557545
246,blocks.1.attn.in_proj_weight,4.03645940e-03,3.00000000e-03,5.557545
246,blocks.1.attn.in_proj_bias,1.09847740e-02,3.00000000e-03,5.557545
246,blocks.1.attn.out_proj.weight,8.33475303e-03,3.00000000e-03,5.557545
246,blocks.1.attn.out_proj.bias,1.67705348e-02,3.00000000e-03,5.557545
246,blocks.1.ln2.weight,5.43347017e-04,3.00000000e-03,5.557545
246,blocks.1.ln2.bias,1.27492800e-02,3.00000000e-03,5.557545
246,blocks.1.mlp.0.weight,5.97401485e-03,3.00000000e-03,5.557545
246,blocks.1.mlp.0.bias,8.29972034e-03,3.00000000e-03,5.557545
246,blocks.1.mlp.2.weight,1.31742589e-02,3.00000000e-03,5.557545
246,blocks.1.mlp.2.bias,1.26738217e-02,3.00000000e-03,5.557545
246,ln_f.weight,1.33552888e-03,3.00000000e-03,5.557545
246,ln_f.bias,7.84141865e-03,3.00000000e-03,5.557545
246,lm_head.weight,9.83008873e-03,3.00000000e-03,5.557545
247,token_emb.weight,7.22821212e-04,3.00000000e-03,5.563990
247,pos_emb.weight,7.41293130e-04,3.00000000e-03,5.563990
247,blocks.0.ln1.weight,1.04063093e-03,3.00000000e-03,5.563990
247,blocks.0.ln1.bias,9.95437303e-03,3.00000000e-03,5.563990
247,blocks.0.attn.in_proj_weight,7.58427528e-03,3.00000000e-03,5.563990
247,blocks.0.attn.in_proj_bias,1.18779321e-02,3.00000000e-03,5.563990
247,blocks.0.attn.out_proj.weight,8.03716655e-03,3.00000000e-03,5.563990
247,blocks.0.attn.out_proj.bias,1.49284044e-02,3.00000000e-03,5.563990
247,blocks.0.ln2.weight,7.49135533e-04,3.00000000e-03,5.563990
247,blocks.0.ln2.bias,1.27100227e-02,3.00000000e-03,5.563990
247,blocks.0.mlp.0.weight,7.53626593e-03,3.00000000e-03,5.563990
247,blocks.0.mlp.0.bias,8.04512202e-03,3.00000000e-03,5.563990
247,blocks.0.mlp.2.weight,1.25849047e-02,3.00000000e-03,5.563990
247,blocks.0.mlp.2.bias,1.25105788e-02,3.00000000e-03,5.563990
247,blocks.1.ln1.weight,6.05506763e-04,3.00000000e-03,5.563990
247,blocks.1.ln1.bias,9.28725435e-03,3.00000000e-03,5.563990
247,blocks.1.attn.in_proj_weight,4.16007676e-03,3.00000000e-03,5.563990
247,blocks.1.attn.in_proj_bias,1.13652847e-02,3.00000000e-03,5.563990
247,blocks.1.attn.out_proj.weight,8.42913060e-03,3.00000000e-03,5.563990
247,blocks.1.attn.out_proj.bias,1.69032844e-02,3.00000000e-03,5.563990
247,blocks.1.ln2.weight,5.55274270e-04,3.00000000e-03,5.563990
247,blocks.1.ln2.bias,1.49085487e-02,3.00000000e-03,5.563990
247,blocks.1.mlp.0.weight,6.32328666e-03,3.00000000e-03,5.563990
247,blocks.1.mlp.0.bias,8.84532109e-03,3.00000000e-03,5.563990
247,blocks.1.mlp.2.weight,1.33234370e-02,3.00000000e-03,5.563990
247,blocks.1.mlp.2.bias,1.28153053e-02,3.00000000e-03,5.563990
247,ln_f.weight,1.33966700e-03,3.00000000e-03,5.563990
247,ln_f.bias,7.93512583e-03,3.00000000e-03,5.563990
247,lm_head.weight,9.62238667e-03,3.00000000e-03,5.563990
248,token_emb.weight,7.22416852e-04,3.00000000e-03,5.558938
248,pos_emb.weight,7.40312615e-04,3.00000000e-03,5.558938
248,blocks.0.ln1.weight,8.87532633e-04,3.00000000e-03,5.558938
248,blocks.0.ln1.bias,9.10272133e-03,3.00000000e-03,5.558938
248,blocks.0.attn.in_proj_weight,7.39282418e-03,3.00000000e-03,5.558938
248,blocks.0.attn.in_proj_bias,1.10246964e-02,3.00000000e-03,5.558938
248,blocks.0.attn.out_proj.weight,7.88066922e-03,3.00000000e-03,5.558938
248,blocks.0.attn.out_proj.bias,1.44018794e-02,3.00000000e-03,5.558938
248,blocks.0.ln2.weight,7.79790896e-04,3.00000000e-03,5.558938
248,blocks.0.ln2.bias,1.40427834e-02,3.00000000e-03,5.558938
248,blocks.0.mlp.0.weight,7.45729087e-03,3.00000000e-03,5.558938
248,blocks.0.mlp.0.bias,7.97150958e-03,3.00000000e-03,5.558938
248,blocks.0.mlp.2.weight,1.22369981e-02,3.00000000e-03,5.558938
248,blocks.0.mlp.2.bias,1.17810773e-02,3.00000000e-03,5.558938
248,blocks.1.ln1.weight,5.69492010e-04,3.00000000e-03,5.558938
248,blocks.1.ln1.bias,8.96803902e-03,3.00000000e-03,5.558938
248,blocks.1.attn.in_proj_weight,3.92363042e-03,3.00000000e-03,5.558938
248,blocks.1.attn.in_proj_bias,1.04898063e-02,3.00000000e-03,5.558938
248,blocks.1.attn.out_proj.weight,7.98436354e-03,3.00000000e-03,5.558938
248,blocks.1.attn.out_proj.bias,1.59047350e-02,3.00000000e-03,5.558938
248,blocks.1.ln2.weight,6.20330476e-04,3.00000000e-03,5.558938
248,blocks.1.ln2.bias,1.70139690e-02,3.00000000e-03,5.558938
248,blocks.1.mlp.0.weight,6.68826635e-03,3.00000000e-03,5.558938
248,blocks.1.mlp.0.bias,9.23733207e-03,3.00000000e-03,5.558938
248,blocks.1.mlp.2.weight,1.26900565e-02,3.00000000e-03,5.558938
248,blocks.1.mlp.2.bias,1.19949247e-02,3.00000000e-03,5.558938
248,ln_f.weight,1.34976344e-03,3.00000000e-03,5.558938
248,ln_f.bias,7.54671772e-03,3.00000000e-03,5.558938
248,lm_head.weight,9.84569072e-03,3.00000000e-03,5.558938
249,token_emb.weight,7.24004733e-04,3.00000000e-03,5.565724
249,pos_emb.weight,7.44797261e-04,3.00000000e-03,5.565724
249,blocks.0.ln1.weight,8.89889653e-04,3.00000000e-03,5.565724
249,blocks.0.ln1.bias,9.45242302e-03,3.00000000e-03,5.565724
249,blocks.0.attn.in_proj_weight,7.46560167e-03,3.00000000e-03,5.565724
249,blocks.0.attn.in_proj_bias,1.14847930e-02,3.00000000e-03,5.565724
249,blocks.0.attn.out_proj.weight,7.84300964e-03,3.00000000e-03,5.565724
249,blocks.0.attn.out_proj.bias,1.40783347e-02,3.00000000e-03,5.565724
249,blocks.0.ln2.weight,8.20843675e-04,3.00000000e-03,5.565724
249,blocks.0.ln2.bias,1.59393284e-02,3.00000000e-03,5.565724
249,blocks.0.mlp.0.weight,7.65595382e-03,3.00000000e-03,5.565724
249,blocks.0.mlp.0.bias,8.37837714e-03,3.00000000e-03,5.565724
249,blocks.0.mlp.2.weight,1.21579130e-02,3.00000000e-03,5.565724
249,blocks.0.mlp.2.bias,1.15641654e-02,3.00000000e-03,5.565724
249,blocks.1.ln1.weight,5.27418071e-04,3.00000000e-03,5.565724
249,blocks.1.ln1.bias,7.98809663e-03,3.00000000e-03,5.565724
249,blocks.1.attn.in_proj_weight,3.84651453e-03,3.00000000e-03,5.565724
249,blocks.1.attn.in_proj_bias,9.93251847e-03,3.00000000e-03,5.565724
249,blocks.1.attn.out_proj.weight,7.85832952e-03,3.00000000e-03,5.565724
249,blocks.1.attn.out_proj.bias,1.55510714e-02,3.00000000e-03,5.565724
249,blocks.1.ln2.weight,6.18591549e-04,3.00000000e-03,5.565724
249,blocks.1.ln2.bias,1.71237328e-02,3.00000000e-03,5.565724
249,blocks.1.mlp.0.weight,7.02087098e-03,3.00000000e-03,5.565724
249,blocks.1.mlp.0.bias,9.72983791e-03,3.00000000e-03,5.565724
249,blocks.1.mlp.2.weight,1.25387934e-02,3.00000000e-03,5.565724
249,blocks.1.mlp.2.bias,1.17396058e-02,3.00000000e-03,5.565724
249,ln_f.weight,1.35490906e-03,3.00000000e-03,5.565724
249,ln_f.bias,7.44829112e-03,3.00000000e-03,5.565724
249,lm_head.weight,9.94271255e-03,3.00000000e-03,5.565724
250,token_emb.weight,7.29849623e-04,3.00000000e-03,5.553288
250,pos_emb.weight,7.49700100e-04,3.00000000e-03,5.553288
250,blocks.0.ln1.weight,8.98970987e-04,3.00000000e-03,5.553288
250,blocks.0.ln1.bias,1.20044702e-02,3.00000000e-03,5.553288
250,blocks.0.attn.in_proj_weight,7.57481369e-03,3.00000000e-03,5.553288
250,blocks.0.attn.in_proj_bias,1.28942133e-02,3.00000000e-03,5.553288
250,blocks.0.attn.out_proj.weight,7.99531937e-03,3.00000000e-03,5.553288
250,blocks.0.attn.out_proj.bias,1.44783861e-02,3.00000000e-03,5.553288
250,blocks.0.ln2.weight,8.12330534e-04,3.00000000e-03,5.553288
250,blocks.0.ln2.bias,1.48899361e-02,3.00000000e-03,5.553288
250,blocks.0.mlp.0.weight,7.78220329e-03,3.00000000e-03,5.553288
250,blocks.0.mlp.0.bias,8.51721023e-03,3.00000000e-03,5.553288
250,blocks.0.mlp.2.weight,1.24249843e-02,3.00000000e-03,5.553288
250,blocks.0.mlp.2.bias,1.18780409e-02,3.00000000e-03,5.553288
250,blocks.1.ln1.weight,5.29527407e-04,3.00000000e-03,5.553288
250,blocks.1.ln1.bias,8.07977850e-03,3.00000000e-03,5.553288
250,blocks.1.attn.in_proj_weight,4.04620376e-03,3.00000000e-03,5.553288
250,blocks.1.attn.in_proj_bias,1.03663371e-02,3.00000000e-03,5.553288
250,blocks.1.attn.out_proj.weight,8.13368113e-03,3.00000000e-03,5.553288
250,blocks.1.attn.out_proj.bias,1.60422713e-02,3.00000000e-03,5.553288
250,blocks.1.ln2.weight,6.39171811e-04,3.00000000e-03,5.553288
250,blocks.1.ln2.bias,1.75935251e-02,3.00000000e-03,5.553288
250,blocks.1.mlp.0.weight,7.23901367e-03,3.00000000e-03,5.553288
250,blocks.1.mlp.0.bias,9.98158604e-03,3.00000000e-03,5.553288
250,blocks.1.mlp.2.weight,1.29546222e-02,3.00000000e-03,5.553288
250,blocks.1.mlp.2.bias,1.21168822e-02,3.00000000e-03,5.553288
250,ln_f.weight,1.37001851e-03,3.00000000e-03,5.553288
250,ln_f.bias,7.51618333e-03,3.00000000e-03,5.553288
250,lm_head.weight,9.74381721e-03,3.00000000e-03,5.553288
251,token_emb.weight,7.30162218e-04,3.00000000e-03,5.532214
251,pos_emb.weight,7.58306700e-04,3.00000000e-03,5.532214
251,blocks.0.ln1.weight,9.10604198e-04,3.00000000e-03,5.532214
251,blocks.0.ln1.bias,1.17784061e-02,3.00000000e-03,5.532214
251,blocks.0.attn.in_proj_weight,7.80397835e-03,3.00000000e-03,5.532214
251,blocks.0.attn.in_proj_bias,1.32982158e-02,3.00000000e-03,5.532214
251,blocks.0.attn.out_proj.weight,8.38300342e-03,3.00000000e-03,5.532214
251,blocks.0.attn.out_proj.bias,1.49424114e-02,3.00000000e-03,5.532214
251,blocks.0.ln2.weight,8.13106613e-04,3.00000000e-03,5.532214
251,blocks.0.ln2.bias,1.47748971e-02,3.00000000e-03,5.532214
251,blocks.0.mlp.0.weight,7.84829922e-03,3.00000000e-03,5.532214
251,blocks.0.mlp.0.bias,8.46511275e-03,3.00000000e-03,5.532214
251,blocks.0.mlp.2.weight,1.27943812e-02,3.00000000e-03,5.532214
251,blocks.0.mlp.2.bias,1.23005029e-02,3.00000000e-03,5.532214
251,blocks.1.ln1.weight,5.47263969e-04,3.00000000e-03,5.532214
251,blocks.1.ln1.bias,8.19741167e-03,3.00000000e-03,5.532214
251,blocks.1.attn.in_proj_weight,4.14551029e-03,3.00000000e-03,5.532214
251,blocks.1.attn.in_proj_bias,1.06785602e-02,3.00000000e-03,5.532214
251,blocks.1.attn.out_proj.weight,8.46918822e-03,3.00000000e-03,5.532214
251,blocks.1.attn.out_proj.bias,1.67454014e-02,3.00000000e-03,5.532214
251,blocks.1.ln2.weight,6.80336137e-04,3.00000000e-03,5.532214
251,blocks.1.ln2.bias,1.85767766e-02,3.00000000e-03,5.532214
251,blocks.1.mlp.0.weight,7.20106845e-03,3.00000000e-03,5.532214
251,blocks.1.mlp.0.bias,9.76354570e-03,3.00000000e-03,5.532214
251,blocks.1.mlp.2.weight,1.35018239e-02,3.00000000e-03,5.532214
251,blocks.1.mlp.2.bias,1.27020137e-02,3.00000000e-03,5.532214
251,ln_f.weight,1.37110033e-03,3.00000000e-03,5.532214
251,ln_f.bias,7.72926395e-03,3.00000000e-03,5.532214
251,lm_head.weight,1.00468016e-02,3.00000000e-03,5.532214
252,token_emb.weight,7.29920506e-04,3.00000000e-03,5.564709
252,pos_emb.weight,7.66188195e-04,3.00000000e-03,5.564709
252,blocks.0.ln1.weight,9.78524497e-04,3.00000000e-03,5.564709
252,blocks.0.ln1.bias,1.23250346e-02,3.00000000e-03,5.564709
252,blocks.0.attn.in_proj_weight,7.65823903e-03,3.00000000e-03,5.564709
252,blocks.0.attn.in_proj_bias,1.26366625e-02,3.00000000e-03,5.564709
252,blocks.0.attn.out_proj.weight,7.98403103e-03,3.00000000e-03,5.564709
252,blocks.0.attn.out_proj.bias,1.39476568e-02,3.00000000e-03,5.564709
252,blocks.0.ln2.weight,8.47577246e-04,3.00000000e-03,5.564709
252,blocks.0.ln2.bias,1.70615548e-02,3.00000000e-03,5.564709
252,blocks.0.mlp.0.weight,7.87185689e-03,3.00000000e-03,5.564709
252,blocks.0.mlp.0.bias,8.56679292e-03,3.00000000e-03,5.564709
252,blocks.0.mlp.2.weight,1.23301354e-02,3.00000000e-03,5.564709
252,blocks.0.mlp.2.bias,1.16609827e-02,3.00000000e-03,5.564709
252,blocks.1.ln1.weight,5.45414832e-04,3.00000000e-03,5.564709
252,blocks.1.ln1.bias,8.02478142e-03,3.00000000e-03,5.564709
252,blocks.1.attn.in_proj_weight,3.87783776e-03,3.00000000e-03,5.564709
252,blocks.1.attn.in_proj_bias,9.90482464e-03,3.00000000e-03,5.564709
252,blocks.1.attn.out_proj.weight,8.03859892e-03,3.00000000e-03,5.564709
252,blocks.1.attn.out_proj.bias,1.58832429e-02,3.00000000e-03,5.564709
252,blocks.1.ln2.weight,6.50540977e-04,3.00000000e-03,5.564709
252,blocks.1.ln2.bias,1.89094717e-02,3.00000000e-03,5.564709
252,blocks.1.mlp.0.weight,7.10227798e-03,3.00000000e-03,5.564709
252,blocks.1.mlp.0.bias,9.60776054e-03,3.00000000e-03,5.564709
252,blocks.1.mlp.2.weight,1.28858685e-02,3.00000000e-03,5.564709
252,blocks.1.mlp.2.bias,1.20782340e-02,3.00000000e-03,5.564709
252,ln_f.weight,1.32686426e-03,3.00000000e-03,5.564709
252,ln_f.bias,7.47485237e-03,3.00000000e-03,5.564709
252,lm_head.weight,1.01780724e-02,3.00000000e-03,5.564709
253,token_emb.weight,7.26695202e-04,3.00000000e-03,5.578745
253,pos_emb.weight,7.53967540e-04,3.00000000e-03,5.578745
253,blocks.0.ln1.weight,8.43000732e-04,3.00000000e-03,5.578745
253,blocks.0.ln1.bias,9.93151189e-03,3.00000000e-03,5.578745
253,blocks.0.attn.in_proj_weight,7.27897942e-03,3.00000000e-03,5.578745
253,blocks.0.attn.in_proj_bias,1.07147125e-02,3.00000000e-03,5.578745
253,blocks.0.attn.out_proj.weight,7.78785874e-03,3.00000000e-03,5.578745
253,blocks.0.attn.out_proj.bias,1.36014429e-02,3.00000000e-03,5.578745
253,blocks.0.ln2.weight,8.23412528e-04,3.00000000e-03,5.578745
253,blocks.0.ln2.bias,1.77023175e-02,3.00000000e-03,5.578745
253,blocks.0.mlp.0.weight,7.93993036e-03,3.00000000e-03,5.578745
253,blocks.0.mlp.0.bias,8.59821673e-03,3.00000000e-03,5.578745
253,blocks.0.mlp.2.weight,1.20504487e-02,3.00000000e-03,5.578745
253,blocks.0.mlp.2.bias,1.13200690e-02,3.00000000e-03,5.578745
253,blocks.1.ln1.weight,5.48243001e-04,3.00000000e-03,5.578745
253,blocks.1.ln1.bias,8.64066756e-03,3.00000000e-03,5.578745
253,blocks.1.attn.in_proj_weight,3.92814885e-03,3.00000000e-03,5.578745
253,blocks.1.attn.in_proj_bias,9.85043135e-03,3.00000000e-03,5.578745
253,blocks.1.attn.out_proj.weight,7.82244552e-03,3.00000000e-03,5.578745
253,blocks.1.attn.out_proj.bias,1.53921970e-02,3.00000000e-03,5.578745
253,blocks.1.ln2.weight,7.05644060e-04,3.00000000e-03,5.578745
253,blocks.1.ln2.bias,2.02679367e-02,3.00000000e-03,5.578745
253,blocks.1.mlp.0.weight,7.21377686e-03,3.00000000e-03,5.578745
253,blocks.1.mlp.0.bias,9.69210465e-03,3.00000000e-03,5.578745
253,blocks.1.mlp.2.weight,1.26315023e-02,3.00000000e-03,5.578745
253,blocks.1.mlp.2.bias,1.17326476e-02,3.00000000e-03,5.578745
253,ln_f.weight,1.41349673e-03,3.00000000e-03,5.578745
253,ln_f.bias,7.43084918e-03,3.00000000e-03,5.578745
253,lm_head.weight,9.80238110e-03,3.00000000e-03,5.578745
254,token_emb.weight,7.27135342e-04,3.00000000e-03,5.564209
254,pos_emb.weight,7.56693666e-04,3.00000000e-03,5.564209
254,blocks.0.ln1.weight,8.57140766e-04,3.00000000e-03,5.564209
254,blocks.0.ln1.bias,1.00058092e-02,3.00000000e-03,5.564209
254,blocks.0.attn.in_proj_weight,7.21577354e-03,3.00000000e-03,5.564209
254,blocks.0.attn.in_proj_bias,1.06570332e-02,3.00000000e-03,5.564209
254,blocks.0.attn.out_proj.weight,8.19390600e-03,3.00000000e-03,5.564209
254,blocks.0.attn.out_proj.bias,1.46524438e-02,3.00000000e-03,5.564209
254,blocks.0.ln2.weight,8.26097852e-04,3.00000000e-03,5.564209
254,blocks.0.ln2.bias,1.93849488e-02,3.00000000e-03,5.564209
254,blocks.0.mlp.0.weight,8.53994237e-03,3.00000000e-03,5.564209
254,blocks.0.mlp.0.bias,9.50953302e-03,3.00000000e-03,5.564209
254,blocks.0.mlp.2.weight,1.31277204e-02,3.00000000e-03,5.564209
254,blocks.0.mlp.2.bias,1.24872477e-02,3.00000000e-03,5.564209
254,blocks.1.ln1.weight,5.95002206e-04,3.00000000e-03,5.564209
254,blocks.1.ln1.bias,8.79637634e-03,3.00000000e-03,5.564209
254,blocks.1.attn.in_proj_weight,4.09322810e-03,3.00000000e-03,5.564209
254,blocks.1.attn.in_proj_bias,1.02938471e-02,3.00000000e-03,5.564209
254,blocks.1.attn.out_proj.weight,8.61954227e-03,3.00000000e-03,5.564209
254,blocks.1.attn.out_proj.bias,1.69803633e-02,3.00000000e-03,5.564209
254,blocks.1.ln2.weight,8.06771077e-04,3.00000000e-03,5.564209
254,blocks.1.ln2.bias,2.31910111e-02,3.00000000e-03,5.564209
254,blocks.1.mlp.0.weight,8.03364512e-03,3.00000000e-03,5.564209
254,blocks.1.mlp.0.bias,1.08643653e-02,3.00000000e-03,5.564209
254,blocks.1.mlp.2.weight,1.39206098e-02,3.00000000e-03,5.564209
254,blocks.1.mlp.2.bias,1.29560594e-02,3.00000000e-03,5.564209
254,ln_f.weight,1.47344764e-03,3.00000000e-03,5.564209
254,ln_f.bias,8.04467210e-03,3.00000000e-03,5.564209
254,lm_head.weight,9.75511413e-03,3.00000000e-03,5.564209
255,token_emb.weight,7.27631090e-04,3.00000000e-03,5.563930
255,pos_emb.weight,7.49716872e-04,3.00000000e-03,5.563930
255,blocks.0.ln1.weight,9.20006819e-04,3.00000000e-03,5.563930
255,blocks.0.ln1.bias,8.28534479e-03,3.00000000e-03,5.563930
255,blocks.0.attn.in_proj_weight,7.09205802e-03,3.00000000e-03,5.563930
255,blocks.0.attn.in_proj_bias,9.73008583e-03,3.00000000e-03,5.563930
255,blocks.0.attn.out_proj.weight,8.11531495e-03,3.00000000e-03,5.563930
255,blocks.0.attn.out_proj.bias,1.42137000e-02,3.00000000e-03,5.563930
255,blocks.0.ln2.weight,7.32012749e-04,3.00000000e-03,5.563930
255,blocks.0.ln2.bias,1.64014799e-02,3.00000000e-03,5.563930
255,blocks.0.mlp.0.weight,7.99235095e-03,3.00000000e-03,5.563930
255,blocks.0.mlp.0.bias,8.54961283e-03,3.00000000e-03,5.563930
255,blocks.0.mlp.2.weight,1.28436816e-02,3.00000000e-03,5.563930
255,blocks.0.mlp.2.bias,1.20167314e-02,3.00000000e-03,5.563930
255,blocks.1.ln1.weight,5.77429153e-04,3.00000000e-03,5.563930
255,blocks.1.ln1.bias,8.25590343e-03,3.00000000e-03,5.563930
255,blocks.1.attn.in_proj_weight,4.10721496e-03,3.00000000e-03,5.563930
255,blocks.1.attn.in_proj_bias,1.04186365e-02,3.00000000e-03,5.563930
255,blocks.1.attn.out_proj.weight,8.31049614e-03,3.00000000e-03,5.563930
255,blocks.1.attn.out_proj.bias,1.63533783e-02,3.00000000e-03,5.563930
255,blocks.1.ln2.weight,7.75917809e-04,3.00000000e-03,5.563930
255,blocks.1.ln2.bias,2.22210309e-02,3.00000000e-03,5.563930
255,blocks.1.mlp.0.weight,7.77220469e-03,3.00000000e-03,5.563930
255,blocks.1.mlp.0.bias,1.04745630e-02,3.00000000e-03,5.563930
255,blocks.1.mlp.2.weight,1.34577132e-02,3.00000000e-03,5.563930
255,blocks.1.mlp.2.bias,1.24647989e-02,3.00000000e-03,5.563930
255,ln_f.weight,1.47351134e-03,3.00000000e-03,5.563930
255,ln_f.bias,7.63770364e-03,3.00000000e-03,5.563930
255,lm_head.weight,9.33843286e-03,3.00000000e-03,5.563930
256,token_emb.weight,7.26627342e-04,3.00000000e-03,5.559967
256,pos_emb.weight,7.44571633e-04,3.00000000e-03,5.559967
256,blocks.0.ln1.weight,9.00267947e-04,3.00000000e-03,5.559967
256,blocks.0.ln1.bias,6.27284111e-03,3.00000000e-03,5.559967
256,blocks.0.attn.in_proj_weight,7.07746096e-03,3.00000000e-03,5.559967
256,blocks.0.attn.in_proj_bias,9.57871095e-03,3.00000000e-03,5.559967
256,blocks.0.attn.out_proj.weight,8.21957991e-03,3.00000000e-03,5.559967
256,blocks.0.attn.out_proj.bias,1.42602722e-02,3.00000000e-03,5.559967
256,blocks.0.ln2.weight,7.76147615e-04,3.00000000e-03,5.559967
256,blocks.0.ln2.bias,1.78485093e-02,3.00000000e-03,5.559967
256,blocks.0.mlp.0.weight,8.25942782e-03,3.00000000e-03,5.559967
256,blocks.0.mlp.0.bias,8.99288351e-03,3.00000000e-03,5.559967
256,blocks.0.mlp.2.weight,1.29010029e-02,3.00000000e-03,5.559967
256,blocks.0.mlp.2.bias,1.20823981e-02,3.00000000e-03,5.559967
256,blocks.1.ln1.weight,6.12402726e-04,3.00000000e-03,5.559967
256,blocks.1.ln1.bias,8.86392826e-03,3.00000000e-03,5.559967
256,blocks.1.attn.in_proj_weight,4.16571514e-03,3.00000000e-03,5.559967
256,blocks.1.attn.in_proj_bias,1.04692500e-02,3.00000000e-03,5.559967
256,blocks.1.attn.out_proj.weight,8.28102235e-03,3.00000000e-03,5.559967
256,blocks.1.attn.out_proj.bias,1.63379017e-02,3.00000000e-03,5.559967
256,blocks.1.ln2.weight,8.20966402e-04,3.00000000e-03,5.559967
256,blocks.1.ln2.bias,2.29695178e-02,3.00000000e-03,5.559967
256,blocks.1.mlp.0.weight,7.84943432e-03,3.00000000e-03,5.559967
256,blocks.1.mlp.0.bias,1.06219968e-02,3.00000000e-03,5.559967
256,blocks.1.mlp.2.weight,1.34838105e-02,3.00000000e-03,5.559967
256,blocks.1.mlp.2.bias,1.24691240e-02,3.00000000e-03,5.559967
256,ln_f.weight,1.47105019e-03,3.00000000e-03,5.559967
256,ln_f.bias,7.80777585e-03,3.00000000e-03,5.559967
256,lm_head.weight,9.68868774e-03,3.00000000e-03,5.559967
257,token_emb.weight,7.24287480e-04,3.00000000e-03,5.561502
257,pos_emb.weight,7.42658248e-04,3.00000000e-03,5.561502
257,blocks.0.ln1.weight,8.90770800e-04,3.00000000e-03,5.561502
257,blocks.0.ln1.bias,6.18224260e-03,3.00000000e-03,5.561502
257,blocks.0.attn.in_proj_weight,7.12821148e-03,3.00000000e-03,5.561502
257,blocks.0.attn.in_proj_bias,9.57954555e-03,3.00000000e-03,5.561502
257,blocks.0.attn.out_proj.weight,8.67991281e-03,3.00000000e-03,5.561502
257,blocks.0.attn.out_proj.bias,1.51766218e-02,3.00000000e-03,5.561502
257,blocks.0.ln2.weight,8.16834599e-04,3.00000000e-03,5.561502
257,blocks.0.ln2.bias,1.81405553e-02,3.00000000e-03,5.561502
257,blocks.0.mlp.0.weight,8.29463974e-03,3.00000000e-03,5.561502
257,blocks.0.mlp.0.bias,9.00720077e-03,3.00000000e-03,5.561502
257,blocks.0.mlp.2.weight,1.34658943e-02,3.00000000e-03,5.561502
257,blocks.0.mlp.2.bias,1.27338410e-02,3.00000000e-03,5.561502
257,blocks.1.ln1.weight,6.04680380e-04,3.00000000e-03,5.561502
257,blocks.1.ln1.bias,8.57219203e-03,3.00000000e-03,5.561502
257,blocks.1.attn.in_proj_weight,4.55839874e-03,3.00000000e-03,5.561502
257,blocks.1.attn.in_proj_bias,1.15225140e-02,3.00000000e-03,5.561502
257,blocks.1.attn.out_proj.weight,8.76041250e-03,3.00000000e-03,5.561502
257,blocks.1.attn.out_proj.bias,1.72589046e-02,3.00000000e-03,5.561502
257,blocks.1.ln2.weight,7.43393111e-04,3.00000000e-03,5.561502
257,blocks.1.ln2.bias,2.18670481e-02,3.00000000e-03,5.561502
257,blocks.1.mlp.0.weight,8.04985167e-03,3.00000000e-03,5.561502
257,blocks.1.mlp.0.bias,1.07755028e-02,3.00000000e-03,5.561502
257,blocks.1.mlp.2.weight,1.42494956e-02,3.00000000e-03,5.561502
257,blocks.1.mlp.2.bias,1.31949954e-02,3.00000000e-03,5.561502
257,ln_f.weight,1.48736399e-03,3.00000000e-03,5.561502
257,ln_f.bias,8.08837644e-03,3.00000000e-03,5.561502
257,lm_head.weight,9.78629291e-03,3.00000000e-03,5.561502
258,token_emb.weight,7.19832159e-04,3.00000000e-03,5.571437
258,pos_emb.weight,7.38652197e-04,3.00000000e-03,5.571437
258,blocks.0.ln1.weight,8.15827081e-04,3.00000000e-03,5.571437
258,blocks.0.ln1.bias,5.66406885e-03,3.00000000e-03,5.571437
258,blocks.0.attn.in_proj_weight,7.07291481e-03,3.00000000e-03,5.571437
258,blocks.0.attn.in_proj_bias,9.57868089e-03,3.00000000e-03,5.571437
258,blocks.0.attn.out_proj.weight,8.56730393e-03,3.00000000e-03,5.571437
258,blocks.0.attn.out_proj.bias,1.48705568e-02,3.00000000e-03,5.571437
258,blocks.0.ln2.weight,8.17090283e-04,3.00000000e-03,5.571437
258,blocks.0.ln2.bias,1.77072715e-02,3.00000000e-03,5.571437
258,blocks.0.mlp.0.weight,8.13419849e-03,3.00000000e-03,5.571437
258,blocks.0.mlp.0.bias,8.80118858e-03,3.00000000e-03,5.571437
258,blocks.0.mlp.2.weight,1.34371389e-02,3.00000000e-03,5.571437
258,blocks.0.mlp.2.bias,1.26095689e-02,3.00000000e-03,5.571437
258,blocks.1.ln1.weight,5.92094843e-04,3.00000000e-03,5.571437
258,blocks.1.ln1.bias,8.59379768e-03,3.00000000e-03,5.571437
258,blocks.1.attn.in_proj_weight,4.41488258e-03,3.00000000e-03,5.571437
258,blocks.1.attn.in_proj_bias,1.11042777e-02,3.00000000e-03,5.571437
258,blocks.1.attn.out_proj.weight,8.69167482e-03,3.00000000e-03,5.571437
258,blocks.1.attn.out_proj.bias,1.70979095e-02,3.00000000e-03,5.571437
258,blocks.1.ln2.weight,7.81641207e-04,3.00000000e-03,5.571437
258,blocks.1.ln2.bias,2.17606807e-02,3.00000000e-03,5.571437
258,blocks.1.mlp.0.weight,8.19616198e-03,3.00000000e-03,5.571437
258,blocks.1.mlp.0.bias,1.10246468e-02,3.00000000e-03,5.571437
258,blocks.1.mlp.2.weight,1.41655572e-02,3.00000000e-03,5.571437
258,blocks.1.mlp.2.bias,1.31051020e-02,3.00000000e-03,5.571437
258,ln_f.weight,1.48695617e-03,3.00000000e-03,5.571437
258,ln_f.bias,8.11032706e-03,3.00000000e-03,5.571437
258,lm_head.weight,9.95137085e-03,3.00000000e-03,5.571437
259,token_emb.weight,7.24229547e-04,3.00000000e-03,5.563712
259,pos_emb.weight,7.39499820e-04,3.00000000e-03,5.563712
259,blocks.0.ln1.weight,8.24556608e-04,3.00000000e-03,5.563712
259,blocks.0.ln1.bias,5.66638041e-03,3.00000000e-03,5.563712
259,blocks.0.attn.in_proj_weight,7.10498344e-03,3.00000000e-03,5.563712
259,blocks.0.attn.in_proj_bias,9.56272106e-03,3.00000000e-03,5.563712
259,blocks.0.attn.out_proj.weight,8.86538579e-03,3.00000000e-03,5.563712
259,blocks.0.attn.out_proj.bias,1.52611425e-02,3.00000000e-03,5.563712
259,blocks.0.ln2.weight,8.64477175e-04,3.00000000e-03,5.563712
259,blocks.0.ln2.bias,1.81943845e-02,3.00000000e-03,5.563712
259,blocks.0.mlp.0.weight,8.24610383e-03,3.00000000e-03,5.563712
259,blocks.0.mlp.0.bias,8.91679330e-03,3.00000000e-03,5.563712
259,blocks.0.mlp.2.weight,1.38665852e-02,3.00000000e-03,5.563712
259,blocks.0.mlp.2.bias,1.30040126e-02,3.00000000e-03,5.563712
259,blocks.1.ln1.weight,6.68153959e-04,3.00000000e-03,5.563712
259,blocks.1.ln1.bias,9.40665173e-03,3.00000000e-03,5.563712
259,blocks.1.attn.in_proj_weight,4.75094078e-03,3.00000000e-03,5.563712
259,blocks.1.attn.in_proj_bias,1.19836223e-02,3.00000000e-03,5.563712
259,blocks.1.attn.out_proj.weight,8.92715056e-03,3.00000000e-03,5.563712
259,blocks.1.attn.out_proj.bias,1.75387815e-02,3.00000000e-03,5.563712
259,blocks.1.ln2.weight,7.72595939e-04,3.00000000e-03,5.563712
259,blocks.1.ln2.bias,2.16289222e-02,3.00000000e-03,5.563712
259,blocks.1.mlp.0.weight,8.69962402e-03,3.00000000e-03,5.563712
259,blocks.1.mlp.0.bias,1.16924120e-02,3.00000000e-03,5.563712
259,blocks.1.mlp.2.weight,1.46052389e-02,3.00000000e-03,5.563712
259,blocks.1.mlp.2.bias,1.34769799e-02,3.00000000e-03,5.563712
259,ln_f.weight,1.50127794e-03,3.00000000e-03,5.563712
259,ln_f.bias,8.28031098e-03,3.00000000e-03,5.563712
259,lm_head.weight,9.46106789e-03,3.00000000e-03,5.563712
260,token_emb.weight,7.28134781e-04,3.00000000e-03,5.548663
260,pos_emb.weight,7.38989786e-04,3.00000000e-03,5.548663
260,blocks.0.ln1.weight,7.67169685e-04,3.00000000e-03,5.548663
260,blocks.0.ln1.bias,6.78635318e-03,3.00000000e-03,5.548663
260,blocks.0.attn.in_proj_weight,7.12223674e-03,3.00000000e-03,5.548663
260,blocks.0.attn.in_proj_bias,9.84960885e-03,3.00000000e-03,5.548663
260,blocks.0.attn.out_proj.weight,9.05773134e-03,3.00000000e-03,5.548663
260,blocks.0.attn.out_proj.bias,1.54920687e-02,3.00000000e-03,5.548663
260,blocks.0.ln2.weight,8.21305197e-04,3.00000000e-03,5.548663
260,blocks.0.ln2.bias,1.66463718e-02,3.00000000e-03,5.548663
260,blocks.0.mlp.0.weight,8.00166197e-03,3.00000000e-03,5.548663
260,blocks.0.mlp.0.bias,8.58768869e-03,3.00000000e-03,5.548663
260,blocks.0.mlp.2.weight,1.39978810e-02,3.00000000e-03,5.548663
260,blocks.0.mlp.2.bias,1.32175451e-02,3.00000000e-03,5.548663
260,blocks.1.ln1.weight,7.10300009e-04,3.00000000e-03,5.548663
260,blocks.1.ln1.bias,9.71716316e-03,3.00000000e-03,5.548663
260,blocks.1.attn.in_proj_weight,4.63978149e-03,3.00000000e-03,5.548663
260,blocks.1.attn.in_proj_bias,1.16795762e-02,3.00000000e-03,5.548663
260,blocks.1.attn.out_proj.weight,9.00786463e-03,3.00000000e-03,5.548663
260,blocks.1.attn.out_proj.bias,1.77370984e-02,3.00000000e-03,5.548663
260,blocks.1.ln2.weight,8.38791324e-04,3.00000000e-03,5.548663
260,blocks.1.ln2.bias,2.27526326e-02,3.00000000e-03,5.548663
260,blocks.1.mlp.0.weight,8.35358298e-03,3.00000000e-03,5.548663
260,blocks.1.mlp.0.bias,1.09854929e-02,3.00000000e-03,5.548663
260,blocks.1.mlp.2.weight,1.47524889e-02,3.00000000e-03,5.548663
260,blocks.1.mlp.2.bias,1.36480130e-02,3.00000000e-03,5.548663
260,ln_f.weight,1.48301081e-03,3.00000000e-03,5.548663
260,ln_f.bias,8.27748563e-03,3.00000000e-03,5.548663
260,lm_head.weight,9.51707157e-03,3.00000000e-03,5.548663
261,token_emb.weight,7.26836447e-04,3.00000000e-03,5.555355
261,pos_emb.weight,7.44925044e-04,3.00000000e-03,5.555355
261,blocks.0.ln1.weight,6.93168437e-04,3.00000000e-03,5.555355
261,blocks.0.ln1.bias,6.87952091e-03,3.00000000e-03,5.555355
261,blocks.0.attn.in_proj_weight,7.16850442e-03,3.00000000e-03,5.555355
261,blocks.0.attn.in_proj_bias,9.74067056e-03,3.00000000e-03,5.555355
261,blocks.0.attn.out_proj.weight,9.09381498e-03,3.00000000e-03,5.555355
261,blocks.0.attn.out_proj.bias,1.56076101e-02,3.00000000e-03,5.555355
261,blocks.0.ln2.weight,8.57545218e-04,3.00000000e-03,5.555355
261,blocks.0.ln2.bias,1.73869044e-02,3.00000000e-03,5.555355
261,blocks.0.mlp.0.weight,8.13689101e-03,3.00000000e-03,5.555355
261,blocks.0.mlp.0.bias,8.73969848e-03,3.00000000e-03,5.555355
261,blocks.0.mlp.2.weight,1.41557715e-02,3.00000000e-03,5.555355
261,blocks.0.mlp.2.bias,1.34706139e-02,3.00000000e-03,5.555355
261,blocks.1.ln1.weight,7.50949148e-04,3.00000000e-03,5.555355
261,blocks.1.ln1.bias,1.02939253e-02,3.00000000e-03,5.555355
261,blocks.1.attn.in_proj_weight,4.75800031e-03,3.00000000e-03,5.555355
261,blocks.1.attn.in_proj_bias,1.19257297e-02,3.00000000e-03,5.555355
261,blocks.1.attn.out_proj.weight,9.20969997e-03,3.00000000e-03,5.555355
261,blocks.1.attn.out_proj.bias,1.81592762e-02,3.00000000e-03,5.555355
261,blocks.1.ln2.weight,8.89568584e-04,3.00000000e-03,5.555355
261,blocks.1.ln2.bias,2.47956555e-02,3.00000000e-03,5.555355
261,blocks.1.mlp.0.weight,8.57836285e-03,3.00000000e-03,5.555355
261,blocks.1.mlp.0.bias,1.13784064e-02,3.00000000e-03,5.555355
261,blocks.1.mlp.2.weight,1.50424049e-02,3.00000000e-03,5.555355
261,blocks.1.mlp.2.bias,1.40311794e-02,3.00000000e-03,5.555355
261,ln_f.weight,1.45901080e-03,3.00000000e-03,5.555355
261,ln_f.bias,8.37528918e-03,3.00000000e-03,5.555355
261,lm_head.weight,9.37767645e-03,3.00000000e-03,5.555355
262,token_emb.weight,7.25300258e-04,3.00000000e-03,5.546916
262,pos_emb.weight,7.37131464e-04,3.00000000e-03,5.546916
262,blocks.0.ln1.weight,7.64963655e-04,3.00000000e-03,5.546916
262,blocks.0.ln1.bias,5.85706238e-03,3.00000000e-03,5.546916
262,blocks.0.attn.in_proj_weight,7.20899318e-03,3.00000000e-03,5.546916
262,blocks.0.attn.in_proj_bias,9.01724682e-03,3.00000000e-03,5.546916
262,blocks.0.attn.out_proj.weight,9.17534427e-03,3.00000000e-03,5.546916
262,blocks.0.attn.out_proj.bias,1.56700365e-02,3.00000000e-03,5.546916
262,blocks.0.ln2.weight,9.07337107e-04,3.00000000e-03,5.546916
262,blocks.0.ln2.bias,1.79989050e-02,3.00000000e-03,5.546916
262,blocks.0.mlp.0.weight,8.16903161e-03,3.00000000e-03,5.546916
262,blocks.0.mlp.0.bias,8.74285639e-03,3.00000000e-03,5.546916
262,blocks.0.mlp.2.weight,1.40329612e-02,3.00000000e-03,5.546916
262,blocks.0.mlp.2.bias,1.34067026e-02,3.00000000e-03,5.546916
262,blocks.1.ln1.weight,6.13953195e-04,3.00000000e-03,5.546916
262,blocks.1.ln1.bias,8.45265298e-03,3.00000000e-03,5.546916
262,blocks.1.attn.in_proj_weight,4.35379092e-03,3.00000000e-03,5.546916
262,blocks.1.attn.in_proj_bias,1.10070573e-02,3.00000000e-03,5.546916
262,blocks.1.attn.out_proj.weight,9.14814327e-03,3.00000000e-03,5.546916
262,blocks.1.attn.out_proj.bias,1.80499658e-02,3.00000000e-03,5.546916
262,blocks.1.ln2.weight,9.13993599e-04,3.00000000e-03,5.546916
262,blocks.1.ln2.bias,2.54037241e-02,3.00000000e-03,5.546916
262,blocks.1.mlp.0.weight,8.68670712e-03,3.00000000e-03,5.546916
262,blocks.1.mlp.0.bias,1.16137267e-02,3.00000000e-03,5.546916
262,blocks.1.mlp.2.weight,1.49141665e-02,3.00000000e-03,5.546916
262,blocks.1.mlp.2.bias,1.39486096e-02,3.00000000e-03,5.546916
262,ln_f.weight,1.43878825e-03,3.00000000e-03,5.546916
262,ln_f.bias,8.40931780e-03,3.00000000e-03,5.546916
262,lm_head.weight,9.54080912e-03,3.00000000e-03,5.546916
263,token_emb.weight,7.28670624e-04,3.00000000e-03,5.552251
263,pos_emb.weight,7.39861050e-04,3.00000000e-03,5.552251
263,blocks.0.ln1.weight,8.33329743e-04,3.00000000e-03,5.552251
263,blocks.0.ln1.bias,4.11663989e-03,3.00000000e-03,5.552251
263,blocks.0.attn.in_proj_weight,7.14779495e-03,3.00000000e-03,5.552251
263,blocks.0.attn.in_proj_bias,8.05247485e-03,3.00000000e-03,5.552251
263,blocks.0.attn.out_proj.weight,9.08030459e-03,3.00000000e-03,5.552251
263,blocks.0.attn.out_proj.bias,1.57122843e-02,3.00000000e-03,5.552251
263,blocks.0.ln2.weight,8.50733161e-04,3.00000000e-03,5.552251
263,blocks.0.ln2.bias,1.74261795e-02,3.00000000e-03,5.552251
263,blocks.0.mlp.0.weight,8.07975250e-03,3.00000000e-03,5.552251
263,blocks.0.mlp.0.bias,8.68240055e-03,3.00000000e-03,5.552251
263,blocks.0.mlp.2.weight,1.41038810e-02,3.00000000e-03,5.552251
263,blocks.0.mlp.2.bias,1.35122042e-02,3.00000000e-03,5.552251
263,blocks.1.ln1.weight,5.99965779e-04,3.00000000e-03,5.552251
263,blocks.1.ln1.bias,8.51451675e-03,3.00000000e-03,5.552251
263,blocks.1.attn.in_proj_weight,4.29130657e-03,3.00000000e-03,5.552251
263,blocks.1.attn.in_proj_bias,1.09784167e-02,3.00000000e-03,5.552251
263,blocks.1.attn.out_proj.weight,9.23247224e-03,3.00000000e-03,5.552251
263,blocks.1.attn.out_proj.bias,1.82892880e-02,3.00000000e-03,5.552251
263,blocks.1.ln2.weight,9.59464212e-04,3.00000000e-03,5.552251
263,blocks.1.ln2.bias,2.63707886e-02,3.00000000e-03,5.552251
263,blocks.1.mlp.0.weight,8.99259727e-03,3.00000000e-03,5.552251
263,blocks.1.mlp.0.bias,1.20483229e-02,3.00000000e-03,5.552251
263,blocks.1.mlp.2.weight,1.51261698e-02,3.00000000e-03,5.552251
263,blocks.1.mlp.2.bias,1.41125953e-02,3.00000000e-03,5.552251
263,ln_f.weight,1.44753476e-03,3.00000000e-03,5.552251
263,ln_f.bias,8.45672709e-03,3.00000000e-03,5.552251
263,lm_head.weight,9.47271638e-03,3.00000000e-03,5.552251
264,token_emb.weight,7.26660216e-04,3.00000000e-03,5.550008
264,pos_emb.weight,7.41539899e-04,3.00000000e-03,5.550008
264,blocks.0.ln1.weight,8.33706916e-04,3.00000000e-03,5.550008
264,blocks.0.ln1.bias,4.51027633e-03,3.00000000e-03,5.550008
264,blocks.0.attn.in_proj_weight,7.11450272e-03,3.00000000e-03,5.550008
264,blocks.0.attn.in_proj_bias,8.31448078e-03,3.00000000e-03,5.550008
264,blocks.0.attn.out_proj.weight,8.58121794e-03,3.00000000e-03,5.550008
264,blocks.0.attn.out_proj.bias,1.43320185e-02,3.00000000e-03,5.550008
264,blocks.0.ln2.weight,8.68454644e-04,3.00000000e-03,5.550008
264,blocks.0.ln2.bias,1.63707709e-02,3.00000000e-03,5.550008
264,blocks.0.mlp.0.weight,7.81722096e-03,3.00000000e-03,5.550008
264,blocks.0.mlp.0.bias,8.17261834e-03,3.00000000e-03,5.550008
264,blocks.0.mlp.2.weight,1.29281810e-02,3.00000000e-03,5.550008
264,blocks.0.mlp.2.bias,1.21051875e-02,3.00000000e-03,5.550008
264,blocks.1.ln1.weight,5.98903195e-04,3.00000000e-03,5.550008
264,blocks.1.ln1.bias,8.63423926e-03,3.00000000e-03,5.550008
264,blocks.1.attn.in_proj_weight,4.25446405e-03,3.00000000e-03,5.550008
264,blocks.1.attn.in_proj_bias,1.06682129e-02,3.00000000e-03,5.550008
264,blocks.1.attn.out_proj.weight,8.26535468e-03,3.00000000e-03,5.550008
264,blocks.1.attn.out_proj.bias,1.63804258e-02,3.00000000e-03,5.550008
264,blocks.1.ln2.weight,7.75373372e-04,3.00000000e-03,5.550008
264,blocks.1.ln2.bias,1.93668765e-02,3.00000000e-03,5.550008
264,blocks.1.mlp.0.weight,7.89858241e-03,3.00000000e-03,5.550008
264,blocks.1.mlp.0.bias,1.02637097e-02,3.00000000e-03,5.550008
264,blocks.1.mlp.2.weight,1.36386114e-02,3.00000000e-03,5.550008
264,blocks.1.mlp.2.bias,1.26076307e-02,3.00000000e-03,5.550008
264,ln_f.weight,1.36735694e-03,3.00000000e-03,5.550008
264,ln_f.bias,7.57650355e-03,3.00000000e-03,5.550008
264,lm_head.weight,9.56973365e-03,3.00000000e-03,5.550008
265,token_emb.weight,7.28989455e-04,3.00000000e-03,5.555271
265,pos_emb.weight,7.47200912e-04,3.00000000e-03,5.555271
265,blocks.0.ln1.weight,8.38388175e-04,3.00000000e-03,5.555271
265,blocks.0.ln1.bias,3.77648102e-03,3.00000000e-03,5.555271
265,blocks.0.attn.in_proj_weight,7.17594176e-03,3.00000000e-03,5.555271
265,blocks.0.attn.in_proj_bias,7.77296053e-03,3.00000000e-03,5.555271
265,blocks.0.attn.out_proj.weight,8.29412711e-03,3.00000000e-03,5.555271
265,blocks.0.attn.out_proj.bias,1.40642198e-02,3.00000000e-03,5.555271
265,blocks.0.ln2.weight,7.43507455e-04,3.00000000e-03,5.555271
265,blocks.0.ln2.bias,1.38931885e-02,3.00000000e-03,5.555271
265,blocks.0.mlp.0.weight,7.42578532e-03,3.00000000e-03,5.555271
265,blocks.0.mlp.0.bias,7.55595511e-03,3.00000000e-03,5.555271
265,blocks.0.mlp.2.weight,1.28236265e-02,3.00000000e-03,5.555271
265,blocks.0.mlp.2.bias,1.20122930e-02,3.00000000e-03,5.555271
265,blocks.1.ln1.weight,6.03953727e-04,3.00000000e-03,5.555271
265,blocks.1.ln1.bias,8.04635065e-03,3.00000000e-03,5.555271
265,blocks.1.attn.in_proj_weight,4.30618923e-03,3.00000000e-03,5.555271
265,blocks.1.attn.in_proj_bias,1.07717979e-02,3.00000000e-03,5.555271
265,blocks.1.attn.out_proj.weight,8.23264329e-03,3.00000000e-03,5.555271
265,blocks.1.attn.out_proj.bias,1.63663088e-02,3.00000000e-03,5.555271
265,blocks.1.ln2.weight,7.44525367e-04,3.00000000e-03,5.555271
265,blocks.1.ln2.bias,1.82863218e-02,3.00000000e-03,5.555271
265,blocks.1.mlp.0.weight,7.54833987e-03,3.00000000e-03,5.555271
265,blocks.1.mlp.0.bias,9.59492626e-03,3.00000000e-03,5.555271
265,blocks.1.mlp.2.weight,1.36584635e-02,3.00000000e-03,5.555271
265,blocks.1.mlp.2.bias,1.25939157e-02,3.00000000e-03,5.555271
265,ln_f.weight,1.33968681e-03,3.00000000e-03,5.555271
265,ln_f.bias,7.64018191e-03,3.00000000e-03,5.555271
265,lm_head.weight,9.76563535e-03,3.00000000e-03,5.555271
266,token_emb.weight,7.29627712e-04,3.00000000e-03,5.540706
266,pos_emb.weight,7.42312736e-04,3.00000000e-03,5.540706
266,blocks.0.ln1.weight,8.36128945e-04,3.00000000e-03,5.540706
266,blocks.0.ln1.bias,4.42299765e-03,3.00000000e-03,5.540706
266,blocks.0.attn.in_proj_weight,7.07081768e-03,3.00000000e-03,5.540706
266,blocks.0.attn.in_proj_bias,8.02752381e-03,3.00000000e-03,5.540706
266,blocks.0.attn.out_proj.weight,8.21693455e-03,3.00000000e-03,5.540706
266,blocks.0.attn.out_proj.bias,1.39630723e-02,3.00000000e-03,5.540706
266,blocks.0.ln2.weight,7.25391315e-04,3.00000000e-03,5.540706
266,blocks.0.ln2.bias,1.37945781e-02,3.00000000e-03,5.540706
266,blocks.0.mlp.0.weight,7.31293544e-03,3.00000000e-03,5.540706
266,blocks.0.mlp.0.bias,7.35246669e-03,3.00000000e-03,5.540706
266,blocks.0.mlp.2.weight,1.27375205e-02,3.00000000e-03,5.540706
266,blocks.0.mlp.2.bias,1.19302923e-02,3.00000000e-03,5.540706
266,blocks.1.ln1.weight,5.85753960e-04,3.00000000e-03,5.540706
266,blocks.1.ln1.bias,6.52045115e-03,3.00000000e-03,5.540706
266,blocks.1.attn.in_proj_weight,4.06956111e-03,3.00000000e-03,5.540706
266,blocks.1.attn.in_proj_bias,1.00807598e-02,3.00000000e-03,5.540706
266,blocks.1.attn.out_proj.weight,8.12162403e-03,3.00000000e-03,5.540706
266,blocks.1.attn.out_proj.bias,1.61415164e-02,3.00000000e-03,5.540706
266,blocks.1.ln2.weight,8.01629456e-04,3.00000000e-03,5.540706
266,blocks.1.ln2.bias,2.10863220e-02,3.00000000e-03,5.540706
266,blocks.1.mlp.0.weight,7.75498630e-03,3.00000000e-03,5.540706
266,blocks.1.mlp.0.bias,9.73622298e-03,3.00000000e-03,5.540706
266,blocks.1.mlp.2.weight,1.36377041e-02,3.00000000e-03,5.540706
266,blocks.1.mlp.2.bias,1.24256449e-02,3.00000000e-03,5.540706
266,ln_f.weight,1.28033366e-03,3.00000000e-03,5.540706
266,ln_f.bias,7.53847431e-03,3.00000000e-03,5.540706
266,lm_head.weight,9.82218799e-03,3.00000000e-03,5.540706
267,token_emb.weight,7.33649959e-04,3.00000000e-03,5.549671
267,pos_emb.weight,7.39156961e-04,3.00000000e-03,5.549671
267,blocks.0.ln1.weight,7.80967309e-04,3.00000000e-03,5.549671
267,blocks.0.ln1.bias,5.74396715e-03,3.00000000e-03,5.549671
267,blocks.0.attn.in_proj_weight,7.20337965e-03,3.00000000e-03,5.549671
267,blocks.0.attn.in_proj_bias,9.65583736e-03,3.00000000e-03,5.549671
267,blocks.0.attn.out_proj.weight,8.15321187e-03,3.00000000e-03,5.549671
267,blocks.0.attn.out_proj.bias,1.40227732e-02,3.00000000e-03,5.549671
267,blocks.0.ln2.weight,7.41519093e-04,3.00000000e-03,5.549671
267,blocks.0.ln2.bias,1.35565781e-02,3.00000000e-03,5.549671
267,blocks.0.mlp.0.weight,7.32934791e-03,3.00000000e-03,5.549671
267,blocks.0.mlp.0.bias,7.30956053e-03,3.00000000e-03,5.549671
267,blocks.0.mlp.2.weight,1.27753132e-02,3.00000000e-03,5.549671
267,blocks.0.mlp.2.bias,1.19310535e-02,3.00000000e-03,5.549671
267,blocks.1.ln1.weight,5.20235652e-04,3.00000000e-03,5.549671
267,blocks.1.ln1.bias,5.89351490e-03,3.00000000e-03,5.549671
267,blocks.1.attn.in_proj_weight,4.02077713e-03,3.00000000e-03,5.549671
267,blocks.1.attn.in_proj_bias,9.93040295e-03,3.00000000e-03,5.549671
267,blocks.1.attn.out_proj.weight,8.10315186e-03,3.00000000e-03,5.549671
267,blocks.1.attn.out_proj.bias,1.61226207e-02,3.00000000e-03,5.549671
267,blocks.1.ln2.weight,7.73039676e-04,3.00000000e-03,5.549671
267,blocks.1.ln2.bias,2.05150069e-02,3.00000000e-03,5.549671
267,blocks.1.mlp.0.weight,7.82715125e-03,3.00000000e-03,5.549671
267,blocks.1.mlp.0.bias,9.80897205e-03,3.00000000e-03,5.549671
267,blocks.1.mlp.2.weight,1.36475493e-02,3.00000000e-03,5.549671
267,blocks.1.mlp.2.bias,1.23887561e-02,3.00000000e-03,5.549671
267,ln_f.weight,1.29793324e-03,3.00000000e-03,5.549671
267,ln_f.bias,7.44222669e-03,3.00000000e-03,5.549671
267,lm_head.weight,9.97347022e-03,3.00000000e-03,5.549671
268,token_emb.weight,7.34244179e-04,3.00000000e-03,5.536430
268,pos_emb.weight,7.29596786e-04,3.00000000e-03,5.536430
268,blocks.0.ln1.weight,7.53408343e-04,3.00000000e-03,5.536430
268,blocks.0.ln1.bias,5.43301399e-03,3.00000000e-03,5.536430
268,blocks.0.attn.in_proj_weight,7.13089428e-03,3.00000000e-03,5.536430
268,blocks.0.attn.in_proj_bias,9.57361760e-03,3.00000000e-03,5.536430
268,blocks.0.attn.out_proj.weight,7.81510205e-03,3.00000000e-03,5.536430
268,blocks.0.attn.out_proj.bias,1.33825543e-02,3.00000000e-03,5.536430
268,blocks.0.ln2.weight,7.56091772e-04,3.00000000e-03,5.536430
268,blocks.0.ln2.bias,1.38205856e-02,3.00000000e-03,5.536430
268,blocks.0.mlp.0.weight,7.39763111e-03,3.00000000e-03,5.536430
268,blocks.0.mlp.0.bias,7.28698649e-03,3.00000000e-03,5.536430
268,blocks.0.mlp.2.weight,1.25697010e-02,3.00000000e-03,5.536430
268,blocks.0.mlp.2.bias,1.16037838e-02,3.00000000e-03,5.536430
268,blocks.1.ln1.weight,4.68280318e-04,3.00000000e-03,5.536430
268,blocks.1.ln1.bias,5.39606712e-03,3.00000000e-03,5.536430
268,blocks.1.attn.in_proj_weight,3.88339670e-03,3.00000000e-03,5.536430
268,blocks.1.attn.in_proj_bias,9.41105551e-03,3.00000000e-03,5.536430
268,blocks.1.attn.out_proj.weight,7.88218788e-03,3.00000000e-03,5.536430
268,blocks.1.attn.out_proj.bias,1.56403483e-02,3.00000000e-03,5.536430
268,blocks.1.ln2.weight,7.21664160e-04,3.00000000e-03,5.536430
268,blocks.1.ln2.bias,1.79219566e-02,3.00000000e-03,5.536430
268,blocks.1.mlp.0.weight,7.43309414e-03,3.00000000e-03,5.536430
268,blocks.1.mlp.0.bias,8.96923135e-03,3.00000000e-03,5.536430
268,blocks.1.mlp.2.weight,1.34351383e-02,3.00000000e-03,5.536430
268,blocks.1.mlp.2.bias,1.20421501e-02,3.00000000e-03,5.536430
268,ln_f.weight,1.29104849e-03,3.00000000e-03,5.536430
268,ln_f.bias,7.04181796e-03,3.00000000e-03,5.536430
268,lm_head.weight,9.88092161e-03,3.00000000e-03,5.536430
269,token_emb.weight,7.32764899e-04,3.00000000e-03,5.554394
269,pos_emb.weight,7.36065718e-04,3.00000000e-03,5.554394
269,blocks.0.ln1.weight,8.15478108e-04,3.00000000e-03,5.554394
269,blocks.0.ln1.bias,7.81470135e-03,3.00000000e-03,5.554394
269,blocks.0.attn.in_proj_weight,7.27591396e-03,3.00000000e-03,5.554394
269,blocks.0.attn.in_proj_bias,1.09713099e-02,3.00000000e-03,5.554394
269,blocks.0.attn.out_proj.weight,7.99998376e-03,3.00000000e-03,5.554394
269,blocks.0.attn.out_proj.bias,1.39481447e-02,3.00000000e-03,5.554394
269,blocks.0.ln2.weight,7.66729743e-04,3.00000000e-03,5.554394
269,blocks.0.ln2.bias,1.58091322e-02,3.00000000e-03,5.554394
269,blocks.0.mlp.0.weight,7.53489078e-03,3.00000000e-03,5.554394
269,blocks.0.mlp.0.bias,7.67209920e-03,3.00000000e-03,5.554394
269,blocks.0.mlp.2.weight,1.29476097e-02,3.00000000e-03,5.554394
269,blocks.0.mlp.2.bias,1.19904800e-02,3.00000000e-03,5.554394
269,blocks.1.ln1.weight,5.12573654e-04,3.00000000e-03,5.554394
269,blocks.1.ln1.bias,5.32085943e-03,3.00000000e-03,5.554394
269,blocks.1.attn.in_proj_weight,3.97547104e-03,3.00000000e-03,5.554394
269,blocks.1.attn.in_proj_bias,9.55899271e-03,3.00000000e-03,5.554394
269,blocks.1.attn.out_proj.weight,8.14698580e-03,3.00000000e-03,5.554394
269,blocks.1.attn.out_proj.bias,1.61372614e-02,3.00000000e-03,5.554394
269,blocks.1.ln2.weight,6.96648878e-04,3.00000000e-03,5.554394
269,blocks.1.ln2.bias,1.74763396e-02,3.00000000e-03,5.554394
269,blocks.1.mlp.0.weight,7.82851229e-03,3.00000000e-03,5.554394
269,blocks.1.mlp.0.bias,9.25327503e-03,3.00000000e-03,5.554394
269,blocks.1.mlp.2.weight,1.39346726e-02,3.00000000e-03,5.554394
269,blocks.1.mlp.2.bias,1.24037046e-02,3.00000000e-03,5.554394
269,ln_f.weight,1.28450247e-03,3.00000000e-03,5.554394
269,ln_f.bias,7.25024080e-03,3.00000000e-03,5.554394
269,lm_head.weight,1.01921328e-02,3.00000000e-03,5.554394
270,token_emb.weight,7.33589445e-04,3.00000000e-03,5.553642
270,pos_emb.weight,7.41959130e-04,3.00000000e-03,5.553642
270,blocks.0.ln1.weight,8.54344749e-04,3.00000000e-03,5.553642
270,blocks.0.ln1.bias,8.56407850e-03,3.00000000e-03,5.553642
270,blocks.0.attn.in_proj_weight,7.40232796e-03,3.00000000e-03,5.553642
270,blocks.0.attn.in_proj_bias,1.10928355e-02,3.00000000e-03,5.553642
270,blocks.0.attn.out_proj.weight,7.93763539e-03,3.00000000e-03,5.553642
270,blocks.0.attn.out_proj.bias,1.37479735e-02,3.00000000e-03,5.553642
270,blocks.0.ln2.weight,7.77224971e-04,3.00000000e-03,5.553642
270,blocks.0.ln2.bias,1.48583947e-02,3.00000000e-03,5.553642
270,blocks.0.mlp.0.weight,7.43178404e-03,3.00000000e-03,5.553642
270,blocks.0.mlp.0.bias,7.33155040e-03,3.00000000e-03,5.553642
270,blocks.0.mlp.2.weight,1.27087769e-02,3.00000000e-03,5.553642
270,blocks.0.mlp.2.bias,1.16503911e-02,3.00000000e-03,5.553642
270,blocks.1.ln1.weight,5.03724441e-04,3.00000000e-03,5.553642
270,blocks.1.ln1.bias,5.41138570e-03,3.00000000e-03,5.553642
270,blocks.1.attn.in_proj_weight,4.01540501e-03,3.00000000e-03,5.553642
270,blocks.1.attn.in_proj_bias,9.55438616e-03,3.00000000e-03,5.553642
270,blocks.1.attn.out_proj.weight,7.91522193e-03,3.00000000e-03,5.553642
270,blocks.1.attn.out_proj.bias,1.56236559e-02,3.00000000e-03,5.553642
270,blocks.1.ln2.weight,6.96036806e-04,3.00000000e-03,5.553642
270,blocks.1.ln2.bias,1.72863228e-02,3.00000000e-03,5.553642
270,blocks.1.mlp.0.weight,7.81785291e-03,3.00000000e-03,5.553642
270,blocks.1.mlp.0.bias,9.09855304e-03,3.00000000e-03,5.553642
270,blocks.1.mlp.2.weight,1.36604625e-02,3.00000000e-03,5.553642
270,blocks.1.mlp.2.bias,1.20042226e-02,3.00000000e-03,5.553642
270,ln_f.weight,1.31302513e-03,3.00000000e-03,5.553642
270,ln_f.bias,7.02247489e-03,3.00000000e-03,5.553642
270,lm_head.weight,1.02477772e-02,3.00000000e-03,5.553642
271,token_emb.weight,7.36294881e-04,3.00000000e-03,5.556544
271,pos_emb.weight,7.44267736e-04,3.00000000e-03,5.556544
271,blocks.0.ln1.weight,9.14049261e-04,3.00000000e-03,5.556544
271,blocks.0.ln1.bias,8.52121917e-03,3.00000000e-03,5.556544
271,blocks.0.attn.in_proj_weight,7.32259828e-03,3.00000000e-03,5.556544
271,blocks.0.attn.in_proj_bias,1.05703168e-02,3.00000000e-03,5.556544
271,blocks.0.attn.out_proj.weight,7.47790256e-03,3.00000000e-03,5.556544
271,blocks.0.attn.out_proj.bias,1.28430575e-02,3.00000000e-03,5.556544
271,blocks.0.ln2.weight,9.15972819e-04,3.00000000e-03,5.556544
271,blocks.0.ln2.bias,1.69577427e-02,3.00000000e-03,5.556544
271,blocks.0.mlp.0.weight,7.65328185e-03,3.00000000e-03,5.556544
271,blocks.0.mlp.0.bias,7.67094230e-03,3.00000000e-03,5.556544
271,blocks.0.mlp.2.weight,1.20802662e-02,3.00000000e-03,5.556544
271,blocks.0.mlp.2.bias,1.06679292e-02,3.00000000e-03,5.556544
271,blocks.1.ln1.weight,5.01108861e-04,3.00000000e-03,5.556544
271,blocks.1.ln1.bias,5.67721656e-03,3.00000000e-03,5.556544
271,blocks.1.attn.in_proj_weight,3.95011703e-03,3.00000000e-03,5.556544
271,blocks.1.attn.in_proj_bias,9.21864532e-03,3.00000000e-03,5.556544
271,blocks.1.attn.out_proj.weight,7.32407671e-03,3.00000000e-03,5.556544
271,blocks.1.attn.out_proj.bias,1.43930200e-02,3.00000000e-03,5.556544
271,blocks.1.ln2.weight,7.74015140e-04,3.00000000e-03,5.556544
271,blocks.1.ln2.bias,1.92028232e-02,3.00000000e-03,5.556544
271,blocks.1.mlp.0.weight,8.15381629e-03,3.00000000e-03,5.556544
271,blocks.1.mlp.0.bias,9.08928747e-03,3.00000000e-03,5.556544
271,blocks.1.mlp.2.weight,1.28833486e-02,3.00000000e-03,5.556544
271,blocks.1.mlp.2.bias,1.10608568e-02,3.00000000e-03,5.556544
271,ln_f.weight,1.33566499e-03,3.00000000e-03,5.556544
271,ln_f.bias,6.50830125e-03,3.00000000e-03,5.556544
271,lm_head.weight,1.01378269e-02,3.00000000e-03,5.556544
272,token_emb.weight,7.38186355e-04,3.00000000e-03,5.570277
272,pos_emb.weight,7.48588411e-04,3.00000000e-03,5.570277
272,blocks.0.ln1.weight,8.98984077e-04,3.00000000e-03,5.570277
272,blocks.0.ln1.bias,9.26896886e-03,3.00000000e-03,5.570277
272,blocks.0.attn.in_proj_weight,7.46120272e-03,3.00000000e-03,5.570277
272,blocks.0.attn.in_proj_bias,1.11207065e-02,3.00000000e-03,5.570277
272,blocks.0.attn.out_proj.weight,7.31397097e-03,3.00000000e-03,5.570277
272,blocks.0.attn.out_proj.bias,1.27438129e-02,3.00000000e-03,5.570277
272,blocks.0.ln2.weight,8.96976349e-04,3.00000000e-03,5.570277
272,blocks.0.ln2.bias,1.75413366e-02,3.00000000e-03,5.570277
272,blocks.0.mlp.0.weight,7.78416528e-03,3.00000000e-03,5.570277
272,blocks.0.mlp.0.bias,7.82123444e-03,3.00000000e-03,5.570277
272,blocks.0.mlp.2.weight,1.19341906e-02,3.00000000e-03,5.570277
272,blocks.0.mlp.2.bias,1.05758292e-02,3.00000000e-03,5.570277
272,blocks.1.ln1.weight,4.89530248e-04,3.00000000e-03,5.570277
272,blocks.1.ln1.bias,6.26769789e-03,3.00000000e-03,5.570277
272,blocks.1.attn.in_proj_weight,4.05957446e-03,3.00000000e-03,5.570277
272,blocks.1.attn.in_proj_bias,9.23816312e-03,3.00000000e-03,5.570277
272,blocks.1.attn.out_proj.weight,7.23490602e-03,3.00000000e-03,5.570277
272,blocks.1.attn.out_proj.bias,1.41953609e-02,3.00000000e-03,5.570277
272,blocks.1.ln2.weight,8.50930461e-04,3.00000000e-03,5.570277
272,blocks.1.ln2.bias,2.19337922e-02,3.00000000e-03,5.570277
272,blocks.1.mlp.0.weight,8.66016739e-03,3.00000000e-03,5.570277
272,blocks.1.mlp.0.bias,9.62296396e-03,3.00000000e-03,5.570277
272,blocks.1.mlp.2.weight,1.27033622e-02,3.00000000e-03,5.570277
272,blocks.1.mlp.2.bias,1.08842545e-02,3.00000000e-03,5.570277
272,ln_f.weight,1.38394779e-03,3.00000000e-03,5.570277
272,ln_f.bias,6.46643372e-03,3.00000000e-03,5.570277
272,lm_head.weight,9.52481096e-03,3.00000000e-03,5.570277
273,token_emb.weight,7.39928789e-04,3.00000000e-03,5.533448
273,pos_emb.weight,7.43366374e-04,3.00000000e-03,5.533448
273,blocks.0.ln1.weight,9.38357145e-04,3.00000000e-03,5.533448
273,blocks.0.ln1.bias,8.94747592e-03,3.00000000e-03,5.533448
273,blocks.0.attn.in_proj_weight,7.33799597e-03,3.00000000e-03,5.533448
273,blocks.0.attn.in_proj_bias,1.02904785e-02,3.00000000e-03,5.533448
273,blocks.0.attn.out_proj.weight,7.05000143e-03,3.00000000e-03,5.533448
273,blocks.0.attn.out_proj.bias,1.18140842e-02,3.00000000e-03,5.533448
273,blocks.0.ln2.weight,8.50938112e-04,3.00000000e-03,5.533448
273,blocks.0.ln2.bias,1.46041361e-02,3.00000000e-03,5.533448
273,blocks.0.mlp.0.weight,7.25923923e-03,3.00000000e-03,5.533448
273,blocks.0.mlp.0.bias,6.87623513e-03,3.00000000e-03,5.533448
273,blocks.0.mlp.2.weight,1.12319681e-02,3.00000000e-03,5.533448
273,blocks.0.mlp.2.bias,9.83727535e-03,3.00000000e-03,5.533448
273,blocks.1.ln1.weight,4.28509180e-04,3.00000000e-03,5.533448
273,blocks.1.ln1.bias,4.45322083e-03,3.00000000e-03,5.533448
273,blocks.1.attn.in_proj_weight,3.73625564e-03,3.00000000e-03,5.533448
273,blocks.1.attn.in_proj_bias,8.41607701e-03,3.00000000e-03,5.533448
273,blocks.1.attn.out_proj.weight,6.73454911e-03,3.00000000e-03,5.533448
273,blocks.1.attn.out_proj.bias,1.32211748e-02,3.00000000e-03,5.533448
273,blocks.1.ln2.weight,8.32554197e-04,3.00000000e-03,5.533448
273,blocks.1.ln2.bias,2.12322356e-02,3.00000000e-03,5.533448
273,blocks.1.mlp.0.weight,8.12666173e-03,3.00000000e-03,5.533448
273,blocks.1.mlp.0.bias,8.81761700e-03,3.00000000e-03,5.533448
273,blocks.1.mlp.2.weight,1.16968792e-02,3.00000000e-03,5.533448
273,blocks.1.mlp.2.bias,1.01346066e-02,3.00000000e-03,5.533448
273,ln_f.weight,1.32673902e-03,3.00000000e-03,5.533448
273,ln_f.bias,6.03556700e-03,3.00000000e-03,5.533448
273,lm_head.weight,9.90225143e-03,3.00000000e-03,5.533448
274,token_emb.weight,7.42324992e-04,3.00000000e-03,5.561536
274,pos_emb.weight,7.41558611e-04,3.00000000e-03,5.561536
274,blocks.0.ln1.weight,9.04867053e-04,3.00000000e-03,5.561536
274,blocks.0.ln1.bias,1.19210988e-02,3.00000000e-03,5.561536
274,blocks.0.attn.in_proj_weight,7.45621298e-03,3.00000000e-03,5.561536
274,blocks.0.attn.in_proj_bias,1.19309036e-02,3.00000000e-03,5.561536
274,blocks.0.attn.out_proj.weight,7.10073031e-03,3.00000000e-03,5.561536
274,blocks.0.attn.out_proj.bias,1.22331156e-02,3.00000000e-03,5.561536
274,blocks.0.ln2.weight,8.53746816e-04,3.00000000e-03,5.561536
274,blocks.0.ln2.bias,1.50798305e-02,3.00000000e-03,5.561536
274,blocks.0.mlp.0.weight,7.37446943e-03,3.00000000e-03,5.561536
274,blocks.0.mlp.0.bias,7.18644359e-03,3.00000000e-03,5.561536
274,blocks.0.mlp.2.weight,1.12447022e-02,3.00000000e-03,5.561536
274,blocks.0.mlp.2.bias,9.94059831e-03,3.00000000e-03,5.561536
274,blocks.1.ln1.weight,4.94664878e-04,3.00000000e-03,5.561536
274,blocks.1.ln1.bias,5.66501049e-03,3.00000000e-03,5.561536
274,blocks.1.attn.in_proj_weight,4.09612003e-03,3.00000000e-03,5.561536
274,blocks.1.attn.in_proj_bias,9.39228273e-03,3.00000000e-03,5.561536
274,blocks.1.attn.out_proj.weight,6.80454519e-03,3.00000000e-03,5.561536
274,blocks.1.attn.out_proj.bias,1.33804080e-02,3.00000000e-03,5.561536
274,blocks.1.ln2.weight,8.82415641e-04,3.00000000e-03,5.561536
274,blocks.1.ln2.bias,2.30376580e-02,3.00000000e-03,5.561536
274,blocks.1.mlp.0.weight,8.51729631e-03,3.00000000e-03,5.561536
274,blocks.1.mlp.0.bias,9.28144950e-03,3.00000000e-03,5.561536
274,blocks.1.mlp.2.weight,1.16339692e-02,3.00000000e-03,5.561536
274,blocks.1.mlp.2.bias,1.02492060e-02,3.00000000e-03,5.561536
274,ln_f.weight,1.34708701e-03,3.00000000e-03,5.561536
274,ln_f.bias,6.10715414e-03,3.00000000e-03,5.561536
274,lm_head.weight,9.99086350e-03,3.00000000e-03,5.561536
275,token_emb.weight,7.44848973e-04,3.00000000e-03,5.545702
275,pos_emb.weight,7.45254097e-04,3.00000000e-03,5.545702
275,blocks.0.ln1.weight,8.30636195e-04,3.00000000e-03,5.545702
275,blocks.0.ln1.bias,9.68202497e-03,3.00000000e-03,5.545702
275,blocks.0.attn.in_proj_weight,7.35776169e-03,3.00000000e-03,5.545702
275,blocks.0.attn.in_proj_bias,1.06983758e-02,3.00000000e-03,5.545702
275,blocks.0.attn.out_proj.weight,6.61356129e-03,3.00000000e-03,5.545702
275,blocks.0.attn.out_proj.bias,1.12224612e-02,3.00000000e-03,5.545702
275,blocks.0.ln2.weight,8.65008526e-04,3.00000000e-03,5.545702
275,blocks.0.ln2.bias,1.54610611e-02,3.00000000e-03,5.545702
275,blocks.0.mlp.0.weight,7.28172392e-03,3.00000000e-03,5.545702
275,blocks.0.mlp.0.bias,6.93072296e-03,3.00000000e-03,5.545702
275,blocks.0.mlp.2.weight,1.06412414e-02,3.00000000e-03,5.545702
275,blocks.0.mlp.2.bias,9.10322883e-03,3.00000000e-03,5.545702
275,blocks.1.ln1.weight,5.01737211e-04,3.00000000e-03,5.545702
275,blocks.1.ln1.bias,5.38696807e-03,3.00000000e-03,5.545702
275,blocks.1.attn.in_proj_weight,4.14074423e-03,3.00000000e-03,5.545702
275,blocks.1.attn.in_proj_bias,9.28950143e-03,3.00000000e-03,5.545702
275,blocks.1.attn.out_proj.weight,6.25460729e-03,3.00000000e-03,5.545702
275,blocks.1.attn.out_proj.bias,1.22385992e-02,3.00000000e-03,5.545702
275,blocks.1.ln2.weight,9.16502785e-04,3.00000000e-03,5.545702
275,blocks.1.ln2.bias,2.41675811e-02,3.00000000e-03,5.545702
275,blocks.1.mlp.0.weight,8.65006029e-03,3.00000000e-03,5.545702
275,blocks.1.mlp.0.bias,9.40562863e-03,3.00000000e-03,5.545702
275,blocks.1.mlp.2.weight,1.08632470e-02,3.00000000e-03,5.545702
275,blocks.1.mlp.2.bias,9.42629197e-03,3.00000000e-03,5.545702
275,ln_f.weight,1.33408084e-03,3.00000000e-03,5.545702
275,ln_f.bias,5.65854403e-03,3.00000000e-03,5.545702
275,lm_head.weight,1.00386501e-02,3.00000000e-03,5.545702
276,token_emb.weight,7.49490612e-04,3.00000000e-03,5.570264
276,pos_emb.weight,7.50953872e-04,3.00000000e-03,5.570264
276,blocks.0.ln1.weight,8.09086303e-04,3.00000000e-03,5.570264
276,blocks.0.ln1.bias,7.57717625e-03,3.00000000e-03,5.570264
276,blocks.0.attn.in_proj_weight,7.30688066e-03,3.00000000e-03,5.570264
276,blocks.0.attn.in_proj_bias,9.63070704e-03,3.00000000e-03,5.570264
276,blocks.0.attn.out_proj.weight,6.78903076e-03,3.00000000e-03,5.570264
276,blocks.0.attn.out_proj.bias,1.17151147e-02,3.00000000e-03,5.570264
276,blocks.0.ln2.weight,8.89948908e-04,3.00000000e-03,5.570264
276,blocks.0.ln2.bias,1.52318126e-02,3.00000000e-03,5.570264
276,blocks.0.mlp.0.weight,7.40032665e-03,3.00000000e-03,5.570264
276,blocks.0.mlp.0.bias,7.10816100e-03,3.00000000e-03,5.570264
276,blocks.0.mlp.2.weight,1.10849002e-02,3.00000000e-03,5.570264
276,blocks.0.mlp.2.bias,9.60869447e-03,3.00000000e-03,5.570264
276,blocks.1.ln1.weight,6.00919177e-04,3.00000000e-03,5.570264
276,blocks.1.ln1.bias,6.22369458e-03,3.00000000e-03,5.570264
276,blocks.1.attn.in_proj_weight,4.44649772e-03,3.00000000e-03,5.570264
276,blocks.1.attn.in_proj_bias,9.80929564e-03,3.00000000e-03,5.570264
276,blocks.1.attn.out_proj.weight,6.56467473e-03,3.00000000e-03,5.570264
276,blocks.1.attn.out_proj.bias,1.28575722e-02,3.00000000e-03,5.570264
276,blocks.1.ln2.weight,9.07915471e-04,3.00000000e-03,5.570264
276,blocks.1.ln2.bias,2.45346720e-02,3.00000000e-03,5.570264
276,blocks.1.mlp.0.weight,8.65061443e-03,3.00000000e-03,5.570264
276,blocks.1.mlp.0.bias,9.51176486e-03,3.00000000e-03,5.570264
276,blocks.1.mlp.2.weight,1.12536231e-02,3.00000000e-03,5.570264
276,blocks.1.mlp.2.bias,9.93041966e-03,3.00000000e-03,5.570264
276,ln_f.weight,1.42802937e-03,3.00000000e-03,5.570264
276,ln_f.bias,5.97124371e-03,3.00000000e-03,5.570264
276,lm_head.weight,9.72430892e-03,3.00000000e-03,5.570264
277,token_emb.weight,7.49071634e-04,3.00000000e-03,5.556323
277,pos_emb.weight,7.60816797e-04,3.00000000e-03,5.556323
277,blocks.0.ln1.weight,8.54009792e-04,3.00000000e-03,5.556323
277,blocks.0.ln1.bias,8.53302538e-03,3.00000000e-03,5.556323
277,blocks.0.attn.in_proj_weight,7.33720844e-03,3.00000000e-03,5.556323
277,blocks.0.attn.in_proj_bias,1.09788061e-02,3.00000000e-03,5.556323
277,blocks.0.attn.out_proj.weight,7.50231141e-03,3.00000000e-03,5.556323
277,blocks.0.attn.out_proj.bias,1.38677466e-02,3.00000000e-03,5.556323
277,blocks.0.ln2.weight,9.24970837e-04,3.00000000e-03,5.556323
277,blocks.0.ln2.bias,1.92518206e-02,3.00000000e-03,5.556323
277,blocks.0.mlp.0.weight,7.99687896e-03,3.00000000e-03,5.556323
277,blocks.0.mlp.0.bias,8.39801183e-03,3.00000000e-03,5.556323
277,blocks.0.mlp.2.weight,1.22613378e-02,3.00000000e-03,5.556323
277,blocks.0.mlp.2.bias,1.12344849e-02,3.00000000e-03,5.556323
277,blocks.1.ln1.weight,6.79853518e-04,3.00000000e-03,5.556323
277,blocks.1.ln1.bias,7.00760986e-03,3.00000000e-03,5.556323
277,blocks.1.attn.in_proj_weight,4.64776609e-03,3.00000000e-03,5.556323
277,blocks.1.attn.in_proj_bias,1.03581577e-02,3.00000000e-03,5.556323
277,blocks.1.attn.out_proj.weight,7.57788502e-03,3.00000000e-03,5.556323
277,blocks.1.attn.out_proj.bias,1.49116217e-02,3.00000000e-03,5.556323
277,blocks.1.ln2.weight,9.22964403e-04,3.00000000e-03,5.556323
277,blocks.1.ln2.bias,2.63705213e-02,3.00000000e-03,5.556323
277,blocks.1.mlp.0.weight,9.43617657e-03,3.00000000e-03,5.556323
277,blocks.1.mlp.0.bias,1.07202978e-02,3.00000000e-03,5.556323
277,blocks.1.mlp.2.weight,1.27175662e-02,3.00000000e-03,5.556323
277,blocks.1.mlp.2.bias,1.15541924e-02,3.00000000e-03,5.556323
277,ln_f.weight,1.47187477e-03,3.00000000e-03,5.556323
277,ln_f.bias,6.71216927e-03,3.00000000e-03,5.556323
277,lm_head.weight,9.93251251e-03,3.00000000e-03,5.556323
278,token_emb.weight,7.52965935e-04,3.00000000e-03,5.575451
278,pos_emb.weight,7.59529457e-04,3.00000000e-03,5.575451
278,blocks.0.ln1.weight,8.59076280e-04,3.00000000e-03,5.575451
278,blocks.0.ln1.bias,8.35442403e-03,3.00000000e-03,5.575451
278,blocks.0.attn.in_proj_weight,7.38410032e-03,3.00000000e-03,5.575451
278,blocks.0.attn.in_proj_bias,1.13807317e-02,3.00000000e-03,5.575451
278,blocks.0.attn.out_proj.weight,7.57375448e-03,3.00000000e-03,5.575451
278,blocks.0.attn.out_proj.bias,1.46948415e-02,3.00000000e-03,5.575451
278,blocks.0.ln2.weight,1.04589730e-03,3.00000000e-03,5.575451
278,blocks.0.ln2.bias,2.26708227e-02,3.00000000e-03,5.575451
278,blocks.0.mlp.0.weight,8.48791091e-03,3.00000000e-03,5.575451
278,blocks.0.mlp.0.bias,9.14724218e-03,3.00000000e-03,5.575451
278,blocks.0.mlp.2.weight,1.28228328e-02,3.00000000e-03,5.575451
278,blocks.0.mlp.2.bias,1.20460529e-02,3.00000000e-03,5.575451
278,blocks.1.ln1.weight,7.15400257e-04,3.00000000e-03,5.575451
278,blocks.1.ln1.bias,7.61783193e-03,3.00000000e-03,5.575451
278,blocks.1.attn.in_proj_weight,4.75991146e-03,3.00000000e-03,5.575451
278,blocks.1.attn.in_proj_bias,1.08331137e-02,3.00000000e-03,5.575451
278,blocks.1.attn.out_proj.weight,8.09526592e-03,3.00000000e-03,5.575451
278,blocks.1.attn.out_proj.bias,1.59579660e-02,3.00000000e-03,5.575451
278,blocks.1.ln2.weight,8.37045158e-04,3.00000000e-03,5.575451
278,blocks.1.ln2.bias,2.55113011e-02,3.00000000e-03,5.575451
278,blocks.1.mlp.0.weight,9.92132825e-03,3.00000000e-03,5.575451
278,blocks.1.mlp.0.bias,1.15380533e-02,3.00000000e-03,5.575451
278,blocks.1.mlp.2.weight,1.34616163e-02,3.00000000e-03,5.575451
278,blocks.1.mlp.2.bias,1.23641861e-02,3.00000000e-03,5.575451
278,ln_f.weight,1.53189931e-03,3.00000000e-03,5.575451
278,ln_f.bias,7.21537257e-03,3.00000000e-03,5.575451
278,lm_head.weight,1.02126248e-02,3.00000000e-03,5.575451
279,token_emb.weight,7.60175337e-04,3.00000000e-03,5.564275
279,pos_emb.weight,7.61361178e-04,3.00000000e-03,5.564275
279,blocks.0.ln1.weight,9.27200988e-04,3.00000000e-03,5.564275
279,blocks.0.ln1.bias,8.73293021e-03,3.00000000e-03,5.564275
279,blocks.0.attn.in_proj_weight,7.61038728e-03,3.00000000e-03,5.564275
279,blocks.0.attn.in_proj_bias,1.22134041e-02,3.00000000e-03,5.564275
279,blocks.0.attn.out_proj.weight,8.13683590e-03,3.00000000e-03,5.564275
279,blocks.0.attn.out_proj.bias,1.58056240e-02,3.00000000e-03,5.564275
279,blocks.0.ln2.weight,1.05353520e-03,3.00000000e-03,5.564275
279,blocks.0.ln2.bias,2.53698307e-02,3.00000000e-03,5.564275
279,blocks.0.mlp.0.weight,9.23697348e-03,3.00000000e-03,5.564275
279,blocks.0.mlp.0.bias,1.04113569e-02,3.00000000e-03,5.564275
279,blocks.0.mlp.2.weight,1.34351706e-02,3.00000000e-03,5.564275
279,blocks.0.mlp.2.bias,1.27595012e-02,3.00000000e-03,5.564275
279,blocks.1.ln1.weight,8.17791723e-04,3.00000000e-03,5.564275
279,blocks.1.ln1.bias,9.64750484e-03,3.00000000e-03,5.564275
279,blocks.1.attn.in_proj_weight,5.32259477e-03,3.00000000e-03,5.564275
279,blocks.1.attn.in_proj_bias,1.22743191e-02,3.00000000e-03,5.564275
279,blocks.1.attn.out_proj.weight,8.65483332e-03,3.00000000e-03,5.564275
279,blocks.1.attn.out_proj.bias,1.70857161e-02,3.00000000e-03,5.564275
279,blocks.1.ln2.weight,9.77199945e-04,3.00000000e-03,5.564275
279,blocks.1.ln2.bias,3.08754236e-02,3.00000000e-03,5.564275
279,blocks.1.mlp.0.weight,1.09592147e-02,3.00000000e-03,5.564275
279,blocks.1.mlp.0.bias,1.29519290e-02,3.00000000e-03,5.564275
279,blocks.1.mlp.2.weight,1.43523041e-02,3.00000000e-03,5.564275
279,blocks.1.mlp.2.bias,1.33140090e-02,3.00000000e-03,5.564275
279,ln_f.weight,1.64876428e-03,3.00000000e-03,5.564275
279,ln_f.bias,7.58831491e-03,3.00000000e-03,5.564275
279,lm_head.weight,1.04245610e-02,3.00000000e-03,5.564275
280,token_emb.weight,7.58328267e-04,3.00000000e-03,5.556764
280,pos_emb.weight,7.66564379e-04,3.00000000e-03,5.556764
280,blocks.0.ln1.weight,9.06629153e-04,3.00000000e-03,5.556764
280,blocks.0.ln1.bias,1.05917131e-02,3.00000000e-03,5.556764
280,blocks.0.attn.in_proj_weight,7.74808350e-03,3.00000000e-03,5.556764
280,blocks.0.attn.in_proj_bias,1.35786647e-02,3.00000000e-03,5.556764
280,blocks.0.attn.out_proj.weight,8.39554811e-03,3.00000000e-03,5.556764
280,blocks.0.attn.out_proj.bias,1.68905927e-02,3.00000000e-03,5.556764
280,blocks.0.ln2.weight,1.12221172e-03,3.00000000e-03,5.556764
280,blocks.0.ln2.bias,2.73738375e-02,3.00000000e-03,5.556764
280,blocks.0.mlp.0.weight,9.32553652e-03,3.00000000e-03,5.556764
280,blocks.0.mlp.0.bias,1.05933664e-02,3.00000000e-03,5.556764
280,blocks.0.mlp.2.weight,1.39406359e-02,3.00000000e-03,5.556764
280,blocks.0.mlp.2.bias,1.35083924e-02,3.00000000e-03,5.556764
280,blocks.1.ln1.weight,8.91543936e-04,3.00000000e-03,5.556764
280,blocks.1.ln1.bias,1.09187415e-02,3.00000000e-03,5.556764
280,blocks.1.attn.in_proj_weight,5.71645790e-03,3.00000000e-03,5.556764
280,blocks.1.attn.in_proj_bias,1.33766379e-02,3.00000000e-03,5.556764
280,blocks.1.attn.out_proj.weight,9.19692784e-03,3.00000000e-03,5.556764
280,blocks.1.attn.out_proj.bias,1.81552054e-02,3.00000000e-03,5.556764
280,blocks.1.ln2.weight,9.71057531e-04,3.00000000e-03,5.556764
280,blocks.1.ln2.bias,3.13152826e-02,3.00000000e-03,5.556764
280,blocks.1.mlp.0.weight,1.11608863e-02,3.00000000e-03,5.556764
280,blocks.1.mlp.0.bias,1.35207387e-02,3.00000000e-03,5.556764
280,blocks.1.mlp.2.weight,1.50893639e-02,3.00000000e-03,5.556764
280,blocks.1.mlp.2.bias,1.42072902e-02,3.00000000e-03,5.556764
280,ln_f.weight,1.65107865e-03,3.00000000e-03,5.556764
280,ln_f.bias,7.98369718e-03,3.00000000e-03,5.556764
280,lm_head.weight,1.02580830e-02,3.00000000e-03,5.556764
281,token_emb.weight,7.57454454e-04,3.00000000e-03,5.549167
281,pos_emb.weight,7.73925925e-04,3.00000000e-03,5.549167
281,blocks.0.ln1.weight,9.91223910e-04,3.00000000e-03,5.549167
281,blocks.0.ln1.bias,1.16063599e-02,3.00000000e-03,5.549167
281,blocks.0.attn.in_proj_weight,7.82492618e-03,3.00000000e-03,5.549167
281,blocks.0.attn.in_proj_bias,1.43489847e-02,3.00000000e-03,5.549167
281,blocks.0.attn.out_proj.weight,8.57773864e-03,3.00000000e-03,5.549167
281,blocks.0.attn.out_proj.bias,1.72355107e-02,3.00000000e-03,5.549167
281,blocks.0.ln2.weight,1.10407994e-03,3.00000000e-03,5.549167
281,blocks.0.ln2.bias,2.57835557e-02,3.00000000e-03,5.549167
281,blocks.0.mlp.0.weight,9.15791306e-03,3.00000000e-03,5.549167
281,blocks.0.mlp.0.bias,1.03503812e-02,3.00000000e-03,5.549167
281,blocks.0.mlp.2.weight,1.39500331e-02,3.00000000e-03,5.549167
281,blocks.0.mlp.2.bias,1.37103089e-02,3.00000000e-03,5.549167
281,blocks.1.ln1.weight,7.97784351e-04,3.00000000e-03,5.549167
281,blocks.1.ln1.bias,9.84147982e-03,3.00000000e-03,5.549167
281,blocks.1.attn.in_proj_weight,5.65634108e-03,3.00000000e-03,5.549167
281,blocks.1.attn.in_proj_bias,1.33061792e-02,3.00000000e-03,5.549167
281,blocks.1.attn.out_proj.weight,9.22101314e-03,3.00000000e-03,5.549167
281,blocks.1.attn.out_proj.bias,1.81927352e-02,3.00000000e-03,5.549167
281,blocks.1.ln2.weight,9.50870208e-04,3.00000000e-03,5.549167
281,blocks.1.ln2.bias,3.04149562e-02,3.00000000e-03,5.549167
281,blocks.1.mlp.0.weight,1.06291257e-02,3.00000000e-03,5.549167
281,blocks.1.mlp.0.bias,1.30886331e-02,3.00000000e-03,5.549167
281,blocks.1.mlp.2.weight,1.49662773e-02,3.00000000e-03,5.549167
281,blocks.1.mlp.2.bias,1.42597576e-02,3.00000000e-03,5.549167
281,ln_f.weight,1.59239629e-03,3.00000000e-03,5.549167
281,ln_f.bias,7.92468387e-03,3.00000000e-03,5.549167
281,lm_head.weight,1.01034019e-02,3.00000000e-03,5.549167
282,token_emb.weight,7.61469447e-04,3.00000000e-03,5.563867
282,pos_emb.weight,7.77341811e-04,3.00000000e-03,5.563867
282,blocks.0.ln1.weight,1.01823416e-03,3.00000000e-03,5.563867
282,blocks.0.ln1.bias,1.09803557e-02,3.00000000e-03,5.563867
282,blocks.0.attn.in_proj_weight,7.94986448e-03,3.00000000e-03,5.563867
282,blocks.0.attn.in_proj_bias,1.43456754e-02,3.00000000e-03,5.563867
282,blocks.0.attn.out_proj.weight,8.62632434e-03,3.00000000e-03,5.563867
282,blocks.0.attn.out_proj.bias,1.72935305e-02,3.00000000e-03,5.563867
282,blocks.0.ln2.weight,1.08944333e-03,3.00000000e-03,5.563867
282,blocks.0.ln2.bias,2.42829900e-02,3.00000000e-03,5.563867
282,blocks.0.mlp.0.weight,9.01917530e-03,3.00000000e-03,5.563867
282,blocks.0.mlp.0.bias,9.96217115e-03,3.00000000e-03,5.563867
282,blocks.0.mlp.2.weight,1.42173048e-02,3.00000000e-03,5.563867
282,blocks.0.mlp.2.bias,1.39605584e-02,3.00000000e-03,5.563867
282,blocks.1.ln1.weight,8.05370374e-04,3.00000000e-03,5.563867
282,blocks.1.ln1.bias,9.87482375e-03,3.00000000e-03,5.563867
282,blocks.1.attn.in_proj_weight,5.83609833e-03,3.00000000e-03,5.563867
282,blocks.1.attn.in_proj_bias,1.38434821e-02,3.00000000e-03,5.563867
282,blocks.1.attn.out_proj.weight,9.39920746e-03,3.00000000e-03,5.563867
282,blocks.1.attn.out_proj.bias,1.85498783e-02,3.00000000e-03,5.563867
282,blocks.1.ln2.weight,9.51445719e-04,3.00000000e-03,5.563867
282,blocks.1.ln2.bias,3.01806784e-02,3.00000000e-03,5.563867
282,blocks.1.mlp.0.weight,1.06632267e-02,3.00000000e-03,5.563867
282,blocks.1.mlp.0.bias,1.33872672e-02,3.00000000e-03,5.563867
282,blocks.1.mlp.2.weight,1.51895334e-02,3.00000000e-03,5.563867
282,blocks.1.mlp.2.bias,1.45983992e-02,3.00000000e-03,5.563867
282,ln_f.weight,1.59605974e-03,3.00000000e-03,5.563867
282,ln_f.bias,8.10513284e-03,3.00000000e-03,5.563867
282,lm_head.weight,1.00856878e-02,3.00000000e-03,5.563867
283,token_emb.weight,7.61337265e-04,3.00000000e-03,5.563149
283,pos_emb.weight,7.67115005e-04,3.00000000e-03,5.563149
283,blocks.0.ln1.weight,1.00594536e-03,3.00000000e-03,5.563149
283,blocks.0.ln1.bias,1.04932821e-02,3.00000000e-03,5.563149
283,blocks.0.attn.in_proj_weight,7.79489784e-03,3.00000000e-03,5.563149
283,blocks.0.attn.in_proj_bias,1.34678988e-02,3.00000000e-03,5.563149
283,blocks.0.attn.out_proj.weight,7.98944684e-03,3.00000000e-03,5.563149
283,blocks.0.attn.out_proj.bias,1.57451440e-02,3.00000000e-03,5.563149
283,blocks.0.ln2.weight,1.09614009e-03,3.00000000e-03,5.563149
283,blocks.0.ln2.bias,2.48362601e-02,3.00000000e-03,5.563149
283,blocks.0.mlp.0.weight,8.72298925e-03,3.00000000e-03,5.563149
283,blocks.0.mlp.0.bias,9.56060998e-03,3.00000000e-03,5.563149
283,blocks.0.mlp.2.weight,1.32901178e-02,3.00000000e-03,5.563149
283,blocks.0.mlp.2.bias,1.28656509e-02,3.00000000e-03,5.563149
283,blocks.1.ln1.weight,7.39968464e-04,3.00000000e-03,5.563149
283,blocks.1.ln1.bias,9.51784820e-03,3.00000000e-03,5.563149
283,blocks.1.attn.in_proj_weight,5.36526816e-03,3.00000000e-03,5.563149
283,blocks.1.attn.in_proj_bias,1.26626852e-02,3.00000000e-03,5.563149
283,blocks.1.attn.out_proj.weight,8.74971887e-03,3.00000000e-03,5.563149
283,blocks.1.attn.out_proj.bias,1.71946662e-02,3.00000000e-03,5.563149
283,blocks.1.ln2.weight,9.19978693e-04,3.00000000e-03,5.563149
283,blocks.1.ln2.bias,2.90536682e-02,3.00000000e-03,5.563149
283,blocks.1.mlp.0.weight,9.94805350e-03,3.00000000e-03,5.563149
283,blocks.1.mlp.0.bias,1.23720879e-02,3.00000000e-03,5.563149
283,blocks.1.mlp.2.weight,1.42195996e-02,3.00000000e-03,5.563149
283,blocks.1.mlp.2.bias,1.36060458e-02,3.00000000e-03,5.563149
283,ln_f.weight,1.55725626e-03,3.00000000e-03,5.563149
283,ln_f.bias,7.69717877e-03,3.00000000e-03,5.563149
283,lm_head.weight,9.76295128e-03,3.00000000e-03,5.563149
284,token_emb.weight,7.61450482e-04,3.00000000e-03,5.556160
284,pos_emb.weight,7.74865159e-04,3.00000000e-03,5.556160
284,blocks.0.ln1.weight,1.06493836e-03,3.00000000e-03,5.556160
284,blocks.0.ln1.bias,1.11410429e-02,3.00000000e-03,5.556160
284,blocks.0.attn.in_proj_weight,7.87511106e-03,3.00000000e-03,5.556160
284,blocks.0.attn.in_proj_bias,1.34307243e-02,3.00000000e-03,5.556160
284,blocks.0.attn.out_proj.weight,8.03751629e-03,3.00000000e-03,5.556160
284,blocks.0.attn.out_proj.bias,1.61227256e-02,3.00000000e-03,5.556160
284,blocks.0.ln2.weight,1.07716636e-03,3.00000000e-03,5.556160
284,blocks.0.ln2.bias,2.48267196e-02,3.00000000e-03,5.556160
284,blocks.0.mlp.0.weight,8.82540315e-03,3.00000000e-03,5.556160
284,blocks.0.mlp.0.bias,9.74119243e-03,3.00000000e-03,5.556160
284,blocks.0.mlp.2.weight,1.34839901e-02,3.00000000e-03,5.556160
284,blocks.0.mlp.2.bias,1.31903194e-02,3.00000000e-03,5.556160
284,blocks.1.ln1.weight,6.81989223e-04,3.00000000e-03,5.556160
284,blocks.1.ln1.bias,8.67592400e-03,3.00000000e-03,5.556160
284,blocks.1.attn.in_proj_weight,5.27420710e-03,3.00000000e-03,5.556160
284,blocks.1.attn.in_proj_bias,1.22987494e-02,3.00000000e-03,5.556160
284,blocks.1.attn.out_proj.weight,8.98066488e-03,3.00000000e-03,5.556160
284,blocks.1.attn.out_proj.bias,1.76341848e-02,3.00000000e-03,5.556160
284,blocks.1.ln2.weight,9.31170328e-04,3.00000000e-03,5.556160
284,blocks.1.ln2.bias,3.06679700e-02,3.00000000e-03,5.556160
284,blocks.1.mlp.0.weight,1.01010007e-02,3.00000000e-03,5.556160
284,blocks.1.mlp.0.bias,1.27325405e-02,3.00000000e-03,5.556160
284,blocks.1.mlp.2.weight,1.45858776e-02,3.00000000e-03,5.556160
284,blocks.1.mlp.2.bias,1.40241326e-02,3.00000000e-03,5.556160
284,ln_f.weight,1.53383763e-03,3.00000000e-03,5.556160
284,ln_f.bias,7.85110051e-03,3.00000000e-03,5.556160
284,lm_head.weight,9.72386360e-03,3.00000000e-03,5.556160
285,token_emb.weight,7.60221079e-04,3.00000000e-03,5.548599
285,pos_emb.weight,7.80111800e-04,3.00000000e-03,5.548599
285,blocks.0.ln1.weight,1.11031335e-03,3.00000000e-03,5.548599
285,blocks.0.ln1.bias,1.08859967e-02,3.00000000e-03,5.548599
285,blocks.0.attn.in_proj_weight,7.77180667e-03,3.00000000e-03,5.548599
285,blocks.0.attn.in_proj_bias,1.27454769e-02,3.00000000e-03,5.548599
285,blocks.0.attn.out_proj.weight,7.35868601e-03,3.00000000e-03,5.548599
285,blocks.0.attn.out_proj.bias,1.42166725e-02,3.00000000e-03,5.548599
285,blocks.0.ln2.weight,1.05488750e-03,3.00000000e-03,5.548599
285,blocks.0.ln2.bias,2.32970213e-02,3.00000000e-03,5.548599
285,blocks.0.mlp.0.weight,8.42930325e-03,3.00000000e-03,5.548599
285,blocks.0.mlp.0.bias,8.94006968e-03,3.00000000e-03,5.548599
285,blocks.0.mlp.2.weight,1.25867419e-02,3.00000000e-03,5.548599
285,blocks.0.mlp.2.bias,1.18867110e-02,3.00000000e-03,5.548599
285,blocks.1.ln1.weight,6.46814256e-04,3.00000000e-03,5.548599
285,blocks.1.ln1.bias,7.80758273e-03,3.00000000e-03,5.548599
285,blocks.1.attn.in_proj_weight,5.29144739e-03,3.00000000e-03,5.548599
285,blocks.1.attn.in_proj_bias,1.20700755e-02,3.00000000e-03,5.548599
285,blocks.1.attn.out_proj.weight,8.12144562e-03,3.00000000e-03,5.548599
285,blocks.1.attn.out_proj.bias,1.58695169e-02,3.00000000e-03,5.548599
285,blocks.1.ln2.weight,9.56616328e-04,3.00000000e-03,5.548599
285,blocks.1.ln2.bias,3.05468442e-02,3.00000000e-03,5.548599
285,blocks.1.mlp.0.weight,9.43433392e-03,3.00000000e-03,5.548599
285,blocks.1.mlp.0.bias,1.17668526e-02,3.00000000e-03,5.548599
285,blocks.1.mlp.2.weight,1.33513610e-02,3.00000000e-03,5.548599
285,blocks.1.mlp.2.bias,1.27314526e-02,3.00000000e-03,5.548599
285,ln_f.weight,1.47681843e-03,3.00000000e-03,5.548599
285,ln_f.bias,7.28597424e-03,3.00000000e-03,5.548599
285,lm_head.weight,9.28972959e-03,3.00000000e-03,5.548599
286,token_emb.weight,7.60616522e-04,3.00000000e-03,5.565234
286,pos_emb.weight,7.76869899e-04,3.00000000e-03,5.565234
286,blocks.0.ln1.weight,1.06385247e-03,3.00000000e-03,5.565234
286,blocks.0.ln1.bias,8.77097200e-03,3.00000000e-03,5.565234
286,blocks.0.attn.in_proj_weight,7.61940641e-03,3.00000000e-03,5.565234
286,blocks.0.attn.in_proj_bias,1.11987585e-02,3.00000000e-03,5.565234
286,blocks.0.attn.out_proj.weight,7.07828792e-03,3.00000000e-03,5.565234
286,blocks.0.attn.out_proj.bias,1.29889926e-02,3.00000000e-03,5.565234
286,blocks.0.ln2.weight,1.02908765e-03,3.00000000e-03,5.565234
286,blocks.0.ln2.bias,2.26083421e-02,3.00000000e-03,5.565234
286,blocks.0.mlp.0.weight,8.41112357e-03,3.00000000e-03,5.565234
286,blocks.0.mlp.0.bias,8.73851436e-03,3.00000000e-03,5.565234
286,blocks.0.mlp.2.weight,1.21268366e-02,3.00000000e-03,5.565234
286,blocks.0.mlp.2.bias,1.11465016e-02,3.00000000e-03,5.565234
286,blocks.1.ln1.weight,7.16758220e-04,3.00000000e-03,5.565234
286,blocks.1.ln1.bias,8.00604089e-03,3.00000000e-03,5.565234
286,blocks.1.attn.in_proj_weight,5.37624832e-03,3.00000000e-03,5.565234
286,blocks.1.attn.in_proj_bias,1.20126228e-02,3.00000000e-03,5.565234
286,blocks.1.attn.out_proj.weight,7.64453502e-03,3.00000000e-03,5.565234
286,blocks.1.attn.out_proj.bias,1.48288105e-02,3.00000000e-03,5.565234
286,blocks.1.ln2.weight,9.84710147e-04,3.00000000e-03,5.565234
286,blocks.1.ln2.bias,2.97010784e-02,3.00000000e-03,5.565234
286,blocks.1.mlp.0.weight,8.95576343e-03,3.00000000e-03,5.565234
286,blocks.1.mlp.0.bias,1.11074696e-02,3.00000000e-03,5.565234
286,blocks.1.mlp.2.weight,1.27345836e-02,3.00000000e-03,5.565234
286,blocks.1.mlp.2.bias,1.19622553e-02,3.00000000e-03,5.565234
286,ln_f.weight,1.42615785e-03,3.00000000e-03,5.565234
286,ln_f.bias,6.85972429e-03,3.00000000e-03,5.565234
286,lm_head.weight,9.33724073e-03,3.00000000e-03,5.565234
287,token_emb.weight,7.60298145e-04,3.00000000e-03,5.543748
287,pos_emb.weight,7.72988011e-04,3.00000000e-03,5.543748
287,blocks.0.ln1.weight,1.07299523e-03,3.00000000e-03,5.543748
287,blocks.0.ln1.bias,8.29478926e-03,3.00000000e-03,5.543748
287,blocks.0.attn.in_proj_weight,7.63619211e-03,3.00000000e-03,5.543748
287,blocks.0.attn.in_proj_bias,1.06338934e-02,3.00000000e-03,5.543748
287,blocks.0.attn.out_proj.weight,6.87617357e-03,3.00000000e-03,5.543748
287,blocks.0.attn.out_proj.bias,1.25995457e-02,3.00000000e-03,5.543748
287,blocks.0.ln2.weight,1.00322239e-03,3.00000000e-03,5.543748
287,blocks.0.ln2.bias,2.14353346e-02,3.00000000e-03,5.543748
287,blocks.0.mlp.0.weight,8.22871791e-03,3.00000000e-03,5.543748
287,blocks.0.mlp.0.bias,8.40393617e-03,3.00000000e-03,5.543748
287,blocks.0.mlp.2.weight,1.18554125e-02,3.00000000e-03,5.543748
287,blocks.0.mlp.2.bias,1.07767866e-02,3.00000000e-03,5.543748
287,blocks.1.ln1.weight,7.14004923e-04,3.00000000e-03,5.543748
287,blocks.1.ln1.bias,8.21497953e-03,3.00000000e-03,5.543748
287,blocks.1.attn.in_proj_weight,5.43281942e-03,3.00000000e-03,5.543748
287,blocks.1.attn.in_proj_bias,1.19477350e-02,3.00000000e-03,5.543748
287,blocks.1.attn.out_proj.weight,7.44243511e-03,3.00000000e-03,5.543748
287,blocks.1.attn.out_proj.bias,1.43415848e-02,3.00000000e-03,5.543748
287,blocks.1.ln2.weight,1.03021021e-03,3.00000000e-03,5.543748
287,blocks.1.ln2.bias,3.06383401e-02,3.00000000e-03,5.543748
287,blocks.1.mlp.0.weight,8.99664201e-03,3.00000000e-03,5.543748
287,blocks.1.mlp.0.bias,1.13910549e-02,3.00000000e-03,5.543748
287,blocks.1.mlp.2.weight,1.24672333e-02,3.00000000e-03,5.543748
287,blocks.1.mlp.2.bias,1.16020730e-02,3.00000000e-03,5.543748
287,ln_f.weight,1.34550795e-03,3.00000000e-03,5.543748
287,ln_f.bias,6.60625273e-03,3.00000000e-03,5.543748
287,lm_head.weight,9.71305830e-03,3.00000000e-03,5.543748
288,token_emb.weight,7.59338973e-04,3.00000000e-03,5.551804
288,pos_emb.weight,7.85902414e-04,3.00000000e-03,5.551804
288,blocks.0.ln1.weight,1.08180964e-03,3.00000000e-03,5.551804
288,blocks.0.ln1.bias,8.39376302e-03,3.00000000e-03,5.551804
288,blocks.0.attn.in_proj_weight,7.66436971e-03,3.00000000e-03,5.551804
288,blocks.0.attn.in_proj_bias,1.03527137e-02,3.00000000e-03,5.551804
288,blocks.0.attn.out_proj.weight,7.00839342e-03,3.00000000e-03,5.551804
288,blocks.0.attn.out_proj.bias,1.31833041e-02,3.00000000e-03,5.551804
288,blocks.0.ln2.weight,1.13808758e-03,3.00000000e-03,5.551804
288,blocks.0.ln2.bias,2.46207409e-02,3.00000000e-03,5.551804
288,blocks.0.mlp.0.weight,8.52870342e-03,3.00000000e-03,5.551804
288,blocks.0.mlp.0.bias,9.04861579e-03,3.00000000e-03,5.551804
288,blocks.0.mlp.2.weight,1.21666618e-02,3.00000000e-03,5.551804
288,blocks.0.mlp.2.bias,1.12423128e-02,3.00000000e-03,5.551804
288,blocks.1.ln1.weight,6.75137439e-04,3.00000000e-03,5.551804
288,blocks.1.ln1.bias,8.13427646e-03,3.00000000e-03,5.551804
288,blocks.1.attn.in_proj_weight,5.27758209e-03,3.00000000e-03,5.551804
288,blocks.1.attn.in_proj_bias,1.13723102e-02,3.00000000e-03,5.551804
288,blocks.1.attn.out_proj.weight,7.73563343e-03,3.00000000e-03,5.551804
288,blocks.1.attn.out_proj.bias,1.48261581e-02,3.00000000e-03,5.551804
288,blocks.1.ln2.weight,1.06699469e-03,3.00000000e-03,5.551804
288,blocks.1.ln2.bias,3.16156987e-02,3.00000000e-03,5.551804
288,blocks.1.mlp.0.weight,9.30907140e-03,3.00000000e-03,5.551804
288,blocks.1.mlp.0.bias,1.19633563e-02,3.00000000e-03,5.551804
288,blocks.1.mlp.2.weight,1.29402369e-02,3.00000000e-03,5.551804
288,blocks.1.mlp.2.bias,1.20162221e-02,3.00000000e-03,5.551804
288,ln_f.weight,1.37069614e-03,3.00000000e-03,5.551804
288,ln_f.bias,6.80010135e-03,3.00000000e-03,5.551804
288,lm_head.weight,1.00024042e-02,3.00000000e-03,5.551804
289,token_emb.weight,7.63406213e-04,3.00000000e-03,5.556978
289,pos_emb.weight,7.72097799e-04,3.00000000e-03,5.556978
289,blocks.0.ln1.weight,1.03579472e-03,3.00000000e-03,5.556978
289,blocks.0.ln1.bias,7.64999953e-03,3.00000000e-03,5.556978
289,blocks.0.attn.in_proj_weight,7.64733457e-03,3.00000000e-03,5.556978
289,blocks.0.attn.in_proj_bias,1.10429238e-02,3.00000000e-03,5.556978
289,blocks.0.attn.out_proj.weight,6.87304672e-03,3.00000000e-03,5.556978
289,blocks.0.attn.out_proj.bias,1.27668716e-02,3.00000000e-03,5.556978
289,blocks.0.ln2.weight,1.18932602e-03,3.00000000e-03,5.556978
289,blocks.0.ln2.bias,2.53238971e-02,3.00000000e-03,5.556978
289,blocks.0.mlp.0.weight,8.48346321e-03,3.00000000e-03,5.556978
289,blocks.0.mlp.0.bias,8.78320055e-03,3.00000000e-03,5.556978
289,blocks.0.mlp.2.weight,1.20261702e-02,3.00000000e-03,5.556978
289,blocks.0.mlp.2.bias,1.10054777e-02,3.00000000e-03,5.556978
289,blocks.1.ln1.weight,6.55277341e-04,3.00000000e-03,5.556978
289,blocks.1.ln1.bias,8.42633045e-03,3.00000000e-03,5.556978
289,blocks.1.attn.in_proj_weight,5.11680622e-03,3.00000000e-03,5.556978
289,blocks.1.attn.in_proj_bias,1.09464809e-02,3.00000000e-03,5.556978
289,blocks.1.attn.out_proj.weight,7.60036981e-03,3.00000000e-03,5.556978
289,blocks.1.attn.out_proj.bias,1.44790965e-02,3.00000000e-03,5.556978
289,blocks.1.ln2.weight,1.06241931e-03,3.00000000e-03,5.556978
289,blocks.1.ln2.bias,3.07151985e-02,3.00000000e-03,5.556978
289,blocks.1.mlp.0.weight,9.15679188e-03,3.00000000e-03,5.556978
289,blocks.1.mlp.0.bias,1.17692743e-02,3.00000000e-03,5.556978
289,blocks.1.mlp.2.weight,1.27460494e-02,3.00000000e-03,5.556978
289,blocks.1.mlp.2.bias,1.17323138e-02,3.00000000e-03,5.556978
289,ln_f.weight,1.31590248e-03,3.00000000e-03,5.556978
289,ln_f.bias,6.57801079e-03,3.00000000e-03,5.556978
289,lm_head.weight,1.00365055e-02,3.00000000e-03,5.556978
290,token_emb.weight,7.70099578e-04,3.00000000e-03,5.542623
290,pos_emb.weight,7.77202719e-04,3.00000000e-03,5.542623
290,blocks.0.ln1.weight,1.00349258e-03,3.00000000e-03,5.542623
290,blocks.0.ln1.bias,7.82395140e-03,3.00000000e-03,5.542623
290,blocks.0.attn.in_proj_weight,7.66881256e-03,3.00000000e-03,5.542623
290,blocks.0.attn.in_proj_bias,1.11060284e-02,3.00000000e-03,5.542623
290,blocks.0.attn.out_proj.weight,6.74521106e-03,3.00000000e-03,5.542623
290,blocks.0.attn.out_proj.bias,1.22649952e-02,3.00000000e-03,5.542623
290,blocks.0.ln2.weight,1.14319883e-03,3.00000000e-03,5.542623
290,blocks.0.ln2.bias,2.30234196e-02,3.00000000e-03,5.542623
290,blocks.0.mlp.0.weight,8.20148856e-03,3.00000000e-03,5.542623
290,blocks.0.mlp.0.bias,7.61758799e-03,3.00000000e-03,5.542623
290,blocks.0.mlp.2.weight,1.18148915e-02,3.00000000e-03,5.542623
290,blocks.0.mlp.2.bias,1.04585097e-02,3.00000000e-03,5.542623
290,blocks.1.ln1.weight,6.55941258e-04,3.00000000e-03,5.542623
290,blocks.1.ln1.bias,7.96640720e-03,3.00000000e-03,5.542623
290,blocks.1.attn.in_proj_weight,5.02163810e-03,3.00000000e-03,5.542623
290,blocks.1.attn.in_proj_bias,1.06159402e-02,3.00000000e-03,5.542623
290,blocks.1.attn.out_proj.weight,7.21406919e-03,3.00000000e-03,5.542623
290,blocks.1.attn.out_proj.bias,1.38176845e-02,3.00000000e-03,5.542623
290,blocks.1.ln2.weight,8.23855419e-04,3.00000000e-03,5.542623
290,blocks.1.ln2.bias,2.34987065e-02,3.00000000e-03,5.542623
290,blocks.1.mlp.0.weight,8.06510318e-03,3.00000000e-03,5.542623
290,blocks.1.mlp.0.bias,1.00576291e-02,3.00000000e-03,5.542623
290,blocks.1.mlp.2.weight,1.18977874e-02,3.00000000e-03,5.542623
290,blocks.1.mlp.2.bias,1.11438324e-02,3.00000000e-03,5.542623
290,ln_f.weight,1.24280257e-03,3.00000000e-03,5.542623
290,ln_f.bias,6.26885548e-03,3.00000000e-03,5.542623
290,lm_head.weight,9.79913161e-03,3.00000000e-03,5.542623
291,token_emb.weight,7.72030108e-04,3.00000000e-03,5.551445
291,pos_emb.weight,7.74334180e-04,3.00000000e-03,5.551445
291,blocks.0.ln1.weight,1.03692722e-03,3.00000000e-03,5.551445
291,blocks.0.ln1.bias,9.48206566e-03,3.00000000e-03,5.551445
291,blocks.0.attn.in_proj_weight,7.58161153e-03,3.00000000e-03,5.551445
291,blocks.0.attn.in_proj_bias,1.01354233e-02,3.00000000e-03,5.551445
291,blocks.0.attn.out_proj.weight,6.42543682e-03,3.00000000e-03,5.551445
291,blocks.0.attn.out_proj.bias,1.15940907e-02,3.00000000e-03,5.551445
291,blocks.0.ln2.weight,1.02211923e-03,3.00000000e-03,5.551445
291,blocks.0.ln2.bias,1.96050751e-02,3.00000000e-03,5.551445
291,blocks.0.mlp.0.weight,7.89331170e-03,3.00000000e-03,5.551445
291,blocks.0.mlp.0.bias,6.91940488e-03,3.00000000e-03,5.551445
291,blocks.0.mlp.2.weight,1.12339334e-02,3.00000000e-03,5.551445
291,blocks.0.mlp.2.bias,9.69499527e-03,3.00000000e-03,5.551445
291,blocks.1.ln1.weight,5.55170067e-04,3.00000000e-03,5.551445
291,blocks.1.ln1.bias,6.90266856e-03,3.00000000e-03,5.551445
291,blocks.1.attn.in_proj_weight,4.69053568e-03,3.00000000e-03,5.551445
291,blocks.1.attn.in_proj_bias,9.50810479e-03,3.00000000e-03,5.551445
291,blocks.1.attn.out_proj.weight,6.69832358e-03,3.00000000e-03,5.551445
291,blocks.1.attn.out_proj.bias,1.27903538e-02,3.00000000e-03,5.551445
291,blocks.1.ln2.weight,7.66376030e-04,3.00000000e-03,5.551445
291,blocks.1.ln2.bias,2.02813501e-02,3.00000000e-03,5.551445
291,blocks.1.mlp.0.weight,7.37234612e-03,3.00000000e-03,5.551445
291,blocks.1.mlp.0.bias,8.86552329e-03,3.00000000e-03,5.551445
291,blocks.1.mlp.2.weight,1.10514008e-02,3.00000000e-03,5.551445
291,blocks.1.mlp.2.bias,1.03176215e-02,3.00000000e-03,5.551445
291,ln_f.weight,1.18919324e-03,3.00000000e-03,5.551445
291,ln_f.bias,5.77110730e-03,3.00000000e-03,5.551445
291,lm_head.weight,9.87326000e-03,3.00000000e-03,5.551445
292,token_emb.weight,7.71343998e-04,3.00000000e-03,5.556921
292,pos_emb.weight,7.84446937e-04,3.00000000e-03,5.556921
292,blocks.0.ln1.weight,1.13468699e-03,3.00000000e-03,5.556921
292,blocks.0.ln1.bias,8.88209710e-03,3.00000000e-03,5.556921
292,blocks.0.attn.in_proj_weight,7.58779389e-03,3.00000000e-03,5.556921
292,blocks.0.attn.in_proj_bias,1.06528676e-02,3.00000000e-03,5.556921
292,blocks.0.attn.out_proj.weight,6.59707631e-03,3.00000000e-03,5.556921
292,blocks.0.attn.out_proj.bias,1.19564044e-02,3.00000000e-03,5.556921
292,blocks.0.ln2.weight,1.03207514e-03,3.00000000e-03,5.556921
292,blocks.0.ln2.bias,2.03669017e-02,3.00000000e-03,5.556921
292,blocks.0.mlp.0.weight,8.05287019e-03,3.00000000e-03,5.556921
292,blocks.0.mlp.0.bias,7.29000628e-03,3.00000000e-03,5.556921
292,blocks.0.mlp.2.weight,1.15054975e-02,3.00000000e-03,5.556921
292,blocks.0.mlp.2.bias,1.01135815e-02,3.00000000e-03,5.556921
292,blocks.1.ln1.weight,5.34503141e-04,3.00000000e-03,5.556921
292,blocks.1.ln1.bias,6.22119099e-03,3.00000000e-03,5.556921
292,blocks.1.attn.in_proj_weight,5.06863340e-03,3.00000000e-03,5.556921
292,blocks.1.attn.in_proj_bias,1.05495276e-02,3.00000000e-03,5.556921
292,blocks.1.attn.out_proj.weight,6.99368497e-03,3.00000000e-03,5.556921
292,blocks.1.attn.out_proj.bias,1.32936812e-02,3.00000000e-03,5.556921
292,blocks.1.ln2.weight,7.42629803e-04,3.00000000e-03,5.556921
292,blocks.1.ln2.bias,1.93556282e-02,3.00000000e-03,5.556921
292,blocks.1.mlp.0.weight,7.59165675e-03,3.00000000e-03,5.556921
292,blocks.1.mlp.0.bias,9.12686399e-03,3.00000000e-03,5.556921
292,blocks.1.mlp.2.weight,1.14287720e-02,3.00000000e-03,5.556921
292,blocks.1.mlp.2.bias,1.07120675e-02,3.00000000e-03,5.556921
292,ln_f.weight,1.22826379e-03,3.00000000e-03,5.556921
292,ln_f.bias,5.98275735e-03,3.00000000e-03,5.556921
292,lm_head.weight,9.84129168e-03,3.00000000e-03,5.556921
293,token_emb.weight,7.77333590e-04,3.00000000e-03,5.561624
293,pos_emb.weight,7.96439303e-04,3.00000000e-03,5.561624
293,blocks.0.ln1.weight,1.14936083e-03,3.00000000e-03,5.561624
293,blocks.0.ln1.bias,1.24771990e-02,3.00000000e-03,5.561624
293,blocks.0.attn.in_proj_weight,7.84585849e-03,3.00000000e-03,5.561624
293,blocks.0.attn.in_proj_bias,1.29165964e-02,3.00000000e-03,5.561624
293,blocks.0.attn.out_proj.weight,7.23191146e-03,3.00000000e-03,5.561624
293,blocks.0.attn.out_proj.bias,1.41732460e-02,3.00000000e-03,5.561624
293,blocks.0.ln2.weight,9.59195044e-04,3.00000000e-03,5.561624
293,blocks.0.ln2.bias,2.05924427e-02,3.00000000e-03,5.561624
293,blocks.0.mlp.0.weight,8.42220466e-03,3.00000000e-03,5.561624
293,blocks.0.mlp.0.bias,8.19868256e-03,3.00000000e-03,5.561624
293,blocks.0.mlp.2.weight,1.26590545e-02,3.00000000e-03,5.561624
293,blocks.0.mlp.2.bias,1.18953059e-02,3.00000000e-03,5.561624
293,blocks.1.ln1.weight,5.63477807e-04,3.00000000e-03,5.561624
293,blocks.1.ln1.bias,6.48178543e-03,3.00000000e-03,5.561624
293,blocks.1.attn.in_proj_weight,5.23641287e-03,3.00000000e-03,5.561624
293,blocks.1.attn.in_proj_bias,1.12026004e-02,3.00000000e-03,5.561624
293,blocks.1.attn.out_proj.weight,8.17894082e-03,3.00000000e-03,5.561624
293,blocks.1.attn.out_proj.bias,1.55926137e-02,3.00000000e-03,5.561624
293,blocks.1.ln2.weight,7.57763276e-04,3.00000000e-03,5.561624
293,blocks.1.ln2.bias,2.20887876e-02,3.00000000e-03,5.561624
293,blocks.1.mlp.0.weight,8.10682323e-03,3.00000000e-03,5.561624
293,blocks.1.mlp.0.bias,9.89277286e-03,3.00000000e-03,5.561624
293,blocks.1.mlp.2.weight,1.31177503e-02,3.00000000e-03,5.561624
293,blocks.1.mlp.2.bias,1.26338704e-02,3.00000000e-03,5.561624
293,ln_f.weight,1.27155025e-03,3.00000000e-03,5.561624
293,ln_f.bias,6.81071787e-03,3.00000000e-03,5.561624
293,lm_head.weight,1.00320352e-02,3.00000000e-03,5.561624
294,token_emb.weight,7.78098127e-04,3.00000000e-03,5.534276
294,pos_emb.weight,7.98133854e-04,3.00000000e-03,5.534276
294,blocks.0.ln1.weight,1.18984479e-03,3.00000000e-03,5.534276
294,blocks.0.ln1.bias,1.49959694e-02,3.00000000e-03,5.534276
294,blocks.0.attn.in_proj_weight,8.02227899e-03,3.00000000e-03,5.534276
294,blocks.0.attn.in_proj_bias,1.42883803e-02,3.00000000e-03,5.534276
294,blocks.0.attn.out_proj.weight,6.96388234e-03,3.00000000e-03,5.534276
294,blocks.0.attn.out_proj.bias,1.33090120e-02,3.00000000e-03,5.534276
294,blocks.0.ln2.weight,9.64799260e-04,3.00000000e-03,5.534276
294,blocks.0.ln2.bias,2.20377043e-02,3.00000000e-03,5.534276
294,blocks.0.mlp.0.weight,8.37543706e-03,3.00000000e-03,5.534276
294,blocks.0.mlp.0.bias,8.21069141e-03,3.00000000e-03,5.534276
294,blocks.0.mlp.2.weight,1.20827877e-02,3.00000000e-03,5.534276
294,blocks.0.mlp.2.bias,1.10512908e-02,3.00000000e-03,5.534276
294,blocks.1.ln1.weight,5.77854873e-04,3.00000000e-03,5.534276
294,blocks.1.ln1.bias,6.72933730e-03,3.00000000e-03,5.534276
294,blocks.1.attn.in_proj_weight,5.39203719e-03,3.00000000e-03,5.534276
294,blocks.1.attn.in_proj_bias,1.15100392e-02,3.00000000e-03,5.534276
294,blocks.1.attn.out_proj.weight,7.59070231e-03,3.00000000e-03,5.534276
294,blocks.1.attn.out_proj.bias,1.44566843e-02,3.00000000e-03,5.534276
294,blocks.1.ln2.weight,7.79142067e-04,3.00000000e-03,5.534276
294,blocks.1.ln2.bias,2.19813156e-02,3.00000000e-03,5.534276
294,blocks.1.mlp.0.weight,7.64047598e-03,3.00000000e-03,5.534276
294,blocks.1.mlp.0.bias,9.18131156e-03,3.00000000e-03,5.534276
294,blocks.1.mlp.2.weight,1.22085200e-02,3.00000000e-03,5.534276
294,blocks.1.mlp.2.bias,1.17155075e-02,3.00000000e-03,5.534276
294,ln_f.weight,1.16842101e-03,3.00000000e-03,5.534276
294,ln_f.bias,6.26527958e-03,3.00000000e-03,5.534276
294,lm_head.weight,9.77204175e-03,3.00000000e-03,5.534276
295,token_emb.weight,7.83504115e-04,3.00000000e-03,5.559690
295,pos_emb.weight,7.97302127e-04,3.00000000e-03,5.559690
295,blocks.0.ln1.weight,1.21335404e-03,3.00000000e-03,5.559690
295,blocks.0.ln1.bias,1.08587475e-02,3.00000000e-03,5.559690
295,blocks.0.attn.in_proj_weight,8.04551183e-03,3.00000000e-03,5.559690
295,blocks.0.attn.in_proj_bias,1.17078663e-02,3.00000000e-03,5.559690
295,blocks.0.attn.out_proj.weight,6.50740847e-03,3.00000000e-03,5.559690
295,blocks.0.attn.out_proj.bias,1.16198380e-02,3.00000000e-03,5.559690
295,blocks.0.ln2.weight,9.60536905e-04,3.00000000e-03,5.559690
295,blocks.0.ln2.bias,2.16249731e-02,3.00000000e-03,5.559690
295,blocks.0.mlp.0.weight,8.39200877e-03,3.00000000e-03,5.559690
295,blocks.0.mlp.0.bias,8.18202450e-03,3.00000000e-03,5.559690
295,blocks.0.mlp.2.weight,1.14640459e-02,3.00000000e-03,5.559690
295,blocks.0.mlp.2.bias,1.00662783e-02,3.00000000e-03,5.559690
295,blocks.1.ln1.weight,4.07906609e-04,3.00000000e-03,5.559690
295,blocks.1.ln1.bias,5.02997700e-03,3.00000000e-03,5.559690
295,blocks.1.attn.in_proj_weight,4.74019897e-03,3.00000000e-03,5.559690
295,blocks.1.attn.in_proj_bias,9.78506836e-03,3.00000000e-03,5.559690
295,blocks.1.attn.out_proj.weight,6.90785950e-03,3.00000000e-03,5.559690
295,blocks.1.attn.out_proj.bias,1.30958282e-02,3.00000000e-03,5.559690
295,blocks.1.ln2.weight,8.56770825e-04,3.00000000e-03,5.559690
295,blocks.1.ln2.bias,2.31727090e-02,3.00000000e-03,5.559690
295,blocks.1.mlp.0.weight,7.34115207e-03,3.00000000e-03,5.559690
295,blocks.1.mlp.0.bias,8.54474319e-03,3.00000000e-03,5.559690
295,blocks.1.mlp.2.weight,1.12508963e-02,3.00000000e-03,5.559690
295,blocks.1.mlp.2.bias,1.06487004e-02,3.00000000e-03,5.559690
295,ln_f.weight,1.15245906e-03,3.00000000e-03,5.559690
295,ln_f.bias,5.75853722e-03,3.00000000e-03,5.559690
295,lm_head.weight,9.61413707e-03,3.00000000e-03,5.559690
296,token_emb.weight,7.85205005e-04,3.00000000e-03,5.563620
296,pos_emb.weight,7.92215134e-04,3.00000000e-03,5.563620
296,blocks.0.ln1.weight,1.23772644e-03,3.00000000e-03,5.563620
296,blocks.0.ln1.bias,9.58330286e-03,3.00000000e-03,5.563620
296,blocks.0.attn.in_proj_weight,7.90702886e-03,3.00000000e-03,5.563620
296,blocks.0.attn.in_proj_bias,1.05986070e-02,3.00000000e-03,5.563620
296,blocks.0.attn.out_proj.weight,6.77906390e-03,3.00000000e-03,5.563620
296,blocks.0.attn.out_proj.bias,1.26716657e-02,3.00000000e-03,5.563620
296,blocks.0.ln2.weight,9.62033603e-04,3.00000000e-03,5.563620
296,blocks.0.ln2.bias,2.03330129e-02,3.00000000e-03,5.563620
296,blocks.0.mlp.0.weight,8.42532646e-03,3.00000000e-03,5.563620
296,blocks.0.mlp.0.bias,8.27192558e-03,3.00000000e-03,5.563620
296,blocks.0.mlp.2.weight,1.21349468e-02,3.00000000e-03,5.563620
296,blocks.0.mlp.2.bias,1.11557507e-02,3.00000000e-03,5.563620
296,blocks.1.ln1.weight,4.26053423e-04,3.00000000e-03,5.563620
296,blocks.1.ln1.bias,6.02070560e-03,3.00000000e-03,5.563620
296,blocks.1.attn.in_proj_weight,5.05333158e-03,3.00000000e-03,5.563620
296,blocks.1.attn.in_proj_bias,1.06211688e-02,3.00000000e-03,5.563620
296,blocks.1.attn.out_proj.weight,7.67715505e-03,3.00000000e-03,5.563620
296,blocks.1.attn.out_proj.bias,1.45460761e-02,3.00000000e-03,5.563620
296,blocks.1.ln2.weight,1.06618544e-03,3.00000000e-03,5.563620
296,blocks.1.ln2.bias,2.95243184e-02,3.00000000e-03,5.563620
296,blocks.1.mlp.0.weight,8.21227264e-03,3.00000000e-03,5.563620
296,blocks.1.mlp.0.bias,9.93753652e-03,3.00000000e-03,5.563620
296,blocks.1.mlp.2.weight,1.24822610e-02,3.00000000e-03,5.563620
296,blocks.1.mlp.2.bias,1.18833168e-02,3.00000000e-03,5.563620
296,ln_f.weight,1.19042628e-03,3.00000000e-03,5.563620
296,ln_f.bias,6.29154406e-03,3.00000000e-03,5.563620
296,lm_head.weight,9.85439694e-03,3.00000000e-03,5.563620
297,token_emb.weight,7.84399265e-04,3.00000000e-03,5.552788
297,pos_emb.weight,7.99546621e-04,3.00000000e-03,5.552788
297,blocks.0.ln1.weight,1.22864044e-03,3.00000000e-03,5.552788
297,blocks.0.ln1.bias,9.98235861e-03,3.00000000e-03,5.552788
297,blocks.0.attn.in_proj_weight,7.77569043e-03,3.00000000e-03,5.552788
297,blocks.0.attn.in_proj_bias,1.09308302e-02,3.00000000e-03,5.552788
297,blocks.0.attn.out_proj.weight,6.53554015e-03,3.00000000e-03,5.552788
297,blocks.0.attn.out_proj.bias,1.21311793e-02,3.00000000e-03,5.552788
297,blocks.0.ln2.weight,9.70578475e-04,3.00000000e-03,5.552788
297,blocks.0.ln2.bias,2.13817704e-02,3.00000000e-03,5.552788
297,blocks.0.mlp.0.weight,8.47522830e-03,3.00000000e-03,5.552788
297,blocks.0.mlp.0.bias,8.20878586e-03,3.00000000e-03,5.552788
297,blocks.0.mlp.2.weight,1.19523432e-02,3.00000000e-03,5.552788
297,blocks.0.mlp.2.bias,1.07689011e-02,3.00000000e-03,5.552788
297,blocks.1.ln1.weight,4.94800731e-04,3.00000000e-03,5.552788
297,blocks.1.ln1.bias,6.37922127e-03,3.00000000e-03,5.552788
297,blocks.1.attn.in_proj_weight,5.13416514e-03,3.00000000e-03,5.552788
297,blocks.1.attn.in_proj_bias,1.06473916e-02,3.00000000e-03,5.552788
297,blocks.1.attn.out_proj.weight,7.43692003e-03,3.00000000e-03,5.552788
297,blocks.1.attn.out_proj.bias,1.40999091e-02,3.00000000e-03,5.552788
297,blocks.1.ln2.weight,1.01905337e-03,3.00000000e-03,5.552788
297,blocks.1.ln2.bias,2.77937735e-02,3.00000000e-03,5.552788
297,blocks.1.mlp.0.weight,7.84747478e-03,3.00000000e-03,5.552788
297,blocks.1.mlp.0.bias,9.22711850e-03,3.00000000e-03,5.552788
297,blocks.1.mlp.2.weight,1.20739385e-02,3.00000000e-03,5.552788
297,blocks.1.mlp.2.bias,1.14785181e-02,3.00000000e-03,5.552788
297,ln_f.weight,1.23248643e-03,3.00000000e-03,5.552788
297,ln_f.bias,6.05312306e-03,3.00000000e-03,5.552788
297,lm_head.weight,1.00730639e-02,3.00000000e-03,5.552788
298,token_emb.weight,7.86364009e-04,3.00000000e-03,5.559470
298,pos_emb.weight,8.03584638e-04,3.00000000e-03,5.559470
298,blocks.0.ln1.weight,1.14349160e-03,3.00000000e-03,5.559470
298,blocks.0.ln1.bias,7.33901563e-03,3.00000000e-03,5.559470
298,blocks.0.attn.in_proj_weight,7.58283675e-03,3.00000000e-03,5.559470
298,blocks.0.attn.in_proj_bias,1.01718269e-02,3.00000000e-03,5.559470
298,blocks.0.attn.out_proj.weight,6.34435922e-03,3.00000000e-03,5.559470
298,blocks.0.attn.out_proj.bias,1.11222314e-02,3.00000000e-03,5.559470
298,blocks.0.ln2.weight,9.09137842e-04,3.00000000e-03,5.559470
298,blocks.0.ln2.bias,1.73373283e-02,3.00000000e-03,5.559470
298,blocks.0.mlp.0.weight,8.12897611e-03,3.00000000e-03,5.559470
298,blocks.0.mlp.0.bias,7.41173475e-03,3.00000000e-03,5.559470
298,blocks.0.mlp.2.weight,1.15566270e-02,3.00000000e-03,5.559470
298,blocks.0.mlp.2.bias,1.01396100e-02,3.00000000e-03,5.559470
298,blocks.1.ln1.weight,5.51073501e-04,3.00000000e-03,5.559470
298,blocks.1.ln1.bias,5.33897957e-03,3.00000000e-03,5.559470
298,blocks.1.attn.in_proj_weight,5.30395436e-03,3.00000000e-03,5.559470
298,blocks.1.attn.in_proj_bias,1.06717897e-02,3.00000000e-03,5.559470
298,blocks.1.attn.out_proj.weight,7.02085335e-03,3.00000000e-03,5.559470
298,blocks.1.attn.out_proj.bias,1.32235218e-02,3.00000000e-03,5.559470
298,blocks.1.ln2.weight,1.06182938e-03,3.00000000e-03,5.559470
298,blocks.1.ln2.bias,2.77329321e-02,3.00000000e-03,5.559470
298,blocks.1.mlp.0.weight,7.79084478e-03,3.00000000e-03,5.559470
298,blocks.1.mlp.0.bias,8.83094938e-03,3.00000000e-03,5.559470
298,blocks.1.mlp.2.weight,1.14373515e-02,3.00000000e-03,5.559470
298,blocks.1.mlp.2.bias,1.07405964e-02,3.00000000e-03,5.559470
298,ln_f.weight,1.25425067e-03,3.00000000e-03,5.559470
298,ln_f.bias,5.66472727e-03,3.00000000e-03,5.559470
298,lm_head.weight,9.98739199e-03,3.00000000e-03,5.559470
299,token_emb.weight,7.86990606e-04,3.00000000e-03,5.558058
299,pos_emb.weight,8.06085158e-04,3.00000000e-03,5.558058
299,blocks.0.ln1.weight,1.19542109e-03,3.00000000e-03,5.558058
299,blocks.0.ln1.bias,8.10431509e-03,3.00000000e-03,5.558058
299,blocks.0.attn.in_proj_weight,7.68659480e-03,3.00000000e-03,5.558058
299,blocks.0.attn.in_proj_bias,1.06296302e-02,3.00000000e-03,5.558058
299,blocks.0.attn.out_proj.weight,6.92042261e-03,3.00000000e-03,5.558058
299,blocks.0.attn.out_proj.bias,1.27418050e-02,3.00000000e-03,5.558058
299,blocks.0.ln2.weight,9.11091248e-04,3.00000000e-03,5.558058
299,blocks.0.ln2.bias,1.79661275e-02,3.00000000e-03,5.558058
299,blocks.0.mlp.0.weight,8.20378010e-03,3.00000000e-03,5.558058
299,blocks.0.mlp.0.bias,7.37867116e-03,3.00000000e-03,5.558058
299,blocks.0.mlp.2.weight,1.25306229e-02,3.00000000e-03,5.558058
299,blocks.0.mlp.2.bias,1.15554010e-02,3.00000000e-03,5.558058
299,blocks.1.ln1.weight,6.10836151e-04,3.00000000e-03,5.558058
299,blocks.1.ln1.bias,6.31269431e-03,3.00000000e-03,5.558058
299,blocks.1.attn.in_proj_weight,6.90665034e-03,3.00000000e-03,5.558058
299,blocks.1.attn.in_proj_bias,1.37383662e-02,3.00000000e-03,5.558058
299,blocks.1.attn.out_proj.weight,7.94691946e-03,3.00000000e-03,5.558058
299,blocks.1.attn.out_proj.bias,1.50576438e-02,3.00000000e-03,5.558058
299,blocks.1.ln2.weight,1.09781254e-03,3.00000000e-03,5.558058
299,blocks.1.ln2.bias,2.88927782e-02,3.00000000e-03,5.558058
299,blocks.1.mlp.0.weight,8.07354807e-03,3.00000000e-03,5.558058
299,blocks.1.mlp.0.bias,9.17339539e-03,3.00000000e-03,5.558058
299,blocks.1.mlp.2.weight,1.28089989e-02,3.00000000e-03,5.558058
299,blocks.1.mlp.2.bias,1.22431392e-02,3.00000000e-03,5.558058
299,ln_f.weight,1.26745959e-03,3.00000000e-03,5.558058
299,ln_f.bias,6.27601244e-03,3.00000000e-03,5.558058
299,lm_head.weight,1.05880502e-02,3.00000000e-03,5.558058
300,token_emb.weight,7.92265016e-04,3.00000000e-03,5.553751
300,pos_emb.weight,8.14482873e-04,3.00000000e-03,5.553751
300,blocks.0.ln1.weight,1.13924558e-03,3.00000000e-03,5.553751
300,blocks.0.ln1.bias,9.25768425e-03,3.00000000e-03,5.553751
300,blocks.0.attn.in_proj_weight,7.63108945e-03,3.00000000e-03,5.553751
300,blocks.0.attn.in_proj_bias,1.09734612e-02,3.00000000e-03,5.553751
300,blocks.0.attn.out_proj.weight,6.68584294e-03,3.00000000e-03,5.553751
300,blocks.0.attn.out_proj.bias,1.14676222e-02,3.00000000e-03,5.553751
300,blocks.0.ln2.weight,8.09835363e-04,3.00000000e-03,5.553751
300,blocks.0.ln2.bias,1.75995781e-02,3.00000000e-03,5.553751
300,blocks.0.mlp.0.weight,8.16363716e-03,3.00000000e-03,5.553751
300,blocks.0.mlp.0.bias,7.34781654e-03,3.00000000e-03,5.553751
300,blocks.0.mlp.2.weight,1.20044858e-02,3.00000000e-03,5.553751
300,blocks.0.mlp.2.bias,1.06651182e-02,3.00000000e-03,5.553751
300,blocks.1.ln1.weight,5.40912257e-04,3.00000000e-03,5.553751
300,blocks.1.ln1.bias,5.81911581e-03,3.00000000e-03,5.553751
300,blocks.1.attn.in_proj_weight,6.69003643e-03,3.00000000e-03,5.553751
300,blocks.1.attn.in_proj_bias,1.34808617e-02,3.00000000e-03,5.553751
300,blocks.1.attn.out_proj.weight,7.35792976e-03,3.00000000e-03,5.553751
300,blocks.1.attn.out_proj.bias,1.39072117e-02,3.00000000e-03,5.553751
300,blocks.1.ln2.weight,1.02860237e-03,3.00000000e-03,5.553751
300,blocks.1.ln2.bias,2.72408277e-02,3.00000000e-03,5.553751
300,blocks.1.mlp.0.weight,8.19683696e-03,3.00000000e-03,5.553751
300,blocks.1.mlp.0.bias,9.19272242e-03,3.00000000e-03,5.553751
300,blocks.1.mlp.2.weight,1.19726378e-02,3.00000000e-03,5.553751
300,blocks.1.mlp.2.bias,1.13146448e-02,3.00000000e-03,5.553751
300,ln_f.weight,1.26628106e-03,3.00000000e-03,5.553751
300,ln_f.bias,5.85933147e-03,3.00000000e-03,5.553751
300,lm_head.weight,1.06795142e-02,3.00000000e-03,5.553751
